-- phpMyAdmin SQL Dump
-- version 5.2.1deb3
-- https://www.phpmyadmin.net/
--
-- Host: localhost:3306
-- Generation Time: May 08, 2025 at 04:06 AM
-- Server version: 8.0.42-0ubuntu0.24.04.1
-- PHP Version: 8.3.6

SET SQL_MODE = "NO_AUTO_VALUE_ON_ZERO";
START TRANSACTION;
SET time_zone = "+00:00";


/*!40101 SET @OLD_CHARACTER_SET_CLIENT=@@CHARACTER_SET_CLIENT */;
/*!40101 SET @OLD_CHARACTER_SET_RESULTS=@@CHARACTER_SET_RESULTS */;
/*!40101 SET @OLD_COLLATION_CONNECTION=@@COLLATION_CONNECTION */;
/*!40101 SET NAMES utf8mb4 */;

--
-- Database: `cadooga`
--

-- --------------------------------------------------------

--
-- Table structure for table `2fa_authentications`
--

CREATE TABLE `2fa_authentications` (
  `id` int NOT NULL,
  `user_id` int DEFAULT NULL,
  `otp` int DEFAULT NULL,
  `expire_at` datetime DEFAULT NULL,
  `is_used` tinyint(1) DEFAULT '0',
  `created_at` datetime NOT NULL,
  `updated_at` datetime NOT NULL,
  `deleted_at` datetime DEFAULT NULL
) ENGINE=InnoDB DEFAULT CHARSET=utf8mb4 COLLATE=utf8mb4_0900_ai_ci;

-- --------------------------------------------------------

--
-- Table structure for table `api_tokens`
--

CREATE TABLE `api_tokens` (
  `id` int NOT NULL,
  `token` text NOT NULL,
  `fcm_token` longtext CHARACTER SET utf8mb4 COLLATE utf8mb4_0900_ai_ci,
  `user_id` int DEFAULT NULL,
  `device_id` varchar(255) DEFAULT NULL,
  `user_agent` varchar(255) DEFAULT NULL,
  `is_active` tinyint(1) NOT NULL DEFAULT '0',
  `platform` longtext CHARACTER SET utf8mb4 COLLATE utf8mb4_0900_ai_ci,
  `created_at` datetime NOT NULL DEFAULT CURRENT_TIMESTAMP,
  `updated_at` datetime DEFAULT CURRENT_TIMESTAMP ON UPDATE CURRENT_TIMESTAMP,
  `deleted_at` datetime DEFAULT NULL
) ENGINE=InnoDB DEFAULT CHARSET=utf8mb4 COLLATE=utf8mb4_0900_ai_ci;

--
-- Dumping data for table `api_tokens`
--

INSERT INTO `api_tokens` (`id`, `token`, `fcm_token`, `user_id`, `device_id`, `user_agent`, `is_active`, `platform`, `created_at`, `updated_at`, `deleted_at`) VALUES
(1, 'eyJhbGciOiJIUzI1NiIsInR5cCI6IkpXVCJ9.eyJpZCI6MSwiaWF0IjoxNzI5NjcxNDkxfQ.ij2is5uRDfA1E5PIZUyTmoSvU2Tgz93R1qo9WjDwfd4', NULL, 1, NULL, NULL, 1, 'android', '2024-10-23 07:29:54', '2024-10-23 07:29:54', NULL),
(2, 'eyJhbGciOiJIUzI1NiIsInR5cCI6IkpXVCJ9.eyJpZCI6MiwiaWF0IjoxNzI5Njc4NDQ1fQ.MGQi0bGWWL1h7cY55Vn8eRGlAtpPU9L0gM1wu2FoXR8', NULL, 2, NULL, NULL, 1, NULL, '2024-10-23 07:29:54', '2024-10-23 07:29:54', NULL),
(3, 'eyJhbGciOiJIUzI1NiIsInR5cCI6IkpXVCJ9.eyJpZCI6MywiaWF0IjoxNzI5Njc4ODU5fQ.Hyu9Xmumd9XFcjH_diRKKvcWTFY0DKD8WEGAlb--mgo', NULL, 3, NULL, NULL, 1, NULL, '2024-10-23 07:29:54', '2024-10-23 07:29:54', NULL),
(4, 'eyJhbGciOiJIUzI1NiIsInR5cCI6IkpXVCJ9.eyJpZCI6NCwiaWF0IjoxNzI5Njc5MTA4fQ.4otNZC68EJ4tDZZn7GC1A7AVbSd0YJJMcLIayin42QQ', NULL, 4, NULL, NULL, 1, NULL, '2024-10-23 07:29:54', '2024-10-23 07:29:54', NULL),
(6, 'eyJhbGciOiJIUzI1NiIsInR5cCI6IkpXVCJ9.eyJpZCI6NiwiaWF0IjoxNzI5Njc5MjU4fQ.Bnt4W65MadY_AV1OWuydWEXCjxIkHks71GSKOjEW4E0', NULL, 6, NULL, NULL, 1, NULL, '2024-10-23 10:25:16', '2024-10-23 10:25:16', NULL),
(7, 'eyJhbGciOiJIUzI1NiIsInR5cCI6IkpXVCJ9.eyJpZCI6NywiaWF0IjoxNzI5Njc5MzU5fQ.z8tDuVJqvUUbHS1r4g7GPZ1ZRHdm1nL1gx6wVHQ8i1w', NULL, 7, NULL, NULL, 1, NULL, '2024-10-23 10:25:16', '2024-10-23 10:25:16', NULL),
(8, 'eyJhbGciOiJIUzI1NiIsInR5cCI6IkpXVCJ9.eyJpZCI6OCwiaWF0IjoxNzI5Njc5NDg5fQ.ck3srk7ti_z9rQZLbP143Ljrbv84Gxg4AhdwNprILZ8', NULL, 8, NULL, NULL, 1, NULL, '2024-10-23 10:25:16', '2024-10-23 10:25:16', NULL),
(9, 'eyJhbGciOiJIUzI1NiIsInR5cCI6IkpXVCJ9.eyJpZCI6OSwiaWF0IjoxNzI5Njc5ODk5fQ.g6G3CbcgKhIk64x68BsW1uVTACLnCpoaI5jY4km4k1M', NULL, 9, NULL, NULL, 1, NULL, '2024-10-23 10:25:16', '2024-10-23 10:25:16', NULL),
(10, 'eyJhbGciOiJIUzI1NiIsInR5cCI6IkpXVCJ9.eyJpZCI6MTAsImlhdCI6MTcyOTY3OTkxN30._fYbC6rfAJNOz0tvz8RsGP33iAdLuPeydzUPuPSQUyQ', NULL, 10, NULL, NULL, 1, NULL, '2024-10-23 10:25:16', '2024-10-23 10:25:16', NULL),
(11, 'eyJhbGciOiJIUzI1NiIsInR5cCI6IkpXVCJ9.eyJpZCI6MTEsImlhdCI6MTcyOTY4MDI2Nn0.g2RwtnDzIHBHRWnO1hv9A-4mWHR4vgCD47zPMfFDyDs', NULL, 11, NULL, NULL, 1, NULL, '2024-10-23 10:25:16', '2024-10-23 10:25:16', NULL),
(12, 'eyJhbGciOiJIUzI1NiIsInR5cCI6IkpXVCJ9.eyJpZCI6MTIsImlhdCI6MTcyOTY4MTEzN30.7R0AKZk2npF9DZUwFww0vcD9yBATCQpLSV5CmQDwP4o', NULL, 12, NULL, NULL, 1, NULL, '2024-10-23 10:25:16', '2024-10-23 10:25:16', NULL),
(13, 'eyJhbGciOiJIUzI1NiIsInR5cCI6IkpXVCJ9.eyJpZCI6MTMsImlhdCI6MTcyOTY4MTk5OX0.uohn2UhiaZZ8kdRMwLjidsNfZio_x5e8ey4ChK5N9lM', NULL, 13, NULL, NULL, 1, NULL, '2024-10-23 10:25:16', '2024-10-23 10:25:16', NULL),
(14, 'eyJhbGciOiJIUzI1NiIsInR5cCI6IkpXVCJ9.eyJpZCI6MTQsImlhdCI6MTcyOTY4MjA5NX0.EqoxmTA0jbzpY5SR4s5EAk00v9OWgEfA-ZYBbyAQ884', NULL, 14, NULL, NULL, 1, NULL, '2024-10-23 10:25:16', '2024-10-23 10:25:16', NULL),
(15, 'eyJhbGciOiJIUzI1NiIsInR5cCI6IkpXVCJ9.eyJpZCI6MTUsImlhdCI6MTcyOTY4MjE3MX0.M5-koICBmdpyfBdPHTVrh-DRAanLkLk51N8XuKkhV5c', NULL, 15, NULL, NULL, 1, NULL, '2024-10-23 10:25:16', '2024-10-23 10:25:16', NULL),
(16, 'eyJhbGciOiJIUzI1NiIsInR5cCI6IkpXVCJ9.eyJpZCI6MTYsImlhdCI6MTcyOTY4MzA4Mn0.hQpYr2jrjfzuFsvDUC3gnmdp4zf3wRs6nMDLwIWahPU', NULL, 16, NULL, NULL, 1, NULL, '2024-10-23 10:25:16', '2024-10-23 10:25:16', NULL),
(17, 'eyJhbGciOiJIUzI1NiIsInR5cCI6IkpXVCJ9.eyJpZCI6MTcsImlhdCI6MTcyOTY4NDM3MX0.5h6YWAsjRNyvFWiixEApUiG-PzALoAeCSncgJDhXukw', NULL, 17, NULL, NULL, 1, NULL, '2024-10-23 10:25:16', '2024-10-23 10:25:16', NULL),
(18, 'eyJhbGciOiJIUzI1NiIsInR5cCI6IkpXVCJ9.eyJpZCI6MTgsImlhdCI6MTcyOTY4NTIyNH0.NwgUow7S5mCkoV31SvlAfXXJ7vyvCtnycEGgfXmt5XI', NULL, 18, NULL, NULL, 1, NULL, '2024-10-23 10:25:16', '2024-10-23 10:25:16', NULL),
(19, 'eyJhbGciOiJIUzI1NiIsInR5cCI6IkpXVCJ9.eyJpZCI6MTksImlhdCI6MTcyOTY4NTQxMn0.KDRUX_drMHHub5Kdrjsb9gcDmFdSozQffXRf8Tb8H2s', NULL, 19, NULL, NULL, 1, NULL, '2024-10-23 10:25:16', '2024-10-23 10:25:16', NULL),
(20, 'eyJhbGciOiJIUzI1NiIsInR5cCI6IkpXVCJ9.eyJpZCI6MjAsImlhdCI6MTcyOTY4NTczOH0.9IPy4spJxOrjXmO7VjHrOF36M-z1KIT68aJiQL4B3o8', NULL, 20, NULL, NULL, 1, NULL, '2024-10-23 10:25:16', '2024-10-23 10:25:16', NULL),
(21, 'eyJhbGciOiJIUzI1NiIsInR5cCI6IkpXVCJ9.eyJpZCI6MjEsImlhdCI6MTcyOTY4NzM0Mn0.vWiBD4d98r97qkxTWVWcqZpGxNQ5CQhT6PiKbcp02uM', NULL, 21, NULL, NULL, 1, NULL, '2024-10-23 10:25:16', '2024-10-23 10:25:16', NULL),
(22, 'eyJhbGciOiJIUzI1NiIsInR5cCI6IkpXVCJ9.eyJpZCI6MjIsImlhdCI6MTcyOTY4ODExMX0.inkf35qY_MhkvZTx0J1T7NGNbIlc2t8NAnv2eRCpGmo', NULL, 22, NULL, NULL, 1, NULL, '2024-10-23 10:25:16', '2024-10-23 10:25:16', NULL),
(23, 'eyJhbGciOiJIUzI1NiIsInR5cCI6IkpXVCJ9.eyJpZCI6MjMsImlhdCI6MTcyOTY4OTgwM30.ShuINO36ScVZ9JYumXdkVoCOtm9OguLJRt-4AxngAMM', NULL, 23, NULL, NULL, 1, NULL, '2024-10-23 10:25:16', '2024-10-23 10:25:16', NULL),
(24, 'eyJhbGciOiJIUzI1NiIsInR5cCI6IkpXVCJ9.eyJpZCI6MjQsImVtYWlsIjoiR2FnYW5AeW9wbWFpbC5jb20iLCJpYXQiOjE3NDYxOTExNTh9.vk8-k-vsuP-Ma8rIBM3GkEglz3Wt0d6o6oVCDI1PEz4', 'cOVoIxSDwU9Rq3cxOmohJm:APA91bEOEK2RfotDjaBTwpy8z_VhNreJqc-VqlsHLibQywFFcUEH2b1pvXn_226TqihAOgg36-Ry71pQ1Qeg4rkflbqY7An3uFLdJMX79k6A_oZza8EnyY0', NULL, NULL, 'Cadooga/37 CFNetwork/3826.500.111.2.2 Darwin/24.4.0', 1, NULL, '2024-10-23 10:25:16', '2025-05-02 08:24:17', NULL),
(25, 'eyJhbGciOiJIUzI1NiIsInR5cCI6IkpXVCJ9.eyJpZCI6MjUsImlhdCI6MTcyOTY5NDkwNH0.Mswj5oLgWLdaNHMQxk2LICmriANWD7DQ5gJakcttYBE', NULL, 25, NULL, NULL, 1, NULL, '2024-10-23 10:25:16', '2024-10-23 10:25:16', NULL),
(26, 'eyJhbGciOiJIUzI1NiIsInR5cCI6IkpXVCJ9.eyJpZCI6MjYsImlhdCI6MTcyOTY5NTI1OH0.qrgXgIE1AjcRB4D0YffMBy1my-8BrtXZuYOv6bMV_JY', NULL, 26, NULL, NULL, 1, NULL, '2024-10-23 10:25:16', '2024-10-23 10:25:16', NULL),
(27, 'eyJhbGciOiJIUzI1NiIsInR5cCI6IkpXVCJ9.eyJpZCI6MjcsImlhdCI6MTcyOTY5NTc1OX0.tBBPAjNbhPbXLRxCYnGMx5gILunSY51KfDvumBM3wWk', NULL, 27, NULL, NULL, 1, NULL, '2024-10-23 10:25:16', '2024-10-23 10:25:16', NULL),
(28, 'eyJhbGciOiJIUzI1NiIsInR5cCI6IkpXVCJ9.eyJpZCI6MjgsImVtYWlsIjoiUHJhdGltYUB5b3BtYWlsLmNvbSIsImlhdCI6MTczMTMwODM5MX0.rJ2t1lFI60N_OqlveDqBlLcIc56x1tZhnyeG4Tel4M0', NULL, 28, NULL, 'okhttp/4.12.0', 1, NULL, '2024-10-23 10:25:16', '2024-11-11 08:23:36', NULL),
(29, 'eyJhbGciOiJIUzI1NiIsInR5cCI6IkpXVCJ9.eyJpZCI6MjksImlhdCI6MTcyOTc0ODIxNn0.N_1_N1LrRryDq5K-XPHpWUfFKQuxWzBaLU5RHisPTUM', NULL, 29, NULL, NULL, 1, NULL, '2024-10-23 10:25:16', '2024-10-23 10:25:16', NULL),
(30, 'eyJhbGciOiJIUzI1NiIsInR5cCI6IkpXVCJ9.eyJpZCI6MzAsImlhdCI6MTcyOTc0ODI3NX0.f5Yc9bltPFXZdW_2xuDuvrjZjXWn8pdIZ7cQsEQyoMA', NULL, 30, NULL, NULL, 1, NULL, '2024-10-23 10:25:16', '2024-10-23 10:25:16', NULL),
(31, 'eyJhbGciOiJIUzI1NiIsInR5cCI6IkpXVCJ9.eyJpZCI6MzEsImlhdCI6MTcyOTc0ODQwNn0.rXPUEhjUTitdAtRADJga3R8-umjdG_spOneNVhbFOu4', NULL, 31, NULL, NULL, 1, NULL, '2024-10-23 10:25:16', '2024-10-23 10:25:16', NULL),
(32, 'eyJhbGciOiJIUzI1NiIsInR5cCI6IkpXVCJ9.eyJpZCI6MzIsImlhdCI6MTcyOTc0ODQ1Mn0.PnrYQ1fRm4zPYPyqOnY-LD07Cxm0vLxg2YwLFvyNqDo', NULL, 32, NULL, NULL, 1, NULL, '2024-10-23 10:25:16', '2024-10-23 10:25:16', NULL),
(33, 'eyJhbGciOiJIUzI1NiIsInR5cCI6IkpXVCJ9.eyJpZCI6MzMsImlhdCI6MTcyOTc0ODYyMH0.pvXvsFWwzSdU7n0EFS393_OhXtNfWTvbTqePlAI2fOc', NULL, 33, NULL, NULL, 1, NULL, '2024-10-23 10:25:16', '2024-10-23 10:25:16', NULL),
(34, 'eyJhbGciOiJIUzI1NiIsInR5cCI6IkpXVCJ9.eyJpZCI6MzQsImlhdCI6MTcyOTc0ODYzMH0._rvFOdrzt1apyo4jaAvXslyfc4T7wh5gYi_rvQ6Lttk', NULL, 34, NULL, NULL, 1, NULL, '2024-10-23 10:25:16', '2024-10-23 10:25:16', NULL),
(35, 'eyJhbGciOiJIUzI1NiIsInR5cCI6IkpXVCJ9.eyJpZCI6MzUsImlhdCI6MTcyOTc0ODY0Nn0.0T54PK8s5icaTcIu8ACRGSqM4U9niz3mFuQiX53RB9M', NULL, 35, NULL, NULL, 1, NULL, '2024-10-23 10:25:16', '2024-10-23 10:25:16', NULL),
(36, 'eyJhbGciOiJIUzI1NiIsInR5cCI6IkpXVCJ9.eyJpZCI6MzYsImlhdCI6MTcyOTc0ODgwMn0.9T7fM-YIRyFznZOXqXJblG3Oc0yOmhSWhE_8LCiqjq0', NULL, 36, NULL, NULL, 1, NULL, '2024-10-23 10:25:16', '2024-10-23 10:25:16', NULL),
(37, 'eyJhbGciOiJIUzI1NiIsInR5cCI6IkpXVCJ9.eyJpZCI6MzcsImlhdCI6MTcyOTc0OTEzOX0.m9lI3BnTSu08__iqE94WcPbrWSvdha2xMiB6tn-jbL8', NULL, 37, NULL, NULL, 1, NULL, '2024-10-23 10:25:16', '2024-10-23 10:25:16', NULL),
(38, 'eyJhbGciOiJIUzI1NiIsInR5cCI6IkpXVCJ9.eyJpZCI6MzgsImlhdCI6MTcyOTc1MDY5MX0.rTMwTBDFb3o3vpqiQv_0pIAI9QJ4ASrJcsAB6YT1vug', NULL, 38, NULL, NULL, 1, NULL, '2024-10-23 10:25:16', '2024-10-23 10:25:16', NULL),
(39, 'eyJhbGciOiJIUzI1NiIsInR5cCI6IkpXVCJ9.eyJpZCI6MzksImlhdCI6MTcyOTc1MzE0N30.0VFFoMgqFsvZMTujxU3U0t9ntyJYJUYtAz5GGRbYPLk', NULL, 39, NULL, NULL, 1, NULL, '2024-10-23 10:25:16', '2024-10-23 10:25:16', NULL),
(40, 'eyJhbGciOiJIUzI1NiIsInR5cCI6IkpXVCJ9.eyJpZCI6NDAsImlhdCI6MTcyOTc1NDA4Mn0.D7x1S38R6AtZiGeQJMA5Xx2uEU9TOHyA8pPAZRpXMuA', NULL, 40, NULL, NULL, 1, NULL, '2024-10-23 10:25:16', '2024-10-23 10:25:16', NULL),
(41, 'eyJhbGciOiJIUzI1NiIsInR5cCI6IkpXVCJ9.eyJpZCI6NDEsImlhdCI6MTcyOTc1NDMxNX0.MMBKYDxQHLwVzFp1LnK0ZzVXbjElnespFambx6S87jQ', NULL, 41, NULL, NULL, 1, NULL, '2024-10-23 10:25:16', '2024-10-23 10:25:16', NULL),
(42, 'eyJhbGciOiJIUzI1NiIsInR5cCI6IkpXVCJ9.eyJpZCI6NDIsImlhdCI6MTcyOTc1NjU0N30.JK4CHBwaiSZv8BUyOaOZKIFkW3-9HYCKJWn7AAfPvRM', NULL, 42, NULL, NULL, 1, NULL, '2024-10-23 10:25:16', '2024-10-23 10:25:16', NULL),
(43, 'eyJhbGciOiJIUzI1NiIsInR5cCI6IkpXVCJ9.eyJpZCI6NDMsImlhdCI6MTcyOTc1Njc4M30.T1IkRz3Z5yNSqQ-rxJt24S1cJes9Cn3RfIc-h0wxWlw', NULL, 43, NULL, NULL, 1, NULL, '2024-10-23 10:25:16', '2024-10-23 10:25:16', NULL),
(44, 'eyJhbGciOiJIUzI1NiIsInR5cCI6IkpXVCJ9.eyJpZCI6NDQsImlhdCI6MTcyOTc2MzI3NH0.el8_ib7mRfu3lH8pUrEPy0vtSs99qFtifwXkJ0psn48', NULL, 44, NULL, NULL, 1, NULL, '2024-10-23 10:25:16', '2024-10-23 10:25:16', NULL),
(45, 'eyJhbGciOiJIUzI1NiIsInR5cCI6IkpXVCJ9.eyJpZCI6NDUsImlhdCI6MTcyOTc2NDk4M30.JuojhttaEzkZeXJzqBvH6Vg5MRtebnTEC1Cuww1CHpA', NULL, 45, NULL, NULL, 1, NULL, '2024-10-23 10:25:16', '2024-10-23 10:25:16', NULL),
(46, 'eyJhbGciOiJIUzI1NiIsInR5cCI6IkpXVCJ9.eyJpZCI6NDYsImlhdCI6MTcyOTc2NjExNH0.BUTYuZLw0VjMtKCXQbjMdEtuuRSAGff0WgBN0sJCk-0', NULL, 46, NULL, NULL, 1, NULL, '2024-10-23 10:25:16', '2024-10-23 10:25:16', NULL),
(47, 'eyJhbGciOiJIUzI1NiIsInR5cCI6IkpXVCJ9.eyJpZCI6NDcsImlhdCI6MTcyOTc2ODU0MH0.6NCr1sQ2v34z_O4TyV60nA4qOLO5NZpMh1JMNBqHXoU', 'jhsdgshgdhgshgdjhgsghdfdfdfdf', 47, NULL, NULL, 1, 'andriod', '2024-10-24 10:57:33', '2024-10-24 10:57:33', NULL),
(48, 'eyJhbGciOiJIUzI1NiIsInR5cCI6IkpXVCJ9.eyJpZCI6NDgsImlhdCI6MTcyOTc2ODU4N30.b_Vanhfcz-QlTixNAKzMUR_ey2Yw0b5pD795XLoo1Bo', NULL, 48, NULL, NULL, 1, NULL, '2024-10-24 10:57:33', '2024-10-24 10:57:33', NULL),
(49, 'eyJhbGciOiJIUzI1NiIsInR5cCI6IkpXVCJ9.eyJpZCI6NDksImlhdCI6MTcyOTc2OTM4OX0.jUg5uNjCNz7UdHREAu2koLbHkyi7WjCCHfbhZva9ChE', 'kjahskjghkjash', 49, NULL, NULL, 1, 'android', '2024-10-24 10:57:33', '2024-10-24 10:57:33', NULL),
(50, 'eyJhbGciOiJIUzI1NiIsInR5cCI6IkpXVCJ9.eyJpZCI6NTAsImlhdCI6MTcyOTc3MzMzNn0.Y957lZOEeoajOPkEKYVtPtK52ag6H26s40wKoa8T8pA', 'kjahskjghkjash', 50, NULL, NULL, 1, 'android', '2024-10-24 11:53:04', '2024-10-24 11:53:04', NULL),
(51, 'eyJhbGciOiJIUzI1NiIsInR5cCI6IkpXVCJ9.eyJpZCI6NTEsImlhdCI6MTcyOTc3MzQ2OH0.Pd1pcm5emikMjpWCIgLQARvGgcEswwQjES5XlOSUPAw', 'kjahskjghkjash', 51, NULL, NULL, 1, 'android', '2024-10-24 11:53:04', '2024-10-24 11:53:04', NULL),
(52, 'eyJhbGciOiJIUzI1NiIsInR5cCI6IkpXVCJ9.eyJpZCI6NTIsImlhdCI6MTcyOTc3MzY1OX0.t8Wm2NbMXs5keDH4528QNsehuaj_dRsA-ygEyS6gPBk', 'kjahskjghkjash', 52, NULL, NULL, 1, 'android', '2024-10-24 11:53:04', '2024-10-24 11:53:04', NULL),
(53, 'eyJhbGciOiJIUzI1NiIsInR5cCI6IkpXVCJ9.eyJpZCI6NTMsImlhdCI6MTcyOTc3NDE3OX0.PMyrjxzrxQCLNGcvQtOy81I6LUEyYnuQysMF2xI8rIo', 'kjahskjghkjash', 53, NULL, NULL, 1, 'android', '2024-10-24 11:53:04', '2024-10-24 11:53:04', NULL),
(54, 'eyJhbGciOiJIUzI1NiIsInR5cCI6IkpXVCJ9.eyJpZCI6NTQsImlhdCI6MTcyOTc3NDQ2M30.aUpbw2J4-9Na7bGeTEPSC1kYnBrtavW38jkbecTMOsw', 'kjahskjghkjash', 54, NULL, NULL, 1, 'android', '2024-10-24 11:53:04', '2024-10-24 11:53:04', NULL),
(55, 'eyJhbGciOiJIUzI1NiIsInR5cCI6IkpXVCJ9.eyJpZCI6NTUsImlhdCI6MTcyOTc3NDUwMX0.yhC5Erbn-s6VS5y8mUc_ZmNOzDU_qtfcEiPiTrhSCf0', 'kjahskjghkjash', 55, NULL, NULL, 1, 'android', '2024-10-24 11:53:04', '2024-10-24 11:53:04', NULL),
(56, 'eyJhbGciOiJIUzI1NiIsInR5cCI6IkpXVCJ9.eyJpZCI6NTYsImlhdCI6MTcyOTc3NDYwNH0.mUzm17K6gidUtC85tdX4onmRxI0Kc7ZFrhig8RQtaMw', 'kjahskjghkjash', 56, NULL, NULL, 1, 'android', '2024-10-24 11:53:04', '2024-10-24 11:53:04', NULL),
(57, 'eyJhbGciOiJIUzI1NiIsInR5cCI6IkpXVCJ9.eyJpZCI6NTcsImlhdCI6MTcyOTc3NDY0MH0.gCuwH7h6nLKmdTBSVQDntZ_e0fd6bK6ywEDb_a-wuFM', 'kjahskjghkjash', 57, NULL, NULL, 1, 'android', '2024-10-24 11:53:04', '2024-10-24 11:53:04', NULL),
(58, 'eyJhbGciOiJIUzI1NiIsInR5cCI6IkpXVCJ9.eyJpZCI6NTgsImlhdCI6MTcyOTc3NDgwOH0.RGL2mN25MbMG0_rBbRyB9E_x3cGGFALotH9ll_hQXYc', 'kjahskjghkjash', 58, NULL, NULL, 1, 'android', '2024-10-24 11:53:04', '2024-10-24 11:53:04', NULL),
(59, 'eyJhbGciOiJIUzI1NiIsInR5cCI6IkpXVCJ9.eyJpZCI6NTksImlhdCI6MTcyOTc3NDk2M30._xl8APA78Yeang5FmNr6lGf95sKs2inmaseE-kujnQQ', 'kjahskjghkjash', 59, NULL, NULL, 1, 'android', '2024-10-24 11:53:04', '2024-10-24 11:53:04', NULL),
(60, 'eyJhbGciOiJIUzI1NiIsInR5cCI6IkpXVCJ9.eyJpZCI6NjAsImlhdCI6MTcyOTc3NTAyMn0.XL8XP5xqcSRLX0ZQNfln0z5KbrkL5_IJArLC_NdMTSE', 'kjahskjghkjash', 60, NULL, NULL, 1, 'android', '2024-10-24 11:53:04', '2024-10-24 11:53:04', NULL),
(61, 'eyJhbGciOiJIUzI1NiIsInR5cCI6IkpXVCJ9.eyJpZCI6NjEsImlhdCI6MTcyOTc3NTA1OH0.CCgwn919Xl9phh_jRCuS7efJVDCyGJ-zt35mJl8DOoI', 'kjahskjghkjash', 61, NULL, NULL, 1, 'android', '2024-10-24 11:53:04', '2024-10-24 11:53:04', NULL),
(62, 'eyJhbGciOiJIUzI1NiIsInR5cCI6IkpXVCJ9.eyJpZCI6NjIsImlhdCI6MTcyOTc3NTI1M30.NqG1IsJDQd_2fs3kOqVy5qk37pFvbF2jD0czPnKb9aU', 'kjahskjghkjash', 62, NULL, NULL, 1, 'android', '2024-10-24 11:53:04', '2024-10-24 11:53:04', NULL),
(63, 'eyJhbGciOiJIUzI1NiIsInR5cCI6IkpXVCJ9.eyJpZCI6NjMsImlhdCI6MTcyOTc3NTQyNX0.IdDgwUipXcfYFQndli43nMPxRQVKwRoBtv-nuhZLrk0', 'kjahskjghkjash', 63, NULL, NULL, 1, 'android', '2024-10-24 11:53:04', '2024-10-24 11:53:04', NULL),
(64, 'eyJhbGciOiJIUzI1NiIsInR5cCI6IkpXVCJ9.eyJpZCI6NjQsImlhdCI6MTcyOTc3NTg2Mn0.CfFERofrcarlx-2ygO_33d4ZRWelS0de64EkJHCAxm0', 'kjahskjghkjash', 64, NULL, NULL, 1, 'android', '2024-10-24 11:53:04', '2024-10-24 11:53:04', NULL),
(65, 'eyJhbGciOiJIUzI1NiIsInR5cCI6IkpXVCJ9.eyJpZCI6NjUsImlhdCI6MTcyOTc3NjQ0Mn0.0n-L6TtoVUh76TftFAtP-ynEQ6TaJtTzUMl8ro68yBY', 'kjahskjghkjash', 65, NULL, NULL, 1, 'android', '2024-10-24 11:53:04', '2024-10-24 11:53:04', NULL),
(66, 'eyJhbGciOiJIUzI1NiIsInR5cCI6IkpXVCJ9.eyJpZCI6NjYsImlhdCI6MTcyOTc4MTEzOX0.mT4bwmsFm72VtymyxQbEFcem4ro1fwIdmoCQt8qzQGY', 'kjahskjghkjash', 66, NULL, NULL, 1, 'android', '2024-10-24 13:56:55', '2024-10-24 13:56:55', NULL),
(67, 'eyJhbGciOiJIUzI1NiIsInR5cCI6IkpXVCJ9.eyJpZCI6NjcsImlhdCI6MTcyOTc4MTg3OX0.bnzHm0qRw7BS8PJRdueG3J5SfKngwnb2-gFkgcuqVwA', 'kjahskjghkjash', 67, NULL, NULL, 1, 'android', '2024-10-24 13:56:55', '2024-10-24 13:56:55', NULL),
(68, 'eyJhbGciOiJIUzI1NiIsInR5cCI6IkpXVCJ9.eyJpZCI6NjgsImlhdCI6MTcyOTc4MjA0Nn0.7LT1oYvR0iBProX_hmnM-kmMVkUtoOYwoeP4a0EZujw', 'kjahskjghkjash', 68, NULL, NULL, 1, 'android', '2024-10-24 13:56:55', '2024-10-24 13:56:55', NULL),
(69, 'eyJhbGciOiJIUzI1NiIsInR5cCI6IkpXVCJ9.eyJpZCI6NjksImlhdCI6MTcyOTc4MjQ2OX0.zklZKo3DZ9yJQw1xjXio2CpoPfAhRwWqCwKIx2M969g', 'kjahskjghkjash', 69, NULL, NULL, 1, 'android', '2024-10-24 13:56:55', '2024-10-24 13:56:55', NULL),
(70, 'eyJhbGciOiJIUzI1NiIsInR5cCI6IkpXVCJ9.eyJpZCI6NzAsImlhdCI6MTcyOTc4Mjg0NX0.8UK4_VuCamFLV2proO4-Yy9ppU2vAD-FPDYyzDMizCY', 'kjahskjghkjash', 70, NULL, NULL, 1, 'android', '2024-10-24 13:56:55', '2024-10-24 13:56:55', NULL),
(71, 'eyJhbGciOiJIUzI1NiIsInR5cCI6IkpXVCJ9.eyJpZCI6NzEsImlhdCI6MTcyOTkyNTc4MX0.g4GP3Si7OcGDUbyktO1fV_E1HCxEnX8BHhqciE4Fx0g', 'kjahskjghkjash', 71, NULL, NULL, 1, 'android', '2024-10-24 13:56:55', '2024-10-24 13:56:55', NULL),
(72, 'eyJhbGciOiJIUzI1NiIsInR5cCI6IkpXVCJ9.eyJpZCI6NzIsImlhdCI6MTcyOTkyNzk1NX0.y8BNFcWuwfls_-nNoe9DesaK-DiRouAhe7SdRay1pPk', 'kjahskjghkjash', 72, NULL, NULL, 1, 'android', '2024-10-24 13:56:55', '2024-10-24 13:56:55', NULL),
(73, 'eyJhbGciOiJIUzI1NiIsInR5cCI6IkpXVCJ9.eyJpZCI6NzMsImlhdCI6MTcyOTkyOTM1Nn0.ERS2ohrIr4R3qExIMa4iLak9CBhMKgVzggLxBtSZ2qc', 'kjahskjghkjash', 73, NULL, NULL, 1, 'android', '2024-10-24 13:56:55', '2024-10-24 13:56:55', NULL),
(74, 'eyJhbGciOiJIUzI1NiIsInR5cCI6IkpXVCJ9.eyJpZCI6NzQsImlhdCI6MTcyOTkzMDQ4NX0.unxYUpONIspEzvXElOlETbe4YE6Vg2V7qGFj8I2JD4Y', 'kjahskjghkjash', 74, NULL, NULL, 1, 'android', '2024-10-24 13:56:55', '2024-10-24 13:56:55', NULL),
(75, 'eyJhbGciOiJIUzI1NiIsInR5cCI6IkpXVCJ9.eyJpZCI6NzUsImVtYWlsIjoieW9nZXNoQHlvcG1haWwuY29tIiwiaWF0IjoxNzQ2MTkxMzc1fQ.nfyoyZ-DQ--WnG6RnirzdpDDus0nRdDkrNjGSVc7xGI', 'cOVoIxSDwU9Rq3cxOmohJm:APA91bEOEK2RfotDjaBTwpy8z_VhNreJqc-VqlsHLibQywFFcUEH2b1pvXn_226TqihAOgg36-Ry71pQ1Qeg4rkflbqY7An3uFLdJMX79k6A_oZza8EnyY0', 75, NULL, 'Cadooga/37 CFNetwork/3826.500.111.2.2 Darwin/24.4.0', 1, 'android', '2024-10-24 13:56:55', '2025-05-02 08:24:17', NULL),
(76, 'eyJhbGciOiJIUzI1NiIsInR5cCI6IkpXVCJ9.eyJpZCI6NzYsImlhdCI6MTcyOTkzNjQzNn0.bF_NVpKDLiTDHc5cNvCqswuYflO70wX59nsc8J9iJsk', 'kjahskjghkjash', 76, NULL, NULL, 1, 'android', '2024-10-24 13:56:55', '2024-10-24 13:56:55', NULL),
(77, 'eyJhbGciOiJIUzI1NiIsInR5cCI6IkpXVCJ9.eyJpZCI6NzcsImlhdCI6MTcyOTkzNzM4OH0.CGF09Y_q5eqHCTTZxoKt03o6jeLeIjN8_Qhjsq0xF_o', 'kjahskjghkjash', 77, NULL, NULL, 1, 'android', '2024-10-24 13:56:55', '2024-10-24 13:56:55', NULL),
(78, 'eyJhbGciOiJIUzI1NiIsInR5cCI6IkpXVCJ9.eyJpZCI6NzgsImlhdCI6MTcyOTkzODIwMn0.qX7cUSVVUn7k1Ih06VH3NWolF3FIYdGaVfYR7Qjl0pE', 'kjahskjghkjash', 78, NULL, NULL, 1, 'android', '2024-10-24 13:56:55', '2024-10-24 13:56:55', NULL),
(79, 'eyJhbGciOiJIUzI1NiIsInR5cCI6IkpXVCJ9.eyJpZCI6NzksImlhdCI6MTcyOTkzOTA0N30.jx82xkKKimXWE8HS9UcJ5CFN6GjofskloAdCh5hW7Bw', 'kjahskjghkjash', 79, NULL, NULL, 1, 'android', '2024-10-24 13:56:55', '2024-10-24 13:56:55', NULL),
(80, 'eyJhbGciOiJIUzI1NiIsInR5cCI6IkpXVCJ9.eyJpZCI6ODAsImlhdCI6MTcyOTk0MDAwM30.c8xZQ7m3gDSx1DO1Pyv7xXED5PBecMHz9zkxpDLx278', 'kjahskjghkjash', 80, NULL, NULL, 1, 'android', '2024-10-24 13:56:55', '2024-10-24 13:56:55', NULL),
(81, 'eyJhbGciOiJIUzI1NiIsInR5cCI6IkpXVCJ9.eyJpZCI6ODEsImlhdCI6MTcyOTk0MDYzMX0.1dp7NoeyQCK9XDhH45GXw9thR-KWEA47DqL0TDjTMN0', 'kjahskjghkjash', 81, NULL, NULL, 1, 'android', '2024-10-24 13:56:55', '2024-10-24 13:56:55', NULL),
(82, 'eyJhbGciOiJIUzI1NiIsInR5cCI6IkpXVCJ9.eyJpZCI6ODIsImlhdCI6MTcyOTk0MDY3NH0.LIZlyErNJWhDbr6h8Yf4YC8YW3ac7fQuShADyDAIldM', 'kjahskjghkjash', 82, NULL, NULL, 1, 'android', '2024-10-24 13:56:55', '2024-10-24 13:56:55', NULL),
(83, 'eyJhbGciOiJIUzI1NiIsInR5cCI6IkpXVCJ9.eyJpZCI6ODMsImlhdCI6MTcyOTk0MTA1MH0.ggbP_kS5aT5N8YFMAwNcDxyiSCziYE8A5hU9MKZzjPI', 'kjahskjghkjash', 83, NULL, NULL, 1, 'android', '2024-10-24 13:56:55', '2024-10-24 13:56:55', NULL),
(84, 'eyJhbGciOiJIUzI1NiIsInR5cCI6IkpXVCJ9.eyJpZCI6ODQsImlhdCI6MTcyOTk0MTgzOX0.F9uVj-L6P-aWUKDfd27FPAL-ubfzQ2VUYbAHvAFt3Kw', 'kjahskjghkjash', 84, NULL, NULL, 1, 'android', '2024-10-24 13:56:55', '2024-10-24 13:56:55', NULL),
(85, 'eyJhbGciOiJIUzI1NiIsInR5cCI6IkpXVCJ9.eyJpZCI6ODUsImlhdCI6MTcyOTk0MjExNn0.L9ZgZXSBDSkqzlo_RHlpLGKk60hYRS3A77lKGG0UZgw', 'kjahskjghkjash', 85, NULL, NULL, 1, 'android', '2024-10-24 13:56:55', '2024-10-24 13:56:55', NULL),
(86, 'eyJhbGciOiJIUzI1NiIsInR5cCI6IkpXVCJ9.eyJpZCI6ODYsImlhdCI6MTcyOTk0MjQ1Nn0.Mbm0K7UZZyCl1LGKuVw8251ncneo_EgsvC4sV1Zc-0g', 'kjahskjghkjash', 86, NULL, NULL, 1, 'android', '2024-10-24 13:56:55', '2024-10-24 13:56:55', NULL),
(87, 'eyJhbGciOiJIUzI1NiIsInR5cCI6IkpXVCJ9.eyJpZCI6ODcsImlhdCI6MTcyOTk0MjY3M30.8Lfhr4DS7ZQHLT2xVpYjdy24yfgNLRcStlHTUTE6jR0', 'kjahskjghkjash', 87, NULL, NULL, 1, 'android', '2024-10-24 13:56:55', '2024-10-24 13:56:55', NULL),
(88, 'eyJhbGciOiJIUzI1NiIsInR5cCI6IkpXVCJ9.eyJpZCI6ODgsImlhdCI6MTcyOTk0Mzc4Mn0.K_KY_27Azkbp5tRjhUjrsfWG4Ib-Emg29Qf4tKZufjo', 'kjahskjghkjash', 88, NULL, NULL, 1, 'android', '2024-10-24 13:56:55', '2024-10-24 13:56:55', NULL),
(89, 'eyJhbGciOiJIUzI1NiIsInR5cCI6IkpXVCJ9.eyJpZCI6ODksImlhdCI6MTcyOTk0NDMxNX0.m-v4dVh57mmV2uRU77_flmT9y20h7NTyJQ6vOb2gM7E', 'kjahskjghkjash', 89, NULL, NULL, 1, 'android', '2024-10-24 13:56:55', '2024-10-24 13:56:55', NULL),
(90, 'eyJhbGciOiJIUzI1NiIsInR5cCI6IkpXVCJ9.eyJpZCI6OTAsImlhdCI6MTcyOTk0NDMyOH0.LV_DEGFbneQQw0wUfnvvotxXE1zWvIYNZuuqRrDVarQ', 'kjahskjghkjash', 90, NULL, NULL, 1, 'android', '2024-10-24 13:56:55', '2024-10-24 13:56:55', NULL),
(91, 'eyJhbGciOiJIUzI1NiIsInR5cCI6IkpXVCJ9.eyJpZCI6OTEsImlhdCI6MTcyOTk0NDcxNX0.YolR4wD7ErnAXYzmQKkQn36gwu6-0rnHy24PuGuZ1QU', 'kjahskjghkjash', 91, NULL, NULL, 1, 'android', '2024-10-24 13:56:55', '2024-10-24 13:56:55', NULL),
(92, 'eyJhbGciOiJIUzI1NiIsInR5cCI6IkpXVCJ9.eyJpZCI6OTIsImlhdCI6MTcyOTk0NTEzOH0.B1utEt86j1A_Gh0pwez9PYi0BFE-zOEO8mHwfJk7e6g', 'kjahskjghkjash', 92, NULL, NULL, 1, 'android', '2024-10-24 13:56:55', '2024-10-24 13:56:55', NULL),
(93, 'eyJhbGciOiJIUzI1NiIsInR5cCI6IkpXVCJ9.eyJpZCI6OTMsImlhdCI6MTcyOTk0NTY5M30.EKSg_51lkOFkaH4GmBHnysNuUvAyxrTB3gXoa3mXdps', 'kjahskjghkjash', 93, NULL, NULL, 1, 'android', '2024-10-24 13:56:55', '2024-10-24 13:56:55', NULL),
(94, 'eyJhbGciOiJIUzI1NiIsInR5cCI6IkpXVCJ9.eyJpZCI6OTQsImlhdCI6MTcyOTk0NjU1MH0.5obD2u5sBisnvoSXdn0QYxSQXIopBp34hXRyyezYL9w', 'kjahskjghkjash', 94, NULL, NULL, 1, 'android', '2024-10-24 13:56:55', '2024-10-24 13:56:55', NULL),
(95, 'eyJhbGciOiJIUzI1NiIsInR5cCI6IkpXVCJ9.eyJpZCI6OTUsImlhdCI6MTcyOTk0ODc3MX0.-Tp0QXbtufftB3eGOi1SGYZVDDPZ-Dh26HE2JpIGItc', 'kjahskjghkjash', 95, NULL, NULL, 1, 'android', '2024-10-24 13:56:55', '2024-10-24 13:56:55', NULL),
(96, 'eyJhbGciOiJIUzI1NiIsInR5cCI6IkpXVCJ9.eyJpZCI6OTYsImlhdCI6MTcyOTk0ODc4NH0.w_7LR9KGPwMpr9vYJnWa3-RL8y4TBJC5OjahenM6Huo', 'kjahskjghkjash', 96, NULL, NULL, 1, 'android', '2024-10-24 13:56:55', '2024-10-24 13:56:55', NULL),
(97, 'eyJhbGciOiJIUzI1NiIsInR5cCI6IkpXVCJ9.eyJpZCI6OTcsImlhdCI6MTczMDAyOTg0N30.5BgLagqhTUyVosiLkBF8fqJKYJ_a15luZXOAe3TNMTI', 'kjahskjghkjash', 97, NULL, NULL, 1, 'android', '2024-10-24 13:56:55', '2024-10-24 13:56:55', NULL),
(98, 'eyJhbGciOiJIUzI1NiIsInR5cCI6IkpXVCJ9.eyJpZCI6OTgsImlhdCI6MTczMDAzMDM2M30.a7O8fQKRkAybzPlJUwcF2y0_7aUX3dZZUhGKca6tH6o', 'kjahskjghkjash', 98, NULL, NULL, 1, 'android', '2024-10-24 13:56:55', '2024-10-24 13:56:55', NULL),
(99, 'eyJhbGciOiJIUzI1NiIsInR5cCI6IkpXVCJ9.eyJpZCI6OTksImlhdCI6MTczMDAzMDY0Mn0.nuYKtyJJV-h_3M3zYJvco--t2v95cy8tCMWL-ro1Jq4', 'kjahskjghkjash', 99, NULL, NULL, 1, 'android', '2024-10-24 13:56:55', '2024-10-24 13:56:55', NULL),
(100, 'eyJhbGciOiJIUzI1NiIsInR5cCI6IkpXVCJ9.eyJpZCI6MTAwLCJpYXQiOjE3MzAwMzIwNzV9.-3OUyB94nbHfbfhMS5us-LCycOBIMZYonHTC7anWDQQ', 'kjahskjghkjash', 100, NULL, NULL, 1, 'android', '2024-10-24 13:56:55', '2024-10-24 13:56:55', NULL),
(101, 'eyJhbGciOiJIUzI1NiIsInR5cCI6IkpXVCJ9.eyJpZCI6MTAxLCJpYXQiOjE3MzAwMzIxMDZ9.2ryO4Dt4kg977fUg1Pou9NJHhbuPOwvdNmz55I0ieyg', 'kjahskjghkjash', 101, NULL, NULL, 1, 'android', '2024-10-24 13:56:55', '2024-10-24 13:56:55', NULL),
(102, 'eyJhbGciOiJIUzI1NiIsInR5cCI6IkpXVCJ9.eyJpZCI6MTAyLCJpYXQiOjE3MzAwMzIyMjF9.3aQ3TAEiAZPAqK7AFeg3Z9Adje-CQwaY69NVBBj1210', 'kjahskjghkjash', 102, NULL, NULL, 1, 'android', '2024-10-24 13:56:55', '2024-10-24 13:56:55', NULL),
(103, 'eyJhbGciOiJIUzI1NiIsInR5cCI6IkpXVCJ9.eyJpZCI6MTAzLCJpYXQiOjE3MzAwMzIyODN9.fewdHGixzRcvwfbRBzV5ePzD0bqtYiNdNvqxC8-ntPI', 'kjahskjghkjash', 103, NULL, NULL, 1, 'android', '2024-10-24 13:56:55', '2024-10-24 13:56:55', NULL),
(104, 'eyJhbGciOiJIUzI1NiIsInR5cCI6IkpXVCJ9.eyJpZCI6MTA0LCJpYXQiOjE3MzAwMzMyODN9.estSy2qmBo46TbB0WgXFs_AvZfOIYUkIxd69Yz2XpeE', 'kjahskjghkjash', 104, NULL, NULL, 1, 'android', '2024-10-24 13:56:55', '2024-10-24 13:56:55', NULL),
(105, 'eyJhbGciOiJIUzI1NiIsInR5cCI6IkpXVCJ9.eyJpZCI6MTA1LCJpYXQiOjE3MzAwMzM1MDF9.b8ZG3rMQDrJFeJNoQOTpAOVRFinXyIkyavQ7nYovbEM', 'kjahskjghkjash', 105, NULL, NULL, 1, 'android', '2024-10-24 13:56:55', '2024-10-24 13:56:55', NULL),
(106, 'eyJhbGciOiJIUzI1NiIsInR5cCI6IkpXVCJ9.eyJpZCI6MTA2LCJpYXQiOjE3MzAwMzM4MDJ9.67GPPX8quN6vza-b2ABngMzNNxMkOlV3UTULaPHP_bM', 'kjahskjghkjash', 106, NULL, NULL, 1, 'android', '2024-10-24 13:56:55', '2024-10-24 13:56:55', NULL),
(107, 'eyJhbGciOiJIUzI1NiIsInR5cCI6IkpXVCJ9.eyJpZCI6MTA3LCJpYXQiOjE3MzAwMzU1NTJ9.lzg4hG5BmHofOnslfMrT_8kY01Dj5n7JD3i3l3KQa3g', 'kjahskjghkjash', 107, NULL, NULL, 1, 'android', '2024-10-24 13:56:55', '2024-10-24 13:56:55', NULL),
(108, 'eyJhbGciOiJIUzI1NiIsInR5cCI6IkpXVCJ9.eyJpZCI6MTA4LCJpYXQiOjE3MzAwMzU4NzR9.AE8Mt1B530YEl6XqmgZ4tfUjehUjfz_FTiX2yutuSpw', 'kjahskjghkjash', 108, NULL, NULL, 1, 'android', '2024-10-24 13:56:55', '2024-10-24 13:56:55', NULL),
(109, 'eyJhbGciOiJIUzI1NiIsInR5cCI6IkpXVCJ9.eyJpZCI6MTA5LCJlbWFpbCI6IlRlc3QxMkB5b3BtYWlsLmNvbSIsImlhdCI6MTczMDE4MDkxNn0.cFkokkKOh9J_4SigFW08KXq99psGu5WU1I3Bcz5UqOU', 'XXXXXXXXXXXXXXXXXXXXXXXXXXXXXXXXXXXXXXXXX', 109, NULL, 'okhttp/4.12.0', 1, 'android', '2024-10-24 13:56:55', '2024-10-28 11:05:59', NULL),
(110, 'eyJhbGciOiJIUzI1NiIsInR5cCI6IkpXVCJ9.eyJpZCI6MTEwLCJpYXQiOjE3MzAwOTE1Mzh9.g47Sq6HHux4vBDp45yjzAq2xu0N3_fuBl8RN9mH3bZA', 'kjahskjghkjash', 110, NULL, NULL, 1, 'android', '2024-10-24 13:56:55', '2024-10-24 13:56:55', NULL),
(111, 'eyJhbGciOiJIUzI1NiIsInR5cCI6IkpXVCJ9.eyJpZCI6MTExLCJlbWFpbCI6IlNoeWFtQHlvcG1haWwuY29tIiwiaWF0IjoxNzMwMDkyMTIyfQ.egTxLUgiNLRsEpdfgRNEp7LU9GHRt_z2pD66J9N2tck', 'XXXXXXXXXXXXXXXXXXXXXXXXXXXXXXXXXXXXXXXXX', 111, NULL, 'PostmanRuntime/7.42.0', 1, 'ios', '2024-10-24 13:56:55', '2024-10-24 13:56:55', NULL),
(112, 'eyJhbGciOiJIUzI1NiIsInR5cCI6IkpXVCJ9.eyJpZCI6MTEyLCJpYXQiOjE3MzAwOTMyNDh9.hbhBXSzW74QHYJ0ZSwfYWyJ5jbLVFKLRcRkE2wwV-qE', 'kjahskjghkjash', 112, NULL, NULL, 1, 'android', '2024-10-24 13:56:55', '2024-10-24 13:56:55', NULL),
(113, 'eyJhbGciOiJIUzI1NiIsInR5cCI6IkpXVCJ9.eyJpZCI6MTEzLCJpYXQiOjE3MzAwOTM0OTl9.upDPpnZ1It5e4H4wl1i8w4frEUImthGNHmVT-SCIG7g', 'kjahskjghkjash', 113, NULL, NULL, 1, 'android', '2024-10-24 13:56:55', '2024-10-24 13:56:55', NULL),
(114, 'eyJhbGciOiJIUzI1NiIsInR5cCI6IkpXVCJ9.eyJpZCI6MTE0LCJpYXQiOjE3MzAwOTQ0OTZ9.ghDJ8X3qdlVSWWoemh-2D45tsm0nKBovaRmrpaS2Boc', 'kjahskjghkjash', 114, NULL, NULL, 1, 'android', '2024-10-24 13:56:55', '2024-10-24 13:56:55', NULL),
(115, 'eyJhbGciOiJIUzI1NiIsInR5cCI6IkpXVCJ9.eyJpZCI6MTE1LCJpYXQiOjE3MzAwOTQ1ODN9.ndcy3iInetitdzDeo75ARtEVZaVyBjw1aEtHb-1Ofcw', 'kjahskjghkjash', 115, NULL, NULL, 1, 'android', '2024-10-24 13:56:55', '2024-10-24 13:56:55', NULL),
(116, 'eyJhbGciOiJIUzI1NiIsInR5cCI6IkpXVCJ9.eyJpZCI6MTE2LCJpYXQiOjE3MzAwOTQ4MTZ9.DX-8fmYMN5RnstuM-Cm0Y4uQM2_FDj3IfmPJsif0fPk', 'kjahskjghkjash', 116, NULL, NULL, 1, 'android', '2024-10-24 13:56:55', '2024-10-24 13:56:55', NULL),
(117, 'eyJhbGciOiJIUzI1NiIsInR5cCI6IkpXVCJ9.eyJpZCI6MTE3LCJpYXQiOjE3MzAwOTQ5MDR9.kINGsKb5AMPqshg1P11d-AuPWwQcntrpm002LxpzxZs', 'kjahskjghkjash', 117, NULL, NULL, 1, 'android', '2024-10-24 13:56:55', '2024-10-24 13:56:55', NULL),
(118, 'eyJhbGciOiJIUzI1NiIsInR5cCI6IkpXVCJ9.eyJpZCI6MTE4LCJpYXQiOjE3MzAwOTQ5Njl9.HPjaOTNLSVsuDUjQct3iCl5cVMqPYlXgSocHivKy8f4', 'kjahskjghkjash', 118, NULL, NULL, 1, 'android', '2024-10-24 13:56:55', '2024-10-24 13:56:55', NULL),
(119, 'eyJhbGciOiJIUzI1NiIsInR5cCI6IkpXVCJ9.eyJpZCI6MTE5LCJpYXQiOjE3MzAwOTUxMTd9.N7XpNONv9b3dQY7DrHJcC6mSN6lBxVrgv0BFtE8FQjw', 'kjahskjghkjash', 119, NULL, NULL, 1, 'android', '2024-10-24 13:56:55', '2024-10-24 13:56:55', NULL),
(120, 'eyJhbGciOiJIUzI1NiIsInR5cCI6IkpXVCJ9.eyJpZCI6MTIwLCJpYXQiOjE3MzAwOTUyODl9.3rtLMfGwsA7zKO4WHoUdHAwrA4s_48A5UDUCla03IL0', 'kjahskjghkjash', 120, NULL, NULL, 1, 'android', '2024-10-24 13:56:55', '2024-10-24 13:56:55', NULL),
(121, 'eyJhbGciOiJIUzI1NiIsInR5cCI6IkpXVCJ9.eyJpZCI6MTIxLCJpYXQiOjE3MzAwOTU3NTR9.etS7MKMuHVO_rTMnQPjQAjWDVkNh7qsjdP2cqCIfc9w', 'kjahskjghkjash', 121, NULL, NULL, 1, 'android', '2024-10-24 13:56:55', '2024-10-24 13:56:55', NULL),
(122, 'eyJhbGciOiJIUzI1NiIsInR5cCI6IkpXVCJ9.eyJpZCI6MTIyLCJpYXQiOjE3MzAwOTYwNzZ9.3RJfQC7s1_ricNAmq4uZbjpi_ggilmdbwL-VDkNCl9c', 'kjahskjghkjash', 122, NULL, NULL, 1, 'android', '2024-10-24 13:56:55', '2024-10-24 13:56:55', NULL),
(123, 'eyJhbGciOiJIUzI1NiIsInR5cCI6IkpXVCJ9.eyJpZCI6MTIzLCJpYXQiOjE3MzAwOTYxODF9.jyor_NFLPP16yuCeMJMkRhwQ7x34QxI3tlnYITmfgB0', 'kjahskjghkjash', 123, NULL, NULL, 1, 'android', '2024-10-24 13:56:55', '2024-10-24 13:56:55', NULL),
(124, 'eyJhbGciOiJIUzI1NiIsInR5cCI6IkpXVCJ9.eyJpZCI6MTI0LCJpYXQiOjE3MzAwOTYxOTJ9.yUmvpd5MpobID5BNsj3RKuS2cnhcNBEOdcr9IWDFf4I', 'kjahskjghkjash', 124, NULL, NULL, 1, 'android', '2024-10-24 13:56:55', '2024-10-24 13:56:55', NULL),
(125, 'eyJhbGciOiJIUzI1NiIsInR5cCI6IkpXVCJ9.eyJpZCI6MTI1LCJpYXQiOjE3MzAwOTY0MjJ9.AuTSWHBFhwbCzoiTxBC3vzjiBYtlvKfm-ROeC1ad9P0', 'kjahskjghkjash', 125, NULL, NULL, 1, 'android', '2024-10-24 13:56:55', '2024-10-24 13:56:55', NULL),
(126, 'eyJhbGciOiJIUzI1NiIsInR5cCI6IkpXVCJ9.eyJpZCI6MTI2LCJpYXQiOjE3MzAwOTY1OTZ9.7NGQ3ZoVy0I7rp3YGXkjmUkQG7CrOFBxS53dig4SrDw', 'kjahskjghkjash', 126, NULL, NULL, 1, 'android', '2024-10-24 13:56:55', '2024-10-24 13:56:55', NULL),
(127, 'eyJhbGciOiJIUzI1NiIsInR5cCI6IkpXVCJ9.eyJpZCI6MTI3LCJpYXQiOjE3MzAwOTY5ODh9.baJu7TeVoxJQlVKPNzoSB4Vr3AnPU9_5-12jEEsMcRg', 'kjahskjghkjash', 127, NULL, NULL, 1, 'android', '2024-10-24 13:56:55', '2024-10-24 13:56:55', NULL),
(128, 'eyJhbGciOiJIUzI1NiIsInR5cCI6IkpXVCJ9.eyJpZCI6MTI4LCJpYXQiOjE3MzAwOTc1MzB9.pMbat0nnwPhw-NcrIwrb6FdpBkewokYj4GZ8tb1pG_Y', 'kjahskjghkjash', 128, NULL, NULL, 1, 'android', '2024-10-24 13:56:55', '2024-10-24 13:56:55', NULL),
(129, 'eyJhbGciOiJIUzI1NiIsInR5cCI6IkpXVCJ9.eyJpZCI6MTI5LCJpYXQiOjE3MzAwOTc2MzF9.NzSyRguV3PxtLc2Rg_jxAjXUKnAIhRArwIVIrs3UHa0', 'kjahskjghkjash', 129, NULL, NULL, 1, 'android', '2024-10-24 13:56:55', '2024-10-24 13:56:55', NULL),
(130, 'eyJhbGciOiJIUzI1NiIsInR5cCI6IkpXVCJ9.eyJpZCI6MTMwLCJpYXQiOjE3MzAwOTgwMzd9.gEYg_o7RyvB1iFzQWr5FLbuzIIrSB0S8Lfa2QEeh7g4', 'kjahskjghkjash', 130, NULL, NULL, 1, 'android', '2024-10-24 13:56:55', '2024-10-24 13:56:55', NULL),
(131, 'eyJhbGciOiJIUzI1NiIsInR5cCI6IkpXVCJ9.eyJpZCI6MTMxLCJpYXQiOjE3MzAwOTgxMzV9.UNQAAlHgVi2ysMtevex7AI5jikQU76pWbb1w2t6lN78', 'kjahskjghkjash', 131, NULL, NULL, 1, 'android', '2024-10-24 13:56:55', '2024-10-24 13:56:55', NULL),
(132, 'eyJhbGciOiJIUzI1NiIsInR5cCI6IkpXVCJ9.eyJpZCI6MTMyLCJpYXQiOjE3MzAwOTg0NDF9.2us5TViFhCQTxZ_Qsr98oiHMYDMJGzMbH092VaugCWI', 'kjahskjghkjash', 132, NULL, NULL, 1, 'android', '2024-10-24 13:56:55', '2024-10-24 13:56:55', NULL),
(133, 'eyJhbGciOiJIUzI1NiIsInR5cCI6IkpXVCJ9.eyJpZCI6MTMzLCJpYXQiOjE3MzAwOTg2NjB9.QE2msdhl1uc-WQLywynEmwogwC69YURJ4JPw7r0QkMY', 'kjahskjghkjash', 133, NULL, NULL, 1, 'android', '2024-10-24 13:56:55', '2024-10-24 13:56:55', NULL),
(134, 'eyJhbGciOiJIUzI1NiIsInR5cCI6IkpXVCJ9.eyJpZCI6MTM0LCJpYXQiOjE3MzAwOTkwOTN9.TyHV90-vDE25Meu63zYuE741zw3MMWGSF5GGPnF84h0', 'kjahskjghkjash', 134, NULL, NULL, 1, 'android', '2024-10-24 13:56:55', '2024-10-24 13:56:55', NULL),
(135, 'eyJhbGciOiJIUzI1NiIsInR5cCI6IkpXVCJ9.eyJpZCI6MTM1LCJpYXQiOjE3MzAwOTkyNDF9.eeaQetevowzCVJuQBQk6QTKwUPBl0EXbT2mT-eEojsI', 'kjahskjghkjash', 135, NULL, NULL, 1, 'android', '2024-10-24 13:56:55', '2024-10-24 13:56:55', NULL),
(136, 'eyJhbGciOiJIUzI1NiIsInR5cCI6IkpXVCJ9.eyJpZCI6MTM2LCJpYXQiOjE3MzAwOTk2MTd9.td1VNFndDhc3tr89td2Vl8Fps6ufIcFPGDCgWu2WpDI', 'kjahskjghkjash', 136, NULL, NULL, 1, 'android', '2024-10-24 13:56:55', '2024-10-24 13:56:55', NULL),
(137, 'eyJhbGciOiJIUzI1NiIsInR5cCI6IkpXVCJ9.eyJpZCI6MTM3LCJpYXQiOjE3MzAxMDA0NjZ9.q1t8BIs-2WOAL3QngjYXIID5WFucujKTQX0C9PDNI1w', 'kjahskjghkjash', 137, NULL, NULL, 1, 'android', '2024-10-24 13:56:55', '2024-10-24 13:56:55', NULL),
(138, 'eyJhbGciOiJIUzI1NiIsInR5cCI6IkpXVCJ9.eyJpZCI6MTM4LCJpYXQiOjE3MzAxMDA1OTF9.8RKUlAktX2j_jvYaPf03pG96wAoxTAolLP5uLjSaae4', 'kjahskjghkjash', 138, NULL, NULL, 1, 'android', '2024-10-24 13:56:55', '2024-10-24 13:56:55', NULL),
(139, 'eyJhbGciOiJIUzI1NiIsInR5cCI6IkpXVCJ9.eyJpZCI6MTM5LCJpYXQiOjE3MzAxMDA2MjB9.HNvTjmSxjfKTVoKooss-SoQgkFOHbu1HBUwtRGZByPI', 'kjahskjghkjash', 139, NULL, NULL, 1, 'android', '2024-10-24 13:56:55', '2024-10-24 13:56:55', NULL),
(140, 'eyJhbGciOiJIUzI1NiIsInR5cCI6IkpXVCJ9.eyJpZCI6MTQwLCJpYXQiOjE3MzAxMDA3NjJ9.4fuJqx6mjB-SnEQ4EmRXRVnVUPId2aX50u7US10eoDc', 'kjahskjghkjash', 140, NULL, NULL, 1, 'android', '2024-10-24 13:56:55', '2024-10-24 13:56:55', NULL),
(141, 'eyJhbGciOiJIUzI1NiIsInR5cCI6IkpXVCJ9.eyJpZCI6MTQxLCJpYXQiOjE3MzAxMDA4MDF9.CV9yow0swb3kmWgfdqWT3aVH2lZWtdLFgUoUAxAf69E', 'kjahskjghkjash', 141, NULL, NULL, 1, 'android', '2024-10-24 13:56:55', '2024-10-24 13:56:55', NULL),
(142, 'eyJhbGciOiJIUzI1NiIsInR5cCI6IkpXVCJ9.eyJpZCI6MTQyLCJpYXQiOjE3MzAxMDMyNDd9.z_kznPu8zdXyXt8dZXY4zkgU9PqinGjXGxgnTr9ishU', 'kjahskjghkjash', 142, NULL, NULL, 1, 'android', '2024-10-24 13:56:55', '2024-10-24 13:56:55', NULL),
(143, 'eyJhbGciOiJIUzI1NiIsInR5cCI6IkpXVCJ9.eyJpZCI6MTQzLCJpYXQiOjE3MzAxMDMyOTR9.Ig0HXHi4NrmJwwnaT5hpQ0OEm0pOXmTDSJH2iwn9UQc', 'kjahskjghkjash', 143, NULL, NULL, 1, 'android', '2024-10-24 13:56:55', '2024-10-24 13:56:55', NULL),
(144, 'eyJhbGciOiJIUzI1NiIsInR5cCI6IkpXVCJ9.eyJpZCI6MTQ0LCJpYXQiOjE3MzAxMDM2OTZ9.M8tmwkeq9_ZZGTC7QSxiwYf7JO5agJoBIFuz-7xHx0s', 'kjahskjghkjash', 144, NULL, NULL, 1, 'android', '2024-10-24 13:56:55', '2024-10-24 13:56:55', NULL),
(145, 'eyJhbGciOiJIUzI1NiIsInR5cCI6IkpXVCJ9.eyJpZCI6MTQ1LCJpYXQiOjE3MzAxMDM4ODV9.od9ns_wjG606_nevMpy76iBAqy_Q8ix8erkrEvenaW4', 'kjahskjghkjash', 145, NULL, NULL, 1, 'android', '2024-10-24 13:56:55', '2024-10-24 13:56:55', NULL),
(146, 'eyJhbGciOiJIUzI1NiIsInR5cCI6IkpXVCJ9.eyJpZCI6MTQ2LCJpYXQiOjE3MzAxMDQwODZ9.y6Nm5mZoZhh0Z-fmdt_OvhKdPUNv0q2im_j-gTgK4GA', 'kjahskjghkjash', 146, NULL, NULL, 1, 'android', '2024-10-24 13:56:55', '2024-10-24 13:56:55', NULL),
(147, 'eyJhbGciOiJIUzI1NiIsInR5cCI6IkpXVCJ9.eyJpZCI6MTQ3LCJlbWFpbCI6Ik5ld3VzZXJAeW9wbWFpbC5jb20iLCJpYXQiOjE3MzAxMTYzMjJ9.2fyMqgfuhyz6iQjPnX_KkXE4EkiOjE0_3U8Eno_YgEI', 'XXXXXXXXXXXXXXXXXXXXXXXXXXXXXXXXXXXXXXXXX', 147, NULL, 'Cadooga/1 CFNetwork/1568.100.1 Darwin/24.0.0', 1, 'ios', '2024-10-24 13:56:55', '2024-10-28 11:05:59', NULL),
(149, 'eyJhbGciOiJIUzI1NiIsInR5cCI6IkpXVCJ9.eyJpZCI6MTQ5LCJpYXQiOjE3MzAxMTczOTN9.WDHzcvRSSmSfEfhqSfyvHeNyuibW_O7HwjIrhGygdXg', 'jhsdgshgdhgshgdjhgsghdfdfdfdf', 149, NULL, NULL, 1, 'andriod', '2024-10-28 11:05:59', '2024-10-28 11:05:59', NULL),
(150, 'eyJhbGciOiJIUzI1NiIsInR5cCI6IkpXVCJ9.eyJpZCI6MTUwLCJpYXQiOjE3MzAxMTk2NTV9.kqDuwTZS9MaYgFNR_iM4NUs8myK6-okLyJkTAYAQuno', 'kjahskjghkjash', 150, NULL, NULL, 1, 'android', '2024-10-28 11:05:59', '2024-10-28 11:05:59', NULL),
(151, 'eyJhbGciOiJIUzI1NiIsInR5cCI6IkpXVCJ9.eyJpZCI6MTUxLCJpYXQiOjE3MzAxMjAxNjl9.6-lDvTUAwX_D4UyinAAAMKReQXI_6bi7x5tCYjkwgZM', 'kjahskjghkjash', 151, NULL, NULL, 1, 'android', '2024-10-28 11:05:59', '2024-10-28 11:05:59', NULL),
(152, 'eyJhbGciOiJIUzI1NiIsInR5cCI6IkpXVCJ9.eyJpZCI6MTUyLCJpYXQiOjE3MzAxMjA2MDN9.yTn_cEOBMbzM9vFDl78m6A7hOtt0hHNDIaYmg3rL7bY', 'kjahskjghkjash', 152, NULL, NULL, 1, 'android', '2024-10-28 11:05:59', '2024-10-28 11:05:59', NULL),
(153, 'eyJhbGciOiJIUzI1NiIsInR5cCI6IkpXVCJ9.eyJpZCI6MTUzLCJpYXQiOjE3MzAxMjA4MDF9.bMByg8BBsRQTafY8H77-S7nzoN7cEYw3PC1mvl87zZY', 'kjahskjghkjash', 153, NULL, NULL, 1, 'android', '2024-10-28 11:05:59', '2024-10-28 11:05:59', NULL),
(154, 'eyJhbGciOiJIUzI1NiIsInR5cCI6IkpXVCJ9.eyJpZCI6MTU0LCJpYXQiOjE3MzAxMjIxNjR9.pqcRz1wr7bnNmoh-vEhY7bE29F6iFTnBvlXuvW-wkLk', 'kjahskjghkjash', 154, NULL, NULL, 1, 'android', '2024-10-28 11:05:59', '2024-10-28 11:05:59', NULL),
(155, 'eyJhbGciOiJIUzI1NiIsInR5cCI6IkpXVCJ9.eyJpZCI6MTU1LCJpYXQiOjE3MzAxMjI4Mzh9.gn29lJwtuxExETlyGvwryn3W2AV3uEHv_4wztTmG1qU', 'kjahskjghkjash', 155, NULL, NULL, 1, 'android', '2024-10-28 11:05:59', '2024-10-28 11:05:59', NULL),
(156, 'eyJhbGciOiJIUzI1NiIsInR5cCI6IkpXVCJ9.eyJpZCI6MTU2LCJpYXQiOjE3MzAxMjQ2NzR9.UWM3mAsq-yxnMGOxL4EY3_2bzKRQGl27xe6s2MCyzP4', 'kjahskjghkjash', 156, NULL, NULL, 1, 'android', '2024-10-28 11:05:59', '2024-10-28 11:05:59', NULL),
(157, 'eyJhbGciOiJIUzI1NiIsInR5cCI6IkpXVCJ9.eyJpZCI6MTU3LCJpYXQiOjE3MzAxMjQ3ODd9.35_kmCXlAnDCOtAlBUexPx-uNp03BSnnpaLDKs9Ahjc', 'kjahskjghkjash', 157, NULL, NULL, 1, 'android', '2024-10-28 11:05:59', '2024-10-28 11:05:59', NULL),
(158, 'eyJhbGciOiJIUzI1NiIsInR5cCI6IkpXVCJ9.eyJpZCI6MTU4LCJpYXQiOjE3MzAxMjUzMDl9.IuoyNQ3GJubgHlG0gfhXL5rRA6GEFvIX378yzSlEX_U', 'kjahskjghkjash', 158, NULL, NULL, 1, 'android', '2024-10-28 11:05:59', '2024-10-28 11:05:59', NULL),
(159, 'eyJhbGciOiJIUzI1NiIsInR5cCI6IkpXVCJ9.eyJpZCI6MTU5LCJpYXQiOjE3MzAxMjUzNDh9.1O50M68QQft4kyG66snBXgW6xItezKs0LJcfiiF1A7s', 'kjahskjghkjash', 159, NULL, NULL, 1, 'android', '2024-10-28 11:05:59', '2024-10-28 11:05:59', NULL),
(160, 'eyJhbGciOiJIUzI1NiIsInR5cCI6IkpXVCJ9.eyJpZCI6MTYwLCJpYXQiOjE3MzAxMjUzOTR9.b-Upkrbj6k1IOpAFaKhqZ_xNrpwqr7FQ0P277ENcDY8', 'kjahskjghkjash', 160, NULL, NULL, 1, 'android', '2024-10-28 11:05:59', '2024-10-28 11:05:59', NULL),
(161, 'eyJhbGciOiJIUzI1NiIsInR5cCI6IkpXVCJ9.eyJpZCI6MTYxLCJpYXQiOjE3MzAxMjY1NzR9.VRG3Zt6NS4LIWpQnvKBK8vbZEkBNWo2j-PgsUC8mhCM', 'kjahskjghkjash', 161, NULL, NULL, 1, 'android', '2024-10-28 11:05:59', '2024-10-28 11:05:59', NULL),
(162, 'eyJhbGciOiJIUzI1NiIsInR5cCI6IkpXVCJ9.eyJpZCI6MTYyLCJpYXQiOjE3MzAxMjY3NzZ9.cv13kB7eq6J47ohxj_FPmcnSBrhSf0CNgkXKhuikEys', 'kjahskjghkjash', 162, NULL, NULL, 1, 'android', '2024-10-28 11:05:59', '2024-10-28 11:05:59', NULL),
(163, 'eyJhbGciOiJIUzI1NiIsInR5cCI6IkpXVCJ9.eyJpZCI6MTYzLCJpYXQiOjE3MzAxMjY4ODN9.IgHTNhw49axjnPGC4aR0dghJuZPRuwa8nrGyI6W6K7U', 'kjahskjghkjash', 163, NULL, NULL, 1, 'android', '2024-10-28 11:05:59', '2024-10-28 11:05:59', NULL),
(164, 'eyJhbGciOiJIUzI1NiIsInR5cCI6IkpXVCJ9.eyJpZCI6MTY0LCJpYXQiOjE3MzAxNzQ4NjR9.rGFp2l9w2cJ-lxBYq2cZ2ras20N875xCw35w9zp0je0', 'kjahskjghkjash', 164, NULL, NULL, 1, 'android', '2024-10-28 11:05:59', '2024-10-28 11:05:59', NULL),
(165, 'eyJhbGciOiJIUzI1NiIsInR5cCI6IkpXVCJ9.eyJpZCI6MTY1LCJpYXQiOjE3MzAxNzU1MTR9.ccB_sb5A5IDiX1X3lab4tUizVWo1Nr5o2FmQ8mOjcMM', 'kjahskjghkjash', 165, NULL, NULL, 1, 'android', '2024-10-28 11:05:59', '2024-10-28 11:05:59', NULL),
(166, 'eyJhbGciOiJIUzI1NiIsInR5cCI6IkpXVCJ9.eyJpZCI6MTY2LCJpYXQiOjE3MzAxNzU2Mzd9.nDxv5OfdzaIDpmrYHgc6ALLO1R0HoHcMrlAco62F9jI', 'kjahskjghkjash', 166, NULL, NULL, 1, 'android', '2024-10-28 11:05:59', '2024-10-28 11:05:59', NULL),
(167, 'eyJhbGciOiJIUzI1NiIsInR5cCI6IkpXVCJ9.eyJpZCI6MTY3LCJpYXQiOjE3MzAxNzYxMTh9.EfLSqqpoLHo5vKj0myVbgjZF5fwI-qFnpWyu-XISy_M', 'kjahskjghkjash', 167, NULL, NULL, 1, 'android', '2024-10-28 11:05:59', '2024-10-28 11:05:59', NULL),
(168, 'eyJhbGciOiJIUzI1NiIsInR5cCI6IkpXVCJ9.eyJpZCI6MTY4LCJpYXQiOjE3MzAxNzcxMjN9.KhsX9-6Z4uYbKi15nlp9oZRYPxJXqGQhRPKSHXobTyg', 'kjahskjghkjash', 168, NULL, NULL, 1, 'android', '2024-10-28 11:05:59', '2024-10-28 11:05:59', NULL),
(169, 'eyJhbGciOiJIUzI1NiIsInR5cCI6IkpXVCJ9.eyJpZCI6MTY5LCJpYXQiOjE3MzAxNzcyMjZ9.UzT7Z6DA5rFF16yxqeN0_ofsz-fHOkpV_sD8nXrE9UA', 'kjahskjghkjash', 169, NULL, NULL, 1, 'android', '2024-10-28 11:05:59', '2024-10-28 11:05:59', NULL),
(170, 'eyJhbGciOiJIUzI1NiIsInR5cCI6IkpXVCJ9.eyJpZCI6MTcwLCJpYXQiOjE3MzAxNzc0OTV9.Mxd6hY9lxMgC-r9yIBM_KDEDqr5Cm0tT5TfAgoQsyZ0', 'kjahskjghkjash', 170, NULL, NULL, 1, 'android', '2024-10-28 11:05:59', '2024-10-28 11:05:59', NULL),
(171, 'eyJhbGciOiJIUzI1NiIsInR5cCI6IkpXVCJ9.eyJpZCI6MTcxLCJpYXQiOjE3MzAxNzgxOTl9.HaiUyF0usERB5plf60skkIZn_kX0MildRuni1Ug0j_Y', 'kjahskjghkjash', 171, NULL, NULL, 1, 'android', '2024-10-28 11:05:59', '2024-10-28 11:05:59', NULL),
(172, 'eyJhbGciOiJIUzI1NiIsInR5cCI6IkpXVCJ9.eyJpZCI6MTcyLCJpYXQiOjE3MzAxNzg0MTV9.LEl0D_NeeZw84tCQyIzVHmMRM4krZyTzqbjI_ELobKw', 'kjahskjghkjash', 172, NULL, NULL, 1, 'android', '2024-10-28 11:05:59', '2024-10-28 11:05:59', NULL),
(173, 'eyJhbGciOiJIUzI1NiIsInR5cCI6IkpXVCJ9.eyJpZCI6MTczLCJpYXQiOjE3MzAxNzg1NjN9.bFqQrrnngSNpe8eWfGhkKF_6VOHMwbXHNEwjj1NidBw', 'kjahskjghkjash', 173, NULL, NULL, 1, 'android', '2024-10-28 11:05:59', '2024-10-28 11:05:59', NULL),
(174, 'eyJhbGciOiJIUzI1NiIsInR5cCI6IkpXVCJ9.eyJpZCI6MTc0LCJlbWFpbCI6IlRlc3R0QHlvcG1haWwuY29tIiwiaWF0IjoxNzMwMTg1OTAwfQ.YJJycC7izcFQvCia0zEC7TBsvh4KBQRUvRba-mqLmYE', 'XXXXXXXXXXXXXXXXXXXXXXXXXXXXXXXXXXXXXXXXX', 174, NULL, 'okhttp/4.12.0', 1, 'android', '2024-10-28 11:05:59', '2024-10-28 11:05:59', NULL),
(175, 'eyJhbGciOiJIUzI1NiIsInR5cCI6IkpXVCJ9.eyJpZCI6MTc1LCJlbWFpbCI6ImxheW1hbkB5b3BtYWlsLmNvbSIsImlhdCI6MTczMDE5NDkzN30.c07vg0b1EWx8fUPv_eqs4j4UFhHi8m62jq31V-9-yfk', NULL, 175, NULL, 'okhttp/4.12.0', 1, NULL, '2024-10-28 11:05:59', '2024-10-28 11:05:59', NULL),
(176, 'eyJhbGciOiJIUzI1NiIsInR5cCI6IkpXVCJ9.eyJpZCI6MTc2LCJpYXQiOjE3MzAxODY0OTZ9.NpG4B6zWOCPj1aySAUokayuJfCub8uPo5CN3l4vItvc', 'kjahskjghkjash', 176, NULL, NULL, 1, 'android', '2024-10-28 11:05:59', '2024-10-28 11:05:59', NULL),
(177, 'eyJhbGciOiJIUzI1NiIsInR5cCI6IkpXVCJ9.eyJpZCI6MTc3LCJpYXQiOjE3MzAxODY1NDV9.f96N-ZUHsetZMBEVzoP1yo1S7ukdn6BL_xeV1c9S6_A', 'kjahskjghkjash', 177, NULL, NULL, 1, 'android', '2024-10-28 11:05:59', '2024-10-28 11:05:59', NULL),
(178, 'eyJhbGciOiJIUzI1NiIsInR5cCI6IkpXVCJ9.eyJpZCI6MTc4LCJpYXQiOjE3MzAxODY2MDl9.jS5QDhpE8nNjqalcga1k17q3ealIVrBXiseoVXo1XGY', 'kjahskjghkjash', 178, NULL, NULL, 1, 'android', '2024-10-28 11:05:59', '2024-10-28 11:05:59', NULL),
(179, 'eyJhbGciOiJIUzI1NiIsInR5cCI6IkpXVCJ9.eyJpZCI6MTc5LCJpYXQiOjE3MzAxODY4NjB9.tF2fl7TuD9BzxLXN8381Ma98fbAqzW-JxvLwGrBawBM', 'kjahskjghkjash', 179, NULL, NULL, 1, 'android', '2024-10-28 11:05:59', '2024-10-28 11:05:59', NULL),
(180, 'eyJhbGciOiJIUzI1NiIsInR5cCI6IkpXVCJ9.eyJpZCI6MTgwLCJpYXQiOjE3MzAxOTQ2Mjd9.LWb3Qzsck9HZR53JPJYx7-JRuppQ75rIn-_bDct5VwI', 'kjahskjghkjash', 180, NULL, NULL, 1, 'android', '2024-10-28 11:05:59', '2024-10-28 11:05:59', NULL),
(181, 'eyJhbGciOiJIUzI1NiIsInR5cCI6IkpXVCJ9.eyJpZCI6MTgxLCJpYXQiOjE3MzAxOTQ3NDN9.2J7b1NWf8b4lbV2FhIoeP_K-JfCT4zPQeRQaOovI2GU', 'kjahskjghkjash', 181, NULL, NULL, 1, 'android', '2024-10-28 11:05:59', '2024-10-28 11:05:59', NULL),
(182, 'eyJhbGciOiJIUzI1NiIsInR5cCI6IkpXVCJ9.eyJpZCI6MTgyLCJpYXQiOjE3MzAxOTQ3OTR9.1fzjEXyIZrNkyE3C1mDdcDo4h0ad65iVULSwKuuogPc', 'kjahskjghkjash', 182, NULL, NULL, 1, 'android', '2024-10-28 11:05:59', '2024-10-28 11:05:59', NULL),
(183, 'eyJhbGciOiJIUzI1NiIsInR5cCI6IkpXVCJ9.eyJpZCI6MTgzLCJpYXQiOjE3MzAxOTU4Njl9.hQWI59iQsyWkjCd9PR01-eHjAo0BuAgJDztg5z4jYWo', 'kjahskjghkjash', 183, NULL, NULL, 1, 'android', '2024-10-28 11:05:59', '2024-10-28 11:05:59', NULL),
(184, 'eyJhbGciOiJIUzI1NiIsInR5cCI6IkpXVCJ9.eyJpZCI6MTg0LCJpYXQiOjE3MzAxOTU5NTN9.u70vEHnVENPBQVYHMlzM9DzO-ILtmvLZtnFSWTnMZt0', 'kjahskjghkjash', 184, NULL, NULL, 1, 'android', '2024-10-28 11:05:59', '2024-10-28 11:05:59', NULL),
(185, 'eyJhbGciOiJIUzI1NiIsInR5cCI6IkpXVCJ9.eyJpZCI6MTg1LCJpYXQiOjE3MzAxOTYxMDN9.gD2cQJLOlBTazeNianfhBSogIwb67N0-a_BF7FYxIbw', 'kjahskjghkjash', 185, NULL, NULL, 1, 'android', '2024-10-28 11:05:59', '2024-10-28 11:05:59', NULL),
(186, 'eyJhbGciOiJIUzI1NiIsInR5cCI6IkpXVCJ9.eyJpZCI6MTg2LCJlbWFpbCI6InZpYmh1c2hhcm1hMTNAeW9wbWFpbC5jb20iLCJpYXQiOjE3MzAxOTYyNDV9.fGM8uXXxXsZ2HTp46-K704M478o7H2mb4UJBOFmSPKQ', NULL, 186, NULL, 'okhttp/4.12.0', 1, NULL, '2024-10-28 11:05:59', '2024-10-29 10:11:33', NULL),
(187, 'eyJhbGciOiJIUzI1NiIsInR5cCI6IkpXVCJ9.eyJpZCI6MTg3LCJpYXQiOjE3MzAxOTcyNjN9.DR0bIIZAd7G9XnKIIRX7aAWEngzmLFx7UBWFlJI2_Ig', 'kjahskjghkjash', 187, NULL, NULL, 1, 'android', '2024-10-29 10:11:33', '2024-10-29 10:11:33', NULL),
(188, 'eyJhbGciOiJIUzI1NiIsInR5cCI6IkpXVCJ9.eyJpZCI6MTg4LCJpYXQiOjE3MzAxOTczMjd9.yzbDH9oZKr3PgRrUSIDwTWuI7bY2GNCTEd-c4W9zEZk', 'kjahskjghkjash', 188, NULL, NULL, 1, 'android', '2024-10-29 10:11:33', '2024-10-29 10:11:33', NULL),
(189, 'eyJhbGciOiJIUzI1NiIsInR5cCI6IkpXVCJ9.eyJpZCI6MTg5LCJpYXQiOjE3MzAxOTc0MjJ9.tJMNOldslptsBIqaKnWrVi-DxUJfuQfrzF7HgvuY8Bs', 'kjahskjghkjash', 189, NULL, NULL, 1, 'android', '2024-10-29 10:11:33', '2024-10-29 10:11:33', NULL),
(190, 'eyJhbGciOiJIUzI1NiIsInR5cCI6IkpXVCJ9.eyJpZCI6MTkwLCJpYXQiOjE3MzAxOTc1MTh9.F1IR-BG057CHdbWwrMeuAMD1KUELBDiow5hNfuL-KUk', 'kjahskjghkjash', 190, NULL, NULL, 1, 'android', '2024-10-29 10:11:33', '2024-10-29 10:11:33', NULL),
(191, 'eyJhbGciOiJIUzI1NiIsInR5cCI6IkpXVCJ9.eyJpZCI6MTkxLCJpYXQiOjE3MzAxOTgwNTR9.FTA3rWx3m30EDPhakNssx_6E2a2yD9WYJnS2RI1gNLA', 'kjahskjghkjash', 191, NULL, NULL, 1, 'android', '2024-10-29 10:11:33', '2024-10-29 10:11:33', NULL),
(192, 'eyJhbGciOiJIUzI1NiIsInR5cCI6IkpXVCJ9.eyJpZCI6MTkyLCJpYXQiOjE3MzAxOTkxMzF9.yxk8Au51Dth3JletdkrMzdVRIY1F5VtZzjfPW6lZKOA', 'kjahskjghkjash', 192, NULL, NULL, 1, 'android', '2024-10-29 10:11:33', '2024-10-29 10:11:33', NULL),
(193, 'eyJhbGciOiJIUzI1NiIsInR5cCI6IkpXVCJ9.eyJpZCI6MTkzLCJpYXQiOjE3MzAxOTkzMTR9.7ykwPY0gVYzh1yvuEikc0olQeyhZb8bY76u6CeMaC6U', 'kjahskjghkjash', 193, NULL, NULL, 1, 'android', '2024-10-29 10:11:33', '2024-10-29 10:11:33', NULL),
(194, 'eyJhbGciOiJIUzI1NiIsInR5cCI6IkpXVCJ9.eyJpZCI6MTk0LCJpYXQiOjE3MzAxOTk0NTZ9.Ff-iKiK2lzmtBw-Ggy9JJOBL6pyGNok1L7gjqUHGdo8', 'kjahskjghkjash', 194, NULL, NULL, 1, 'android', '2024-10-29 10:11:33', '2024-10-29 10:11:33', NULL),
(195, 'eyJhbGciOiJIUzI1NiIsInR5cCI6IkpXVCJ9.eyJpZCI6MTk1LCJpYXQiOjE3MzAyMDAzMTV9.qsNeuiU4awhKdBbmH_IrCKejbUxunjerzVL42rA80sc', 'kjahskjghkjash', 195, NULL, NULL, 1, 'android', '2024-10-29 10:11:33', '2024-10-29 10:11:33', NULL),
(196, 'eyJhbGciOiJIUzI1NiIsInR5cCI6IkpXVCJ9.eyJpZCI6MTk2LCJpYXQiOjE3MzAyMDEwMTB9.Zf_D_BfshxgOic3OcKnjNvMP-U-Tsjk-CD6O2uY7XMs', 'kjahskjghkjash', 196, NULL, NULL, 1, 'android', '2024-10-29 10:11:33', '2024-10-29 10:11:33', NULL),
(197, 'eyJhbGciOiJIUzI1NiIsInR5cCI6IkpXVCJ9.eyJpZCI6MTk3LCJlbWFpbCI6InlvZ2FAeW9wbWFpbC5jb20iLCJpYXQiOjE3MzAyMTA2Mzh9.8WK5BJ-MSl5uXhOEzc7LfdK6XXeEi-UM-gpQwLFr2js', 'XXXXXXXXXXXXXXXXXXXXXXXXXXXXXXXXXXXXXXXXX', 197, NULL, 'okhttp/4.12.0', 1, 'android', '2024-10-29 10:11:33', '2024-10-29 12:49:38', NULL),
(198, 'eyJhbGciOiJIUzI1NiIsInR5cCI6IkpXVCJ9.eyJpZCI6MTk4LCJpYXQiOjE3MzA3MTQxNjJ9.uGzjajZwnxKoMOdqyru1A9XFYzYYzTOfim7aEhyGVO8', 'kjahskjghkjash', 198, NULL, NULL, 1, 'android', '2024-10-29 12:49:38', '2024-10-29 12:49:38', NULL),
(199, 'eyJhbGciOiJIUzI1NiIsInR5cCI6IkpXVCJ9.eyJpZCI6MTk5LCJpYXQiOjE3MzA3MTQ0MDZ9.WjFBKmN9f49P84d-wiH8nSpFIaUmVaExPYRSbFXTV78', 'kjahskjghkjash', 199, NULL, NULL, 1, 'android', '2024-10-29 12:49:38', '2024-10-29 12:49:38', NULL),
(200, 'eyJhbGciOiJIUzI1NiIsInR5cCI6IkpXVCJ9.eyJpZCI6MjAwLCJlbWFpbCI6InlvZ2kyQHlvcG1haWwuY29tIiwiaWF0IjoxNzMwODkyNDE4fQ.Rb9fTacbbAmDH8Dn0jeSa_n6ahhwlaspy-Eb5DxutwQ', NULL, 200, NULL, 'Cadooga/1 CFNetwork/1568.100.1 Darwin/24.0.0', 1, NULL, '2024-10-29 12:49:38', '2024-11-06 10:21:44', NULL),
(201, 'eyJhbGciOiJIUzI1NiIsInR5cCI6IkpXVCJ9.eyJpZCI6MjAxLCJpYXQiOjE3MzA3MzU0NzF9.tqr9PvKdrhKAx6RJWg7UI8aE3jGcjoaNnCQGa4UWwv4', 'kjahskjghkjash', 201, NULL, NULL, 1, 'android', '2024-10-29 12:49:38', '2024-10-29 12:49:38', NULL),
(202, 'eyJhbGciOiJIUzI1NiIsInR5cCI6IkpXVCJ9.eyJpZCI6MjAyLCJpYXQiOjE3MzA3MzU1NzJ9.ylzkV0P8bL-rYl_D0FeSy_6sa_FJVKcGGa57ISLHMsI', 'kjahskjghkjash', 202, NULL, NULL, 1, 'android', '2024-10-29 12:49:38', '2024-10-29 12:49:38', NULL),
(203, 'eyJhbGciOiJIUzI1NiIsInR5cCI6IkpXVCJ9.eyJpZCI6MjAzLCJpYXQiOjE3MzA4Nzc0MTB9.9zI6TyzuVZQSp4JKaLHFXWVmes9tp_9j1opKzRx2sgY', NULL, 203, NULL, NULL, 1, NULL, '2024-10-29 12:49:38', '2024-10-29 12:49:38', NULL),
(204, 'eyJhbGciOiJIUzI1NiIsInR5cCI6IkpXVCJ9.eyJpZCI6MjA0LCJlbWFpbCI6InJhbWFuMTJAeW9wbWFpbC5jb20iLCJpYXQiOjE3MzA4OTQyMTl9.i6l4UoMElyLuadAAU4_sk72EQ8ks8yDWANW9djyYlQY', NULL, 204, NULL, 'Cadooga/1 CFNetwork/1568.100.1 Darwin/24.0.0', 1, NULL, '2024-11-06 10:21:44', '2024-11-06 12:20:25', NULL),
(205, 'eyJhbGciOiJIUzI1NiIsInR5cCI6IkpXVCJ9.eyJpZCI6MjA1LCJpYXQiOjE3MzA4ODk1MTF9.-UlrrEz8R6fG9cMSXD-XS11R57rhWD40nwo_qRk7jZQ', NULL, 205, NULL, NULL, 1, NULL, '2024-11-06 10:21:44', '2024-11-06 10:21:44', NULL),
(206, 'eyJhbGciOiJIUzI1NiIsInR5cCI6IkpXVCJ9.eyJpZCI6MjA2LCJpYXQiOjE3MzA4ODk4NTh9.IHLev7h91-rqRCYNML2Kd26eiKmkTQmudhnodZhcDSI', NULL, 206, NULL, NULL, 1, NULL, '2024-11-06 10:21:44', '2024-11-06 10:21:44', NULL),
(207, 'eyJhbGciOiJIUzI1NiIsInR5cCI6IkpXVCJ9.eyJpZCI6MjA3LCJpYXQiOjE3MzA4ODk5MDd9.x2gIi2jfwdKOZBK0cfZ2euIUO6NzknwufVTo6G2TvQk', NULL, 207, NULL, NULL, 1, NULL, '2024-11-06 10:21:44', '2024-11-06 10:21:44', NULL),
(208, 'eyJhbGciOiJIUzI1NiIsInR5cCI6IkpXVCJ9.eyJpZCI6MjA4LCJpYXQiOjE3MzA4OTI0ODV9.f5F_y_uNVaCTQGzAjWhXsQdP1PXIamU7lTaKhx4ayyQ', NULL, 208, NULL, NULL, 1, NULL, '2024-11-06 10:21:44', '2024-11-06 10:21:44', NULL),
(210, 'eyJhbGciOiJIUzI1NiIsInR5cCI6IkpXVCJ9.eyJpZCI6MjEwLCJlbWFpbCI6InJpc2hwYWxAeW9wbWFpbC5jb20iLCJpYXQiOjE3MzEwOTE4ODR9.6iVudLwUpHa19w_PSB7O4UZnDLQeIySkPUwc93eJvvA', NULL, 210, NULL, 'Cadooga/6 CFNetwork/1568.200.51 Darwin/24.1.0', 1, NULL, '2024-11-08 12:51:59', '2024-12-27 10:21:01', NULL),
(211, 'eyJhbGciOiJIUzI1NiIsInR5cCI6IkpXVCJ9.eyJpZCI6MjExLCJlbWFpbCI6IlRlc3RlckB5b3BtYWlsLmNvbSIsImlhdCI6MTczMTMwNTUzMn0.-t6EtSjCXdB8ZktERhMc6wgYhSx_58yRC3wmKeW-Wek', NULL, 211, NULL, 'okhttp/4.12.0', 1, NULL, '2024-11-08 12:51:59', '2024-11-08 12:51:59', NULL),
(212, 'eyJhbGciOiJIUzI1NiIsInR5cCI6IkpXVCJ9.eyJpZCI6MjEyLCJlbWFpbCI6InJpdGlrYUB5b3BtYWlsLmNvbSIsImlhdCI6MTczMTMwNTEyOX0.la2GSN3mhfWp4pD7F60U0d_P2OH-QW1xGhyhGRRmnsU', NULL, 212, NULL, 'okhttp/4.12.0', 1, NULL, '2024-11-08 12:51:59', '2024-11-08 12:51:59', NULL),
(213, 'eyJhbGciOiJIUzI1NiIsInR5cCI6IkpXVCJ9.eyJpZCI6MjEzLCJpYXQiOjE3MzEzMDU4Njl9.l1yIGu0m_nhSA9F67pvfpWZCNyOIh-E3f6mXSIY4v8g', NULL, 213, NULL, NULL, 1, NULL, '2024-11-08 12:51:59', '2024-11-08 12:51:59', NULL),
(214, 'eyJhbGciOiJIUzI1NiIsInR5cCI6IkpXVCJ9.eyJpZCI6MjE0LCJpYXQiOjE3MzEzMDY2MzN9.lHlaY8pWsbEo-GM8eHRNKSKtqJJD4Zq93uLfXN_FeFA', NULL, 214, NULL, NULL, 1, NULL, '2024-11-08 12:51:59', '2024-11-08 12:51:59', NULL),
(215, 'eyJhbGciOiJIUzI1NiIsInR5cCI6IkpXVCJ9.eyJpZCI6MjE1LCJpYXQiOjE3MzEzMjE4NjF9.UTpKhMZB41B1pCMD25H6W_DfvTpnAoCQsyk8Gc94YPs', NULL, 215, NULL, NULL, 1, NULL, '2024-11-11 08:23:36', '2024-11-11 08:23:36', NULL),
(216, 'eyJhbGciOiJIUzI1NiIsInR5cCI6IkpXVCJ9.eyJpZCI6MjE2LCJlbWFpbCI6ImRldmFuc2h1QHlvcG1haWwuY29tIiwiaWF0IjoxNzM2NDA0MTM3fQ.pPhs1NirIPLQg3b2kOZdSHuUs4MoKuVZGjHy8staIls', 'ewLN2PYKC0GBnu-IF_cp_n:APA91bELLw7fvU3kolXdK19678IlHDh2cmKiH59dqKBqsfcFOmrYooT94GxLTjuZ-Rz1wBMUskEnhDhfkjYoq_AnGZwWgrzsKGgrwjneKyRHc2cUaqxNCvQ', 216, NULL, 'Cadooga/1 CFNetwork/1568.100.1 Darwin/24.0.0', 1, NULL, '2024-11-11 08:23:36', '2025-01-15 12:08:45', NULL),
(217, 'eyJhbGciOiJIUzI1NiIsInR5cCI6IkpXVCJ9.eyJpZCI6MjE3LCJpYXQiOjE3MzE3MDQ4MDd9.ZFn0bmhn-8qs5Rl4an05i24wj-4x_d68eX4bsLqWAxE', NULL, 217, NULL, NULL, 1, NULL, '2024-11-13 13:10:19', '2024-11-13 13:10:19', NULL),
(219, 'eyJhbGciOiJIUzI1NiIsInR5cCI6IkpXVCJ9.eyJpZCI6MjE5LCJlbWFpbCI6InNldGh0ZXN0OEB5YWhvby5jb20iLCJpYXQiOjE3NDM2MjgxNjJ9.xwjBkgPaKJMKV9ajlVJ2wkTG6Dl3BP1sCmL1nAGypVE', 'dpSqTsdM90sqvAk1FNCNZx:APA91bF3mvBj35QeQ3eFXVznfT3OKEuBRIxn-vJiRmMrztGHs_C-W_KmdwYjXYzahTpSLFGUFKM687pvwqX-R0YgKPmGhx_j7LXI9FRGu77oNq_MJoveuMw', 219, NULL, 'Cadooga/32 CFNetwork/3826.400.120 Darwin/24.3.0', 1, NULL, '2024-11-13 13:10:19', '2025-02-01 13:07:20', NULL),
(220, 'eyJhbGciOiJIUzI1NiIsInR5cCI6IkpXVCJ9.eyJpZCI6MjIwLCJlbWFpbCI6ImFja2EzYTVAZ21haWwuY29tIiwiaWF0IjoxNzMyMDI2MjExfQ.SlQkGgEVs72MEda90pa3s27WWoI-u3X9pXLd9Nh0yhk', NULL, 220, NULL, 'Cadooga/6 CFNetwork/1568.200.51 Darwin/24.1.0', 1, NULL, '2024-11-13 13:10:19', '2024-11-13 13:10:19', NULL),
(221, 'eyJhbGciOiJIUzI1NiIsInR5cCI6IkpXVCJ9.eyJpZCI6MjIxLCJlbWFpbCI6InNtaXRoQHlvcG1haWwuY29tIiwiaWF0IjoxNzMyMTcyOTc5fQ.kUxGKbophtmoetPQVLFwRv4XHIBpi6dqdlwBpBmGwP8', NULL, 221, NULL, 'PostmanRuntime/7.42.0', 1, NULL, '2024-11-20 11:42:51', '2024-11-20 11:42:51', NULL);
INSERT INTO `api_tokens` (`id`, `token`, `fcm_token`, `user_id`, `device_id`, `user_agent`, `is_active`, `platform`, `created_at`, `updated_at`, `deleted_at`) VALUES
(222, 'eyJhbGciOiJIUzI1NiIsInR5cCI6IkpXVCJ9.eyJpZCI6MjIyLCJlbWFpbCI6ImJob2xlQHlvcG1haWwuY29tIiwiaWF0IjoxNzM1MTAwOTg0fQ.X0yTxt3E3BffdFhTVjuX9anSOLEJPkM3-jDk4jut3W0', NULL, 222, NULL, 'PostmanRuntime/7.43.0', 1, NULL, '2024-11-20 11:42:51', '2024-12-23 13:30:48', NULL),
(223, 'eyJhbGciOiJIUzI1NiIsInR5cCI6IkpXVCJ9.eyJpZCI6MjIzLCJpYXQiOjE3MzIxNzQyNDV9.4--9W7swHk4yS4UcuCk8znixtBg4_0r0MNvZYXB6q2Y', NULL, 223, NULL, NULL, 1, NULL, '2024-11-20 11:42:51', '2024-11-20 11:42:51', NULL),
(224, 'eyJhbGciOiJIUzI1NiIsInR5cCI6IkpXVCJ9.eyJpZCI6MjI0LCJlbWFpbCI6ImJob2xhQHlvcG1haWwuY29tIiwiaWF0IjoxNzQ2MTYxMDg1fQ.pX7InSASyjr4iQWkhWHgDJKuo74F07W2srYgANJ5u0w', 'c6IM9bxuIkY1p9ZY-CHT6z:APA91bFo3YGtqBbVVpZjbosCPF3ZjNc6PWFmuYZj2KsAyNIx84VhYVN1elBEg_BI44uge-2Pix-_gPPaIwago_4JQycZIsSHuHvvqUR6vyskT18u2Ph8qXw', 224, NULL, 'Cadooga/1 CFNetwork/3826.500.111.2.2 Darwin/24.4.0', 1, NULL, '2024-11-21 07:31:12', '2025-05-01 13:25:44', NULL),
(225, 'eyJhbGciOiJIUzI1NiIsInR5cCI6IkpXVCJ9.eyJpZCI6MjI1LCJpYXQiOjE3MzIxNzY3MzN9.GrbTtIDyUd420x3uDFzFWLNJSmlHPrplcmHkpayxvQc', NULL, 225, NULL, NULL, 1, NULL, '2024-11-21 07:31:12', '2024-11-21 07:31:12', NULL),
(226, 'eyJhbGciOiJIUzI1NiIsInR5cCI6IkpXVCJ9.eyJpZCI6MjI2LCJpYXQiOjE3MzIxOTI0NjR9.oHdY1m_PMZfWLHXQ2QgfR0AtNqmyNgzA85ZkerDAfyo', NULL, 226, NULL, NULL, 1, NULL, '2024-11-21 11:55:47', '2024-11-21 11:55:47', NULL),
(227, 'eyJhbGciOiJIUzI1NiIsInR5cCI6IkpXVCJ9.eyJpZCI6MjMwLCJpYXQiOjE3MzIxOTM1NDF9.Hqd7z3GVwdPIrhtTeffo3x4pK5q2Vr194qrtb-HYlHk', NULL, 230, NULL, NULL, 1, NULL, '2024-11-21 12:51:54', '2024-11-21 12:51:54', NULL),
(228, 'eyJhbGciOiJIUzI1NiIsInR5cCI6IkpXVCJ9.eyJpZCI6MjMxLCJpYXQiOjE3MzIxOTM5Njh9.eLvWM-jvWAi6GNbzDZ8QXRbJcsYabuFZVGIGmDDUIS0', NULL, 231, NULL, NULL, 1, NULL, '2024-11-21 12:58:55', '2024-11-21 12:58:55', NULL),
(229, 'eyJhbGciOiJIUzI1NiIsInR5cCI6IkpXVCJ9.eyJpZCI6MjMyLCJlbWFpbCI6InNldGh0ZXN0OUB5YWhvby5jb20iLCJpYXQiOjE3NDM4MDE0NDN9.j8oefOtFlp79lBMMZ6juPb3fO146wpIA3rLV4Jc1d5Y', NULL, 232, NULL, 'okhttp/4.12.0', 1, NULL, '2024-11-22 13:09:18', '2025-02-01 13:07:20', NULL),
(230, 'eyJhbGciOiJIUzI1NiIsInR5cCI6IkpXVCJ9.eyJpZCI6MjMzLCJlbWFpbCI6InNldGh0ZXN0MTBAeWFob28uY29tIiwiaWF0IjoxNzQ0MDQ3NDcwfQ.0y-MsMur9MbLfm9PCEdGexkYXVthY2iFnyA_-XxNVv8', NULL, 233, NULL, 'okhttp/4.12.0', 1, NULL, '2024-11-22 13:09:18', '2025-02-01 13:07:20', NULL),
(231, 'eyJhbGciOiJIUzI1NiIsInR5cCI6IkpXVCJ9.eyJpZCI6MjM0LCJlbWFpbCI6Im55MTQ4NzhAbWUuY29tIiwiaWF0IjoxNzQ1NTI4NDY1fQ.NZcte9aDExVJSmNMsoFvHCnHqvMxa_cZ6PQ_JrtN8iA', 'dcDACmeQj0eZgFFIVtY9XY:APA91bHM5Kf1aLYKBDu-ydkZ9oEx1Yao0qExaB2fxVpzIwAjI3q_qdgD4zWEjOqVlARkEpfvS-i7CMTR-_EW8qbsaru769FA2grLw7jlTtKj46--WUBR1_k', 234, NULL, 'Cadooga/32 CFNetwork/3826.400.120 Darwin/24.3.0', 1, NULL, '2024-11-25 07:19:52', '2025-04-24 06:11:30', NULL),
(232, 'eyJhbGciOiJIUzI1NiIsInR5cCI6IkpXVCJ9.eyJpZCI6MjM1LCJlbWFpbCI6InNhaGlsQGdtYWlsLmNvbSIsImlhdCI6MTczMjc5ODUzOX0.F2EY1MPzELX2ohfTUPzTYEhRStd5uVUzfTQtsmZgfhU', NULL, 235, NULL, 'Cadooga/1 CFNetwork/1568.200.51 Darwin/24.1.0', 1, NULL, '2024-11-27 11:52:18', '2024-11-27 11:52:18', NULL),
(233, 'eyJhbGciOiJIUzI1NiIsInR5cCI6IkpXVCJ9.eyJpZCI6MjM2LCJpYXQiOjE3MzI3OTkxNDh9.fwc0KRb8fOOCNd3-BYKDQZxWBwbBE3lN_Gn0Iu_gDF0', NULL, 236, NULL, NULL, 1, NULL, '2024-11-27 11:52:18', '2024-11-27 11:52:18', NULL),
(234, 'eyJhbGciOiJIUzI1NiIsInR5cCI6IkpXVCJ9.eyJpZCI6MjM3LCJpYXQiOjE3MzMzMTQ1ODd9.z-6C-uk5Qs6O7NAUS_ABDsl2zuHrR4MoSW7QDz8lZsw', NULL, 237, NULL, NULL, 1, NULL, '2024-12-04 12:14:34', '2024-12-04 12:14:34', NULL),
(235, 'eyJhbGciOiJIUzI1NiIsInR5cCI6IkpXVCJ9.eyJpZCI6MjM4LCJlbWFpbCI6InRlc3RAbWFpbGluYXRvci5jb20iLCJpYXQiOjE3MzM0ODUwOTV9.vshLrMj2S5l8Cx48IIydxgmR8OK1WXGE42TieOOvTnA', NULL, 238, NULL, 'PostmanRuntime/7.43.0', 1, NULL, '2024-12-06 10:58:36', '2024-12-06 10:58:36', NULL),
(239, 'eyJhbGciOiJIUzI1NiIsInR5cCI6IkpXVCJ9.eyJpZCI6MjQyLCJlbWFpbCI6InRlc3QxMjNAeW9wbWFpbC5jb20iLCJpYXQiOjE3MzM4Mjg2NDR9.h_HPxBvhOjnGjSWoVBBbzCXgyig5D1ddxlMya4Dmwr0', NULL, 242, NULL, 'PostmanRuntime/7.43.0', 1, NULL, '2024-12-10 10:57:13', '2024-12-10 10:57:13', NULL),
(242, 'eyJhbGciOiJIUzI1NiIsInR5cCI6IkpXVCJ9.eyJpZCI6MjQ1LCJpYXQiOjE3MzQ5MzU1OTB9.2YtOYX6IzRAKJsbSqmVYZnu8kUAOTAVZWeNjIkSCQ7o', NULL, 245, NULL, NULL, 1, NULL, '2024-12-19 12:49:31', '2024-12-19 12:49:31', NULL),
(243, 'eyJhbGciOiJIUzI1NiIsInR5cCI6IkpXVCJ9.eyJpZCI6MjQ2LCJlbWFpbCI6InNldGh0ZXN0MTMxQGdtYWlsLmNvbSIsImlhdCI6MTc0NjEwODEwM30.-sQgbtDjD_gIqd9Eu_vDne90oVqTmk3C6yL7UTQRXbI', 'euXi8fe3RAG-whCgz1QJax:APA91bGR-FQ3JNN0FQnXXFUc_ujfMK3NWWpUBpfVFeSFKBiQvRFs6FyOC3apEtvxKg6a-TWsVGERZcqHE4NmiFZ3JFTAHOn5XVgwc2bZPVE3s_guV7suXgc', 246, NULL, 'okhttp/4.12.0', 1, NULL, '2025-01-03 13:12:32', '2025-05-01 13:25:44', NULL),
(244, 'eyJhbGciOiJIUzI1NiIsInR5cCI6IkpXVCJ9.eyJpZCI6MjQ3LCJpYXQiOjE3MzYxNjk1NDV9.EXu5Hsovm_BH_hjUqVkBK8dcSz_Vxpndm_6A7AxfhF4', NULL, 247, NULL, NULL, 1, NULL, '2025-01-06 12:59:50', '2025-01-06 12:59:50', NULL),
(246, 'eyJhbGciOiJIUzI1NiIsInR5cCI6IkpXVCJ9.eyJpZCI6MjQ5LCJpYXQiOjE3MzY0MDk5NTV9.LpFnzLihPDxm_naG38KpCuRXu38rHvJ_YC7GdX-_hI8', NULL, 249, NULL, NULL, 1, NULL, '2025-01-09 05:32:46', '2025-01-17 13:07:48', NULL),
(247, 'eyJhbGciOiJIUzI1NiIsInR5cCI6IkpXVCJ9.eyJpZCI6MjUwLCJlbWFpbCI6InNldGh0ZXN0MTFAeWFob28uY29tIiwiaWF0IjoxNzM5MjAyODQzfQ.IwFjchW1TyFdytI3GxjSDsk92rztBU1Lm7IpSKA2NWI', NULL, 250, NULL, 'Cadooga/32 CFNetwork/1568.300.101 Darwin/24.2.0', 1, NULL, '2025-01-10 06:29:55', '2025-02-01 13:07:20', NULL),
(248, 'eyJhbGciOiJIUzI1NiIsInR5cCI6IkpXVCJ9.eyJpZCI6MjUxLCJlbWFpbCI6InNldGh0ZXN0MTMyQGdtYWlsLmNvbSIsImlhdCI6MTc0NjEwNzkxNn0.ph0QOp3D2XoqRKM779v06fZPDgqLJINj6UaquVwgdhg', NULL, 251, NULL, 'Cadooga/37 CFNetwork/3826.400.120 Darwin/24.3.0', 1, NULL, '2025-01-13 05:32:30', '2025-05-01 13:25:44', NULL),
(249, 'eyJhbGciOiJIUzI1NiIsInR5cCI6IkpXVCJ9.eyJpZCI6MjUyLCJlbWFpbCI6InNldGh0ZXN0N0B5YWhvby5jb20iLCJpYXQiOjE3NDYxMDgyOTh9.cPpFvWKZB3DzAs3WOwYrtX3nhn-c1tV3l6Max7-8IRw', 'etRuLo8SEE-UsX0ub5d2Ha:APA91bF55hiIS4e0qByvFXEjzjWFCqq6IhTQGKJ29StmxZgfg7gCdS6yTtxloWSy5Puf_YdxYcvkVr8s5-TJGO1ZfKjkPjbqtdx7rmcFfgq4XRoBS7xu8LU', 252, NULL, 'Cadooga/37 CFNetwork/3826.400.120 Darwin/24.3.0', 1, NULL, '2025-01-13 05:32:30', '2025-05-01 13:25:44', NULL),
(250, 'eyJhbGciOiJIUzI1NiIsInR5cCI6IkpXVCJ9.eyJpZCI6MjUzLCJpYXQiOjE3MzY4NTIwNTJ9.VTxauBoHJlUUR9DIWrhCbdan31D8s3jxxuLwa4JL3qw', 'eamk2uXlRSu5rkHNnknfUV:APA91bFcgfrsj_WcGYlHI91Qc4F9qxxkP5I8yaXvuh2PiqTRn0xO33HMef4Gqjb4eUA43hjU6zlDStcyDtm-hDGTi-HyBRItonLLMJ-seilsHK00jXzeRhY', 253, NULL, NULL, 1, NULL, '2025-01-14 10:14:49', '2025-01-14 10:14:49', NULL),
(251, 'eyJhbGciOiJIUzI1NiIsInR5cCI6IkpXVCJ9.eyJpZCI6MjU0LCJlbWFpbCI6ImRldmVsb3BlcmFhcm9uMUBnbWFpbC5jb20iLCJpYXQiOjE3NDQ4MTg3NDd9.G3KrAPnaI561NjEQanxwtJrnchRfrbeR6aQqCFPIsm0', 'casgrx6FAURapRUjaTQjsV:APA91bEwZo-OBVwIKAZt4H52MWMTdJgS_0Ett1gAzDOJBrPXMsD82zZ55EpuGJiYGa8QMQyYQv-URKrgG2SXXifZQXSbmugMXY3WpN0HM3t_VftzM0qOzt4', 254, NULL, 'Cadooga/32 CFNetwork/3826.400.120 Darwin/24.3.0', 1, NULL, '2025-01-14 10:14:49', '2025-04-16 13:31:27', NULL),
(252, 'eyJhbGciOiJIUzI1NiIsInR5cCI6IkpXVCJ9.eyJpZCI6MjU1LCJpYXQiOjE3MzY4NjE0MTJ9.Vv1R9A8R3QSQ96Maam14C9F6vP1fTX7aiHPskKpi_VM', NULL, 255, NULL, NULL, 1, NULL, '2025-01-14 10:14:49', '2025-01-15 12:08:45', NULL),
(253, 'eyJhbGciOiJIUzI1NiIsInR5cCI6IkpXVCJ9.eyJpZCI6MjU2LCJpYXQiOjE3MzY5NTI0MDF9.cZ2eR1-wpL9IW-sc6h7AxmwXn4Jcq7HjrXUkP-P_Lzg', 'dcP_NHwfxE6Bol1BCG4-3f:APA91bEHw0hpo9ZjsO1GT14S_I4-4L19hIcDCGf1ThiG4ViGnYWgdg32k6ze92IXRlGqSysF0YWRyJBNQGdm9-2g8WmPEqEgZxGXLN1tdgOlc12d5Dqreec', 256, NULL, NULL, 1, NULL, '2025-01-15 12:08:45', '2025-01-15 12:08:45', NULL),
(254, 'eyJhbGciOiJIUzI1NiIsInR5cCI6IkpXVCJ9.eyJpZCI6MjU3LCJpYXQiOjE3MzY5NTMzOTV9.DVb9CqdLQVWbOmZfpiEgL6h2TDCjxbHRMCDnog2rHJo', 'dcP_NHwfxE6Bol1BCG4-3f:APA91bEHw0hpo9ZjsO1GT14S_I4-4L19hIcDCGf1ThiG4ViGnYWgdg32k6ze92IXRlGqSysF0YWRyJBNQGdm9-2g8WmPEqEgZxGXLN1tdgOlc12d5Dqreec', 257, NULL, NULL, 1, NULL, '2025-01-15 12:08:45', '2025-01-15 12:08:45', NULL),
(255, 'eyJhbGciOiJIUzI1NiIsInR5cCI6IkpXVCJ9.eyJpZCI6MjU4LCJlbWFpbCI6InV0a2Fyc2gxMkB5b3BtYWlsLmNvbSIsImlhdCI6MTczNzcxODM3N30._25vGZFIKaoy226LLrSaNgwJphktTCqV-Z1A1az-vG0', NULL, 258, NULL, 'Cadooga/1 CFNetwork/1568.300.101 Darwin/24.2.0', 1, NULL, '2025-01-15 12:08:45', '2025-01-17 13:07:48', NULL),
(256, 'eyJhbGciOiJIUzI1NiIsInR5cCI6IkpXVCJ9.eyJpZCI6MjU5LCJpYXQiOjE3MzcwNjk2NTB9.MIfneZkB4HBh_AelzHAoPVB5xeXwe0cvilcuOF2vdOE', 'eJ4jo2z3QeWxyxDFigvGOw:APA91bESDEhV2ZhMoBzqLVIDa2mJaaCBf5ldqlMua6_Og1juku9jJ29v_HjhwrmugOeJ2583GXh8642rnyhvPhwVa-w5cr34zGBYj8aXcM86Qvn9cbwOmm8', 259, NULL, NULL, 1, NULL, '2025-01-15 12:08:45', '2025-01-15 12:08:45', NULL),
(260, 'eyJhbGciOiJIUzI1NiIsInR5cCI6IkpXVCJ9.eyJpZCI6MjYzLCJlbWFpbCI6InNldGh0ZXN0MTMwQGdtYWlsLmNvbSIsImlhdCI6MTc0NjEwODIzMn0.MEu43kxPfsi-I5ZxI1aQRi0zEBdc5ckAMWhWsuS_DKA', NULL, 263, NULL, 'Cadooga/37 CFNetwork/3826.400.120 Darwin/24.3.0', 1, NULL, '2025-01-17 13:07:48', '2025-05-01 13:25:44', NULL),
(261, 'eyJhbGciOiJIUzI1NiIsInR5cCI6IkpXVCJ9.eyJpZCI6MjY0LCJpYXQiOjE3Mzc3MTgxNTV9.cuGjZkHeKULzZQ0PeTl9kWr2etvXwf8cnL95q6uZAYI', 'eF6l5ylt8UJHpzTbPo0J5g:APA91bHzQb_qA3jowOqsOjNTsdgA85ZZc3y4xDnQxTcspT0g83T13lCnP9E8GGzcWPyTti4G3NaUPLrCykGjlYCHOOsNPPd3crWAJ2IvGaICpPtVIDX01ZQ', 264, NULL, NULL, 1, NULL, '2025-01-17 13:07:48', '2025-01-17 13:07:48', NULL),
(262, 'eyJhbGciOiJIUzI1NiIsInR5cCI6IkpXVCJ9.eyJpZCI6MjY1LCJpYXQiOjE3MzgwNTkzOTJ9.Ddzy1o2AFrhDTUssQLQYkIPRyTgILdOvaviqYSSoz0M', 'eF6l5ylt8UJHpzTbPo0J5g:APA91bHzQb_qA3jowOqsOjNTsdgA85ZZc3y4xDnQxTcspT0g83T13lCnP9E8GGzcWPyTti4G3NaUPLrCykGjlYCHOOsNPPd3crWAJ2IvGaICpPtVIDX01ZQ', 265, NULL, NULL, 1, NULL, '2025-01-17 13:07:48', '2025-01-17 13:07:48', NULL),
(263, 'eyJhbGciOiJIUzI1NiIsInR5cCI6IkpXVCJ9.eyJpZCI6MjY2LCJpYXQiOjE3MzgwNTk0OTl9.HQY-9tI5gSr9gYJjpfuWyYbS0qVMHUZ95IIvK4BSQQU', 'eF6l5ylt8UJHpzTbPo0J5g:APA91bHzQb_qA3jowOqsOjNTsdgA85ZZc3y4xDnQxTcspT0g83T13lCnP9E8GGzcWPyTti4G3NaUPLrCykGjlYCHOOsNPPd3crWAJ2IvGaICpPtVIDX01ZQ', 266, NULL, NULL, 1, NULL, '2025-01-17 13:07:48', '2025-01-17 13:07:48', NULL),
(264, 'eyJhbGciOiJIUzI1NiIsInR5cCI6IkpXVCJ9.eyJpZCI6MjY3LCJlbWFpbCI6InNhdXJhYmhAeW9wbWFpbC5jb20iLCJpYXQiOjE3NDYxODU4OTB9.aWAXsWP_6JadChFGlWVeaq7zUFCkEXyy4q4jBSoik2c', NULL, 267, NULL, 'PostmanRuntime/7.43.4', 1, NULL, '2025-01-17 13:07:48', '2025-05-02 08:24:17', NULL),
(265, 'eyJhbGciOiJIUzI1NiIsInR5cCI6IkpXVCJ9.eyJpZCI6MjY4LCJpYXQiOjE3MzgxNzYyMzJ9.ErOS1KH_JkjEKB0nf--OnnZoo44PKOlucbhaK8PYVhw', 'duZ7f-qa1ErjuuBfd_lI32:APA91bGL_HuNyJwCVdtVbb4WGfViC5vIXUlaP_pEmUNNo9KFdlSVVDyWfNfrMNt0-K2hqBOZ2SslSzcgzqx3GLpZd_wLR_U4yrT1qXV9rsX0ryo7RAdCbDY', 268, NULL, NULL, 1, NULL, '2025-01-29 12:34:16', '2025-01-29 12:34:16', NULL),
(266, 'eyJhbGciOiJIUzI1NiIsInR5cCI6IkpXVCJ9.eyJpZCI6MjY5LCJlbWFpbCI6InNldGguZGV2cmllc0BkZW1za2lncm91cGRldi5jb20iLCJpYXQiOjE3MzgyNzY4NzZ9.cyYSIlLsg4R6_2kmMBWRTPPF201mYQWBOr86IAAiQtA', 'c2NFktGflESDgkcY74Kz-H:APA91bGwn9nJkXDLxQJcHr9_OD6wZ4zx7XFHukgA7gaRchUy6Xkj9sXRHq8BnoBayq_rhfxK33TTBUp-V6HmoPq4pInvlxltIs173SVbIU1WZrU4CYVVM7w', 269, NULL, 'Cadooga/31 CFNetwork/1568.300.101 Darwin/24.2.0', 1, NULL, '2025-01-30 08:14:24', '2025-01-30 08:14:24', NULL),
(267, 'eyJhbGciOiJIUzI1NiIsInR5cCI6IkpXVCJ9.eyJpZCI6MjcwLCJpYXQiOjE3MzgzMDUyNzV9.KruQ2A9LBRV-SRmCg6fzPuCP8d8KJKVbWaz2L-ivimk', 'cXCg4qwrcEcrofNf5wny7z:APA91bHZ18F-E1Gg2KM4VXrMSJKuBRMOVU-hdRLebBD0sTbxBWmOgFkpIDDEsCZCrDYp6JOB7ZzinvKUB2wspUPZDYRqYw-HO6gHcdjYaKlSrnHa2cfyltM', 270, NULL, NULL, 1, NULL, '2025-01-30 08:14:24', '2025-01-30 08:14:24', NULL),
(268, 'eyJhbGciOiJIUzI1NiIsInR5cCI6IkpXVCJ9.eyJpZCI6MjcxLCJpYXQiOjE3MzgzMDU2Nzl9.ibf9QB3ep8nQxa1Qb5o17u2oDP6IKTNNUNIyQQBORkQ', 'e2OXrG2A20E2urD9KJ8fPq:APA91bGCcZ26YR9vLc8JEl1nnJ35w_k-a2oUtqHpQovh0KZdGmuuTcW4-XduDuQ2MZweidMnIgBZUrFWe4XJjuipEOAzF9l4-VYvs87oFvQIoy7uVolfdpI', 271, NULL, NULL, 1, NULL, '2025-01-30 08:14:24', '2025-01-30 08:14:24', NULL),
(269, 'eyJhbGciOiJIUzI1NiIsInR5cCI6IkpXVCJ9.eyJpZCI6MjcyLCJpYXQiOjE3MzgzMDU4NTd9.u28UbQKWlT4WFK3BQ5RSLmV3mUez1Hil7B7w5tzYXlo', 'e2OXrG2A20E2urD9KJ8fPq:APA91bGCcZ26YR9vLc8JEl1nnJ35w_k-a2oUtqHpQovh0KZdGmuuTcW4-XduDuQ2MZweidMnIgBZUrFWe4XJjuipEOAzF9l4-VYvs87oFvQIoy7uVolfdpI', 272, NULL, NULL, 1, NULL, '2025-01-30 08:14:24', '2025-01-30 08:14:24', NULL),
(271, 'eyJhbGciOiJIUzI1NiIsInR5cCI6IkpXVCJ9.eyJpZCI6Mjc0LCJlbWFpbCI6ImJ1bnR5MTIzQHlvcG1haWwuY29tIiwiaWF0IjoxNzQ0ODg2NTE0fQ.nFZDvuW4TIluFrMpHry49gDrexM2aIh5W1xBNl6uPd4', NULL, 274, NULL, 'Cadooga/1 CFNetwork/3826.400.120 Darwin/24.3.0', 1, NULL, '2025-02-01 13:07:20', '2025-04-24 06:11:30', NULL),
(275, 'eyJhbGciOiJIUzI1NiIsInR5cCI6IkpXVCJ9.eyJpZCI6Mjc4LCJpYXQiOjE3NDQwMzIyMTR9.aXaPZ_18UObnt_ysDx2hYRHblU-gLbhOVRSP19GhU28', 'casgrx6FAURapRUjaTQjsV:APA91bEwZo-OBVwIKAZt4H52MWMTdJgS_0Ett1gAzDOJBrPXMsD82zZ55EpuGJiYGa8QMQyYQv-URKrgG2SXXifZQXSbmugMXY3WpN0HM3t_VftzM0qOzt4', 278, NULL, NULL, 1, NULL, '2025-02-01 13:07:20', '2025-02-01 13:07:20', NULL),
(276, 'eyJhbGciOiJIUzI1NiIsInR5cCI6IkpXVCJ9.eyJpZCI6Mjc5LCJlbWFpbCI6ImRldmVsb3BlcmFhcm9uNEBnbWFpbC5jb20iLCJpYXQiOjE3NDQ4MTg5MzN9.9HjngVDSTeUZLgeyJdmm2psJVuFDeL9uX4b7eSCTRB4', 'ebjCv9M9q0jmgLbTbzTI6D:APA91bEMno-kQmjHA-RJuk1YPxQ8Bsjfq-pd4K1pUQJ6RWupj8zDH80GSs6zQS3gwiPV1R4JjBygb8YxeUTumqCAlcWAYB5JOtE4zD6xbu-HdNKOw1s5hNc', 279, NULL, 'Cadooga/32 CFNetwork/3826.400.120 Darwin/24.3.0', 1, NULL, '2025-02-01 13:07:20', '2025-04-16 13:31:27', NULL),
(279, 'eyJhbGciOiJIUzI1NiIsInR5cCI6IkpXVCJ9.eyJpZCI6MjgyLCJpYXQiOjE3NDQyODc3NDR9.3HbtHO2RB3WJvKV9-Sd1x2lXst2FqdEOPB9x_H_ez8A', 'eamk2uXlRSu5rkHNnknfUV:APA91bFcgfrsj_WcGYlHI91Qc4F9qxxkP5I8yaXvuh2PiqTRn0xO33HMef4Gqjb4eUA43hjU6zlDStcyDtm-hDGTi-HyBRItonLLMJ-seilsHK00jXzeRhY', 282, NULL, NULL, 1, NULL, '2025-04-10 06:45:20', '2025-04-10 06:45:20', NULL),
(280, 'eyJhbGciOiJIUzI1NiIsInR5cCI6IkpXVCJ9.eyJpZCI6MjgzLCJpYXQiOjE3NDQyODc3ODh9.dj-K18_Q08cQgV2zjtvgHio5lzK78OJRAWsnErx3klw', 'eamk2uXlRSu5rkHNnknfUV:APA91bFcgfrsj_WcGYlHI91Qc4F9qxxkP5I8yaXvuh2PiqTRn0xO33HMef4Gqjb4eUA43hjU6zlDStcyDtm-hDGTi-HyBRItonLLMJ-seilsHK00jXzeRhY', 283, NULL, NULL, 1, NULL, '2025-04-10 06:45:20', '2025-04-10 06:45:20', NULL),
(281, 'eyJhbGciOiJIUzI1NiIsInR5cCI6IkpXVCJ9.eyJpZCI6Mjg0LCJpYXQiOjE3NDQzNDQ1Nzh9.cRJEPOa1aICY30Le5x7bTJ5hD8VjMUqor1B4HnSKiFo', 'dTpG7ogqZ03yiUqFHp_9wT:APA91bEvsMXm8YLvvhvYtZHRs9KMUp2K5P2tzAnKL8tOo_iTVy4zI_TpNaJiTO0YWh0JMeiJmCtiwDhxiTqGfigEeksmUkrPJbU-yR87GF6n5g7Y04WbVPg', 284, NULL, NULL, 1, NULL, '2025-04-10 06:45:20', '2025-04-10 06:45:20', NULL),
(282, 'eyJhbGciOiJIUzI1NiIsInR5cCI6IkpXVCJ9.eyJpZCI6Mjg1LCJpYXQiOjE3NDQ3NDg5Nzd9.l_Phuo5bYK9sSC3D80syW7jz-7B_u6BcYSv5ujNW8R0', 'eYajtmhYP0QKpIxse-hUXD:APA91bGWDVJqITiAQ0YSg0A08MoqtBU6d4bQxCocdtIFZmTgMpCNgHaoo3n3RyFJMvZuI9A-iCC7vcdnnGJJcvC9lbOxBK77Wa5UiqOkRm129HXYye4ZDtc', 285, NULL, NULL, 1, NULL, '2025-04-10 06:45:20', '2025-04-10 06:45:20', NULL),
(285, 'eyJhbGciOiJIUzI1NiIsInR5cCI6IkpXVCJ9.eyJpZCI6Mjg4LCJpYXQiOjE3NDQ5MjI3NzR9.WjeVX-9fFNnkFFwkxahihbjlN7_bexKb4Mq3i1BhKtU', 'eNUf_L6N-kFSsBSTPv9sax:APA91bHqgdoKJuJFDUYxInmAG767gu6zJp8RPPbYZTr-tt2veIDPZbV-DZi3xwh44kzf9DHhbX0_j4rXdeohye6vwn6pGlqiW0jNTrmactKlS0Nq_sIuAK4', 288, NULL, NULL, 1, NULL, '2025-04-17 08:21:16', '2025-04-17 08:21:16', NULL),
(286, 'eyJhbGciOiJIUzI1NiIsInR5cCI6IkpXVCJ9.eyJpZCI6Mjg5LCJpYXQiOjE3NDQ5OTM3Mzd9.pfUKVZ3XhN2nX8b1AaVS60HzdEzwSW0uQ_cxz-A5aMU', 'dEJaPrDzBUbejq30bkdLHe:APA91bFhAnq1YRQikrg3fVu0IuP8EurfDYPyf2YKv_l7dYnw76XGvuxclluFdavTqEchIz9Osk1ipRfkKe94vOzTTNKUdYjkarGWjsM4RhLMSzgXDcjiCG0', 289, NULL, NULL, 1, NULL, '2025-04-17 08:21:16', '2025-04-17 08:21:16', NULL),
(287, 'eyJhbGciOiJIUzI1NiIsInR5cCI6IkpXVCJ9.eyJpZCI6MjkwLCJlbWFpbCI6InFhZGFyamFoYW5naXJAZ21haWwuY29tIiwiaWF0IjoxNzQ1NDU1NjQzfQ.qCtSFsdVpEDG10MquWgkW9X38WWhT2Yj-uBN36960gU', 'dMPkiSJl505go3cpnyvvU_:APA91bEECnEkWauGoxO-3z2epOZueeBtuosy5eH8i-10TlwPMJpeDTggADhQ4nGqt5hBWHo9uC0jdZ7mO-wgcdlRtv9NgjAHfTrwM67fvDa7_UBDNUVXk5U', 290, NULL, 'Cadooga/32 CFNetwork/3826.500.111.2.2 Darwin/24.4.0', 1, NULL, '2025-04-17 08:21:16', '2025-04-17 08:21:16', NULL),
(289, 'eyJhbGciOiJIUzI1NiIsInR5cCI6IkpXVCJ9.eyJpZCI6MjkyLCJpYXQiOjE3NDU0MDAyNjR9.0Iriep_a0Vu9EUSmdIAuJz-QK11PaL8xXHlYp_I6aD8', 'eay2wwqj4UjprwWlyllsaZ:APA91bG42m0X6ZcoNeLiDlODRXzmX0zidfMRypWd5F7uFi0sMFvylPMO2ddcWo95wpsrO_q2kXp-LC1123xfi1Dfxo4iKwaJwywKTkxKllotPfKhAIvJonI', 292, NULL, NULL, 1, NULL, '2025-04-17 08:21:16', '2025-04-17 08:21:16', NULL),
(290, 'eyJhbGciOiJIUzI1NiIsInR5cCI6IkpXVCJ9.eyJpZCI6MjkzLCJlbWFpbCI6ImNpc0BtYWlsaW5hdG9yLmNvbSIsImlhdCI6MTc0NTg0ODY5NX0.itk0MJQZkrIjGyS1rIWWXN9UmyhLn1GKAygycx5C8b4', NULL, 293, NULL, 'Cadooga/32 CFNetwork/1496.0.7 Darwin/23.5.0', 1, NULL, '2025-04-17 08:21:16', '2025-04-25 08:24:05', NULL),
(296, 'eyJhbGciOiJIUzI1NiIsInR5cCI6IkpXVCJ9.eyJpZCI6Mjk5LCJlbWFpbCI6InNldGh0ZXN0MTMzQGdtYWlsLmNvbSIsImlhdCI6MTc0NjEwOTUwOX0.KSDLg6l51Lzc_jNaOdRG3OWV2jV7IMTuvgxD0Vy2woY', 'eSD5A-BbRIeqiU5eVnTBRV:APA91bEil6v18JSeYyJ2m8Ib9oWihpDCqolioyGU2pnX7Osjz9hLl6CcIYSFguLCK3_WXSzj8YjAHcKVQ-zy1DY2IPkGOZRaXzWTMlEHDsaiyoXsGqtt8Zg', 299, NULL, 'okhttp/4.12.0', 1, NULL, '2025-05-01 13:25:44', '2025-05-01 13:25:44', NULL),
(297, 'eyJhbGciOiJIUzI1NiIsInR5cCI6IkpXVCJ9.eyJpZCI6MzAwLCJlbWFpbCI6InNldGguZGV2cmllc0BkZW1za2lncm91cC5jb20iLCJpYXQiOjE3NDYxMDk0NDB9.2tA-bWQSyz81uuAY4bRsbXV1UkjanF0aaHfZYMoj5nM', 'cpqKPNQbIEy0kfasg-2NUE:APA91bHXlm-E0IqE8vy52HpAFwt1DmRZKuIxESK-Sxu6PNGvnbmXD5ecVldXSjlG8bNLdtSFosgejH5uJcCuMbHswsmiM3bY4MCtPHpmlTJZT_xq5QaArNU', 300, NULL, 'Cadooga/37 CFNetwork/3826.400.120 Darwin/24.3.0', 1, NULL, '2025-05-01 13:25:44', '2025-05-01 13:25:44', NULL),
(300, 'eyJhbGciOiJIUzI1NiIsInR5cCI6IkpXVCJ9.eyJpZCI6MzAzLCJpYXQiOjE3NDY2MjQxMjF9.91ke9882H77l9_fZLPieaIeFgckgVLYktfnFCBHh2Us', NULL, 303, NULL, NULL, 1, NULL, '2025-05-07 13:18:35', '2025-05-07 13:18:35', NULL);

-- --------------------------------------------------------

--
-- Table structure for table `notifications`
--

CREATE TABLE `notifications` (
  `id` int NOT NULL,
  `user_id` int DEFAULT NULL,
  `sender` int DEFAULT NULL,
  `receiver` int DEFAULT NULL,
  `notification_type` varchar(255) DEFAULT NULL,
  `link_id` int DEFAULT NULL,
  `is_read` tinyint(1) DEFAULT NULL,
  `status` int DEFAULT '0' COMMENT '0 means pending, 1 means declined, 2 means accepted',
  `sender_name` varchar(255) DEFAULT NULL,
  `receiver_name` varchar(255) DEFAULT NULL,
  `created_at` datetime NOT NULL,
  `updated_at` datetime NOT NULL,
  `deleted_at` datetime DEFAULT NULL
) ENGINE=InnoDB DEFAULT CHARSET=utf8mb4 COLLATE=utf8mb4_0900_ai_ci;

--
-- Dumping data for table `notifications`
--

INSERT INTO `notifications` (`id`, `user_id`, `sender`, `receiver`, `notification_type`, `link_id`, `is_read`, `status`, `sender_name`, `receiver_name`, `created_at`, `updated_at`, `deleted_at`) VALUES
(2, 222, 222, 209, 'Link', 19, NULL, 2, NULL, NULL, '2024-12-03 06:24:10', '2024-12-06 08:30:55', NULL),
(3, 222, 222, 209, 'Link', 20, NULL, 1, NULL, NULL, '2024-12-04 06:32:02', '2024-12-06 08:31:15', NULL),
(8, 219, 219, 232, 'Link', 25, NULL, 3, NULL, NULL, '2024-12-06 19:34:10', '2024-12-10 21:54:41', NULL),
(9, 222, 222, 165, 'Link', 26, NULL, 0, NULL, NULL, '2024-12-09 10:53:08', '2024-12-09 10:53:08', NULL),
(10, 222, 222, 241, 'Link', 27, NULL, 3, NULL, NULL, '2024-12-09 10:53:53', '2024-12-09 12:43:10', NULL),
(12, 222, 222, 241, 'Link', 29, NULL, 3, NULL, NULL, '2024-12-10 08:16:55', '2024-12-10 08:44:28', NULL),
(14, 222, 241, 222, 'Link', 31, NULL, 2, NULL, NULL, '2024-12-10 09:57:59', '2024-12-10 10:15:47', NULL),
(19, 216, 243, 216, 'Link', 36, NULL, 3, NULL, NULL, '2024-12-10 11:34:43', '2025-01-07 13:00:01', NULL),
(21, 216, 244, 216, 'Link', 38, NULL, 3, NULL, NULL, '2024-12-10 12:00:15', '2024-12-10 12:07:53', NULL),
(23, 219, 219, 232, 'Link', 40, NULL, 3, NULL, NULL, '2024-12-10 21:55:59', '2024-12-19 21:05:28', NULL),
(86, 15, 15, 6, 'Face Scan', NULL, NULL, 0, NULL, NULL, '2024-12-17 04:21:47', '2024-12-17 04:21:47', NULL),
(87, 15, 15, 6, 'Face Scan', NULL, NULL, 0, NULL, NULL, '2024-12-17 04:23:51', '2024-12-17 04:23:51', NULL),
(88, 15, 15, 6, 'Face Scan', NULL, NULL, 0, NULL, NULL, '2024-12-17 04:24:19', '2024-12-17 04:24:19', NULL),
(89, 15, 15, 6, 'Face Scan', NULL, NULL, 0, NULL, NULL, '2024-12-17 04:39:04', '2024-12-17 04:39:04', NULL),
(201, 219, 219, 220, 'Face Scan', NULL, NULL, 0, NULL, NULL, '2024-12-20 21:20:04', '2024-12-20 21:20:04', NULL),
(202, 219, 219, 1, 'Face Scan', NULL, NULL, 0, NULL, NULL, '2024-12-20 21:20:04', '2024-12-20 21:20:04', NULL),
(203, 219, 219, 3, 'Face Scan', NULL, NULL, 0, NULL, NULL, '2024-12-20 21:20:04', '2024-12-20 21:20:04', NULL),
(204, 219, 219, 244, 'Face Scan', NULL, NULL, 0, NULL, NULL, '2024-12-20 21:20:04', '2024-12-20 21:20:04', NULL),
(205, 210, 210, 243, 'Face Scan', NULL, NULL, 0, NULL, NULL, '2024-12-30 06:44:43', '2024-12-30 06:44:43', NULL),
(206, 210, 210, 209, 'Face Scan', NULL, NULL, 0, NULL, NULL, '2024-12-30 06:44:43', '2024-12-30 06:44:43', NULL),
(207, 210, 210, 238, 'Face Scan', NULL, NULL, 0, NULL, NULL, '2024-12-30 06:44:43', '2024-12-30 06:44:43', NULL),
(208, 210, 210, 209, 'Face Scan', NULL, NULL, 0, NULL, NULL, '2024-12-30 06:47:26', '2024-12-30 06:47:26', NULL),
(209, 210, 210, 243, 'Face Scan', NULL, NULL, 0, NULL, NULL, '2024-12-30 06:47:26', '2024-12-30 06:47:26', NULL),
(210, 210, 210, 238, 'Face Scan', NULL, NULL, 0, NULL, NULL, '2024-12-30 06:47:26', '2024-12-30 06:47:26', NULL),
(211, 222, 222, 15, 'Face Scan', NULL, NULL, 0, NULL, NULL, '2025-01-01 11:04:03', '2025-01-01 11:04:03', NULL),
(212, 222, 222, 11, 'Face Scan', NULL, NULL, 0, NULL, NULL, '2025-01-01 11:04:03', '2025-01-01 11:04:03', NULL),
(213, 222, 222, 15, 'Face Scan', NULL, NULL, 0, NULL, NULL, '2025-01-01 11:04:24', '2025-01-01 11:04:24', NULL),
(214, 222, 222, 11, 'Face Scan', NULL, NULL, 0, NULL, NULL, '2025-01-01 11:04:24', '2025-01-01 11:04:24', NULL),
(215, 222, 222, 15, 'Face Scan', NULL, NULL, 0, NULL, NULL, '2025-01-01 11:04:52', '2025-01-01 11:04:52', NULL),
(216, 222, 222, 11, 'Face Scan', NULL, NULL, 0, NULL, NULL, '2025-01-01 11:04:52', '2025-01-01 11:04:52', NULL),
(219, 247, 247, 247, 'Face Scan', NULL, NULL, 0, NULL, NULL, '2025-01-06 13:22:51', '2025-01-06 13:22:51', NULL),
(220, 247, 247, 210, 'Face Scan', NULL, NULL, 0, NULL, NULL, '2025-01-06 13:22:51', '2025-01-06 13:22:51', NULL),
(221, 247, 247, 239, 'Face Scan', NULL, NULL, 0, NULL, NULL, '2025-01-06 13:22:51', '2025-01-06 13:22:51', NULL),
(222, 247, 247, 238, 'Face Scan', NULL, NULL, 0, NULL, NULL, '2025-01-06 13:22:51', '2025-01-06 13:22:51', NULL),
(223, 247, 247, 209, 'Face Scan', NULL, NULL, 0, NULL, NULL, '2025-01-06 13:22:51', '2025-01-06 13:22:51', NULL),
(224, 219, 219, 246, 'Link', 49, NULL, 2, NULL, NULL, '2025-01-06 20:56:12', '2025-01-06 20:56:52', NULL),
(274, 216, 243, 216, 'Link', 50, NULL, 3, NULL, NULL, '2025-01-07 12:58:55', '2025-01-08 13:26:31', NULL),
(278, 216, 243, 216, 'Link', 52, NULL, 3, NULL, NULL, '2025-01-09 06:30:30', '2025-01-09 06:31:35', NULL),
(279, 250, 250, 246, 'Link', 53, NULL, 0, NULL, NULL, '2025-01-10 21:36:25', '2025-01-10 21:36:25', NULL),
(280, 251, 250, 251, 'Link', 54, NULL, 3, NULL, NULL, '2025-01-13 19:05:33', '2025-01-15 22:45:15', NULL),
(281, 250, 232, 250, 'Link', 55, NULL, 3, NULL, NULL, '2025-01-13 19:34:31', '2025-01-13 19:35:55', NULL),
(282, 250, 250, 219, 'Face Scan', NULL, NULL, 0, NULL, NULL, '2025-01-16 23:44:20', '2025-01-16 23:44:20', NULL),
(283, 250, 250, 220, 'Face Scan', NULL, NULL, 0, NULL, NULL, '2025-01-16 23:44:20', '2025-01-16 23:44:20', NULL),
(284, 250, 250, 244, 'Face Scan', NULL, NULL, 0, NULL, NULL, '2025-01-16 23:44:20', '2025-01-16 23:44:20', NULL),
(285, 250, 250, 255, 'Face Scan', NULL, NULL, 0, NULL, NULL, '2025-01-16 23:44:20', '2025-01-16 23:44:20', NULL),
(298, 251, 251, 263, 'Link', 65, NULL, 3, NULL, NULL, '2025-01-21 21:28:35', '2025-05-01 13:57:41', NULL),
(299, 250, 250, 258, 'Face Scan', NULL, NULL, 0, NULL, NULL, '2025-01-27 19:42:58', '2025-01-27 19:42:58', NULL),
(300, 250, 250, 258, 'Face Scan', NULL, NULL, 0, NULL, NULL, '2025-01-27 19:43:12', '2025-01-27 19:43:12', NULL),
(301, 263, 263, 266, 'Face Scan', NULL, NULL, 0, NULL, NULL, '2025-01-28 22:52:47', '2025-01-28 22:52:47', NULL),
(302, 263, 263, 258, 'Face Scan', NULL, NULL, 0, NULL, NULL, '2025-01-28 22:52:47', '2025-01-28 22:52:47', NULL),
(303, 250, 250, 266, 'Face Scan', NULL, NULL, 0, NULL, NULL, '2025-01-28 22:58:46', '2025-01-28 22:58:46', NULL),
(304, 250, 250, 258, 'Face Scan', NULL, NULL, 0, NULL, NULL, '2025-01-28 22:58:47', '2025-01-28 22:58:47', NULL),
(305, 267, 267, 258, 'Face Scan', NULL, NULL, 0, NULL, NULL, '2025-01-29 07:46:40', '2025-01-29 07:46:40', NULL),
(306, 267, 267, 266, 'Face Scan', NULL, NULL, 0, NULL, NULL, '2025-01-29 07:46:40', '2025-01-29 07:46:40', NULL),
(307, 267, 267, 258, 'Face Scan', NULL, NULL, 0, NULL, NULL, '2025-01-29 11:22:28', '2025-01-29 11:22:28', NULL),
(308, 267, 267, 266, 'Face Scan', NULL, NULL, 0, NULL, NULL, '2025-01-29 11:22:28', '2025-01-29 11:22:28', NULL),
(309, 267, 267, 258, 'Face Scan', NULL, NULL, 0, NULL, NULL, '2025-01-29 11:31:35', '2025-01-29 11:31:35', NULL),
(310, 267, 267, 266, 'Face Scan', NULL, NULL, 0, NULL, NULL, '2025-01-29 11:31:35', '2025-01-29 11:31:35', NULL),
(311, 267, 267, 258, 'Face Scan', NULL, NULL, 0, NULL, NULL, '2025-01-29 11:34:22', '2025-01-29 11:34:22', NULL),
(312, 267, 267, 266, 'Face Scan', NULL, NULL, 0, NULL, NULL, '2025-01-29 11:34:22', '2025-01-29 11:34:22', NULL),
(313, 267, 267, 258, 'Face Scan', NULL, NULL, 0, NULL, NULL, '2025-01-29 11:34:45', '2025-01-29 11:34:45', NULL),
(314, 267, 267, 266, 'Face Scan', NULL, NULL, 0, NULL, NULL, '2025-01-29 11:34:45', '2025-01-29 11:34:45', NULL),
(315, 1, 1, 258, 'Face Scan', NULL, NULL, 0, NULL, NULL, '2025-01-29 11:40:39', '2025-01-29 11:40:39', NULL),
(316, 1, 1, 267, 'Face Scan', NULL, NULL, 0, NULL, NULL, '2025-01-29 11:40:39', '2025-01-29 11:40:39', NULL),
(317, 1, 1, 266, 'Face Scan', NULL, NULL, 0, NULL, NULL, '2025-01-29 11:40:40', '2025-01-29 11:40:40', NULL),
(318, 1, 1, 258, 'Face Scan', NULL, NULL, 0, NULL, NULL, '2025-01-29 12:19:27', '2025-01-29 12:19:27', NULL),
(319, 1, 1, 267, 'Face Scan', NULL, NULL, 0, NULL, NULL, '2025-01-29 12:19:27', '2025-01-29 12:19:27', NULL),
(320, 1, 1, 266, 'Face Scan', NULL, NULL, 0, NULL, NULL, '2025-01-29 12:19:27', '2025-01-29 12:19:27', NULL),
(321, 1, 1, 258, 'Face Scan', NULL, NULL, 0, NULL, NULL, '2025-01-29 12:21:26', '2025-01-29 12:21:26', NULL),
(322, 1, 1, 267, 'Face Scan', NULL, NULL, 0, NULL, NULL, '2025-01-29 12:21:26', '2025-01-29 12:21:26', NULL),
(323, 1, 1, 266, 'Face Scan', NULL, NULL, 0, NULL, NULL, '2025-01-29 12:21:26', '2025-01-29 12:21:26', NULL),
(324, 1, 1, 258, 'Face Scan', NULL, NULL, 0, NULL, NULL, '2025-01-29 12:21:39', '2025-01-29 12:21:39', NULL),
(325, 1, 1, 267, 'Face Scan', NULL, NULL, 0, NULL, NULL, '2025-01-29 12:21:39', '2025-01-29 12:21:39', NULL),
(326, 1, 1, 266, 'Face Scan', NULL, NULL, 0, NULL, NULL, '2025-01-29 12:21:40', '2025-01-29 12:21:40', NULL),
(327, 1, 1, 258, 'Face Scan', NULL, NULL, 0, NULL, NULL, '2025-01-29 12:24:47', '2025-01-29 12:24:47', NULL),
(328, 1, 1, 267, 'Face Scan', NULL, NULL, 0, NULL, NULL, '2025-01-29 12:24:47', '2025-01-29 12:24:47', NULL),
(329, 1, 1, 266, 'Face Scan', NULL, NULL, 0, NULL, NULL, '2025-01-29 12:24:48', '2025-01-29 12:24:48', NULL),
(330, 1, 1, 258, 'Face Scan', NULL, NULL, 0, NULL, NULL, '2025-01-29 12:27:35', '2025-01-29 12:27:35', NULL),
(331, 1, 1, 267, 'Face Scan', NULL, NULL, 0, NULL, NULL, '2025-01-29 12:27:35', '2025-01-29 12:27:35', NULL),
(332, 1, 1, 266, 'Face Scan', NULL, NULL, 0, NULL, NULL, '2025-01-29 12:27:35', '2025-01-29 12:27:35', NULL),
(333, 1, 1, 258, 'Face Scan', NULL, NULL, 0, NULL, NULL, '2025-01-29 12:27:47', '2025-01-29 12:27:47', NULL),
(334, 1, 1, 267, 'Face Scan', NULL, NULL, 0, NULL, NULL, '2025-01-29 12:27:47', '2025-01-29 12:27:47', NULL),
(335, 1, 1, 266, 'Face Scan', NULL, NULL, 0, NULL, NULL, '2025-01-29 12:27:48', '2025-01-29 12:27:48', NULL),
(336, 1, 1, 15, 'Face Scan', NULL, NULL, 0, NULL, NULL, '2025-01-30 07:18:57', '2025-01-30 07:18:57', NULL),
(337, 1, 1, 11, 'Face Scan', NULL, NULL, 0, NULL, NULL, '2025-01-30 07:18:57', '2025-01-30 07:18:57', NULL),
(342, 267, 267, 269, 'Face Scan', NULL, NULL, 0, NULL, NULL, '2025-01-31 06:16:53', '2025-01-31 06:16:53', NULL),
(343, 267, 267, 269, 'Face Scan', NULL, NULL, 0, NULL, NULL, '2025-01-31 06:20:46', '2025-01-31 06:20:46', NULL),
(344, 267, 267, 269, 'Face Scan', NULL, NULL, 0, NULL, NULL, '2025-01-31 06:33:10', '2025-01-31 06:33:10', NULL),
(345, 267, 267, 269, 'Face Scan', NULL, NULL, 0, NULL, NULL, '2025-01-31 06:33:25', '2025-01-31 06:33:25', NULL),
(352, 250, 250, 269, 'Face Scan', NULL, NULL, 0, NULL, NULL, '2025-02-10 15:45:29', '2025-02-10 15:45:29', NULL),
(353, 250, 250, 273, 'Face Scan', NULL, NULL, 0, NULL, NULL, '2025-02-10 15:45:30', '2025-02-10 15:45:30', NULL),
(354, 250, 250, 269, 'Face Scan', NULL, NULL, 0, NULL, NULL, '2025-02-10 15:46:15', '2025-02-10 15:46:15', NULL),
(355, 250, 250, 273, 'Face Scan', NULL, NULL, 0, NULL, NULL, '2025-02-10 15:46:15', '2025-02-10 15:46:15', NULL),
(356, 250, 250, 269, 'Face Scan', NULL, NULL, 0, NULL, NULL, '2025-02-10 15:49:02', '2025-02-10 15:49:02', NULL),
(357, 250, 250, 273, 'Face Scan', NULL, NULL, 0, NULL, NULL, '2025-02-10 15:49:02', '2025-02-10 15:49:02', NULL),
(358, 250, 250, 269, 'Face Scan', NULL, NULL, 0, NULL, NULL, '2025-02-10 15:49:39', '2025-02-10 15:49:39', NULL),
(359, 250, 250, 273, 'Face Scan', NULL, NULL, 0, NULL, NULL, '2025-02-10 15:49:39', '2025-02-10 15:49:39', NULL),
(360, 250, 250, 269, 'Face Scan', NULL, NULL, 0, NULL, NULL, '2025-02-10 15:50:49', '2025-02-10 15:50:49', NULL),
(361, 250, 250, 273, 'Face Scan', NULL, NULL, 0, NULL, NULL, '2025-02-10 15:50:49', '2025-02-10 15:50:49', NULL),
(362, 233, 233, 269, 'Face Scan', NULL, NULL, 0, NULL, NULL, '2025-04-04 20:09:52', '2025-04-04 20:09:52', NULL),
(363, 233, 233, 273, 'Face Scan', NULL, NULL, 0, NULL, NULL, '2025-04-04 20:09:53', '2025-04-04 20:09:53', NULL),
(364, 233, 233, 232, 'Link', 66, NULL, 2, NULL, NULL, '2025-04-04 20:10:26', '2025-04-04 21:17:37', NULL),
(365, 232, 232, 269, 'Face Scan', NULL, NULL, 0, NULL, NULL, '2025-04-04 21:18:19', '2025-04-04 21:18:19', NULL),
(366, 232, 232, 273, 'Face Scan', NULL, NULL, 0, NULL, NULL, '2025-04-04 21:18:20', '2025-04-04 21:18:20', NULL),
(367, 232, 232, 251, 'Link', 67, NULL, 2, NULL, NULL, '2025-04-04 21:22:29', '2025-04-04 21:23:08', NULL),
(372, 233, 277, 233, 'Link', 68, NULL, 3, NULL, NULL, '2025-04-04 21:42:33', '2025-04-07 17:36:49', NULL),
(406, 274, 274, 281, 'Face Scan', NULL, NULL, 0, NULL, NULL, '2025-04-17 09:23:21', '2025-04-17 09:23:21', NULL),
(407, 274, 274, 283, 'Face Scan', NULL, NULL, 0, NULL, NULL, '2025-04-17 09:23:21', '2025-04-17 09:23:21', NULL),
(408, 274, 274, 273, 'Face Scan', NULL, NULL, 0, NULL, NULL, '2025-04-17 09:23:21', '2025-04-17 09:23:21', NULL),
(409, 274, 274, 285, 'Face Scan', NULL, NULL, 0, NULL, NULL, '2025-04-17 09:23:21', '2025-04-17 09:23:21', NULL),
(410, 290, 290, 274, 'Face Scan', NULL, NULL, 0, NULL, NULL, '2025-04-18 16:41:19', '2025-04-18 16:41:19', NULL),
(411, 290, 290, 283, 'Face Scan', NULL, NULL, 0, NULL, NULL, '2025-04-18 16:41:19', '2025-04-18 16:41:19', NULL),
(412, 290, 290, 273, 'Face Scan', NULL, NULL, 0, NULL, NULL, '2025-04-18 16:41:19', '2025-04-18 16:41:19', NULL),
(413, 290, 290, 281, 'Face Scan', NULL, NULL, 0, NULL, NULL, '2025-04-18 16:41:19', '2025-04-18 16:41:19', NULL),
(414, 290, 290, 274, 'Face Scan', NULL, NULL, 0, NULL, NULL, '2025-04-18 23:15:35', '2025-04-18 23:15:35', NULL),
(415, 290, 290, 273, 'Face Scan', NULL, NULL, 0, NULL, NULL, '2025-04-18 23:15:35', '2025-04-18 23:15:35', NULL),
(416, 290, 290, 283, 'Face Scan', NULL, NULL, 0, NULL, NULL, '2025-04-18 23:15:35', '2025-04-18 23:15:35', NULL),
(417, 290, 290, 285, 'Face Scan', NULL, NULL, 0, NULL, NULL, '2025-04-19 04:56:29', '2025-04-19 04:56:29', NULL),
(418, 290, 290, 274, 'Face Scan', NULL, NULL, 0, NULL, NULL, '2025-04-19 04:56:30', '2025-04-19 04:56:30', NULL),
(419, 290, 290, 281, 'Face Scan', NULL, NULL, 0, NULL, NULL, '2025-04-19 04:56:30', '2025-04-19 04:56:30', NULL),
(420, 290, 290, 274, 'Face Scan', NULL, NULL, 0, NULL, NULL, '2025-04-19 04:57:24', '2025-04-19 04:57:24', NULL),
(421, 290, 290, 283, 'Face Scan', NULL, NULL, 0, NULL, NULL, '2025-04-19 04:57:25', '2025-04-19 04:57:25', NULL),
(422, 290, 290, 281, 'Face Scan', NULL, NULL, 0, NULL, NULL, '2025-04-19 04:57:25', '2025-04-19 04:57:25', NULL),
(423, 290, 290, 274, 'Face Scan', NULL, NULL, 0, NULL, NULL, '2025-04-19 05:23:00', '2025-04-19 05:23:00', NULL),
(424, 290, 290, 283, 'Face Scan', NULL, NULL, 0, NULL, NULL, '2025-04-19 05:23:00', '2025-04-19 05:23:00', NULL),
(425, 290, 290, 273, 'Face Scan', NULL, NULL, 0, NULL, NULL, '2025-04-19 05:23:00', '2025-04-19 05:23:00', NULL),
(426, 290, 290, 279, 'Link', 70, NULL, 2, NULL, NULL, '2025-04-21 20:57:59', '2025-04-22 18:36:03', NULL),
(455, 251, 251, 296, 'Link', 71, NULL, 3, NULL, NULL, '2025-04-25 20:43:16', '2025-05-01 13:57:41', NULL),
(456, 293, 293, 294, 'Face Scan', NULL, NULL, 0, NULL, NULL, '2025-04-28 10:35:27', '2025-04-28 10:35:27', NULL),
(457, 293, 293, 290, 'Face Scan', NULL, NULL, 0, NULL, NULL, '2025-04-28 10:35:27', '2025-04-28 10:35:27', NULL),
(458, 293, 293, 296, 'Face Scan', NULL, NULL, 0, NULL, NULL, '2025-04-28 10:35:27', '2025-04-28 10:35:27', NULL),
(459, 293, 293, 286, 'Face Scan', NULL, NULL, 0, NULL, NULL, '2025-04-28 10:35:27', '2025-04-28 10:35:27', NULL),
(460, 290, 290, 297, 'Face Scan', NULL, NULL, 0, NULL, NULL, '2025-04-29 03:34:22', '2025-04-29 03:34:22', NULL),
(461, 290, 290, 294, 'Face Scan', NULL, NULL, 0, NULL, NULL, '2025-04-29 03:34:22', '2025-04-29 03:34:22', NULL),
(462, 290, 290, 274, 'Face Scan', NULL, NULL, 0, NULL, NULL, '2025-04-29 03:34:23', '2025-04-29 03:34:23', NULL),
(463, 290, 290, 255, 'Link', 72, NULL, 0, NULL, NULL, '2025-04-29 04:11:57', '2025-04-29 04:11:57', NULL),
(553, 299, 299, 295, 'Face Scan', NULL, NULL, 0, NULL, NULL, '2025-05-01 14:31:42', '2025-05-01 14:31:42', NULL),
(554, 299, 299, 276, 'Face Scan', NULL, NULL, 0, NULL, NULL, '2025-05-01 14:31:42', '2025-05-01 14:31:42', NULL),
(555, 299, 299, 275, 'Face Scan', NULL, NULL, 0, NULL, NULL, '2025-05-01 14:31:42', '2025-05-01 14:31:42', NULL),
(556, 299, 299, 277, 'Face Scan', NULL, NULL, 0, NULL, NULL, '2025-05-01 14:31:42', '2025-05-01 14:31:42', NULL),
(557, 300, 300, 277, 'Face Scan', NULL, NULL, 0, NULL, NULL, '2025-05-01 14:32:24', '2025-05-01 14:32:24', NULL),
(558, 300, 300, 275, 'Face Scan', NULL, NULL, 0, NULL, NULL, '2025-05-01 14:32:24', '2025-05-01 14:32:24', NULL),
(559, 300, 300, 286, 'Face Scan', NULL, NULL, 0, NULL, NULL, '2025-05-01 14:32:24', '2025-05-01 14:32:24', NULL),
(560, 300, 300, 276, 'Face Scan', NULL, NULL, 0, NULL, NULL, '2025-05-01 14:32:24', '2025-05-01 14:32:24', NULL),
(561, 300, 300, 280, 'Face Scan', NULL, NULL, 0, NULL, NULL, '2025-05-01 14:32:24', '2025-05-01 14:32:24', NULL),
(562, 299, 299, 300, 'Link', 80, NULL, 2, 'seth', 'seth', '2025-05-01 14:34:14', '2025-05-01 14:34:55', NULL),
(563, 299, 299, 277, 'Face Scan', NULL, NULL, 0, NULL, NULL, '2025-05-01 14:38:07', '2025-05-01 14:38:07', NULL),
(564, 299, 299, 280, 'Face Scan', NULL, NULL, 0, NULL, NULL, '2025-05-01 14:38:07', '2025-05-01 14:38:07', NULL),
(565, 299, 299, 275, 'Face Scan', NULL, NULL, 0, NULL, NULL, '2025-05-01 14:38:07', '2025-05-01 14:38:07', NULL),
(566, 299, 299, 295, 'Face Scan', NULL, NULL, 0, NULL, NULL, '2025-05-01 14:38:07', '2025-05-01 14:38:07', NULL),
(567, 299, 299, 275, 'Face Scan', NULL, NULL, 0, NULL, NULL, '2025-05-01 14:38:46', '2025-05-01 14:38:46', NULL),
(568, 299, 299, 291, 'Face Scan', NULL, NULL, 0, NULL, NULL, '2025-05-01 14:38:46', '2025-05-01 14:38:46', NULL),
(569, 299, 299, 277, 'Face Scan', NULL, NULL, 0, NULL, NULL, '2025-05-01 14:38:46', '2025-05-01 14:38:46', NULL),
(570, 299, 299, 286, 'Face Scan', NULL, NULL, 0, NULL, NULL, '2025-05-01 14:38:46', '2025-05-01 14:38:46', NULL),
(571, 299, 299, 277, 'Face Scan', NULL, NULL, 0, NULL, NULL, '2025-05-01 14:39:40', '2025-05-01 14:39:40', NULL),
(572, 299, 299, 280, 'Face Scan', NULL, NULL, 0, NULL, NULL, '2025-05-01 14:39:40', '2025-05-01 14:39:40', NULL),
(573, 299, 299, 286, 'Face Scan', NULL, NULL, 0, NULL, NULL, '2025-05-01 14:39:40', '2025-05-01 14:39:40', NULL),
(574, 299, 299, 275, 'Face Scan', NULL, NULL, 0, NULL, NULL, '2025-05-01 14:39:40', '2025-05-01 14:39:40', NULL),
(575, 299, 299, 277, 'Face Scan', NULL, NULL, 0, NULL, NULL, '2025-05-01 14:40:05', '2025-05-01 14:40:05', NULL),
(576, 299, 299, 275, 'Face Scan', NULL, NULL, 0, NULL, NULL, '2025-05-01 14:40:05', '2025-05-01 14:40:05', NULL),
(577, 299, 299, 280, 'Face Scan', NULL, NULL, 0, NULL, NULL, '2025-05-01 14:40:05', '2025-05-01 14:40:05', NULL),
(578, 299, 299, 286, 'Face Scan', NULL, NULL, 0, NULL, NULL, '2025-05-01 14:40:05', '2025-05-01 14:40:05', NULL),
(579, 300, 300, 280, 'Face Scan', NULL, NULL, 0, NULL, NULL, '2025-05-01 14:40:34', '2025-05-01 14:40:34', NULL),
(580, 300, 300, 299, 'Face Scan', NULL, NULL, 0, NULL, NULL, '2025-05-01 14:40:34', '2025-05-01 14:40:34', NULL),
(581, 300, 300, 277, 'Face Scan', NULL, NULL, 0, NULL, NULL, '2025-05-01 14:40:34', '2025-05-01 14:40:34', NULL),
(582, 300, 300, 286, 'Face Scan', NULL, NULL, 0, NULL, NULL, '2025-05-01 14:40:34', '2025-05-01 14:40:34', NULL),
(583, 300, 300, 275, 'Face Scan', NULL, NULL, 0, NULL, NULL, '2025-05-01 14:40:34', '2025-05-01 14:40:34', NULL),
(584, 299, 299, 296, 'Face Scan', NULL, NULL, 0, NULL, NULL, '2025-05-01 14:41:06', '2025-05-01 14:41:06', NULL),
(585, 299, 299, 286, 'Face Scan', NULL, NULL, 0, NULL, NULL, '2025-05-01 14:41:06', '2025-05-01 14:41:06', NULL),
(586, 299, 299, 275, 'Face Scan', NULL, NULL, 0, NULL, NULL, '2025-05-01 14:41:06', '2025-05-01 14:41:06', NULL),
(587, 299, 299, 269, 'Face Scan', NULL, NULL, 0, NULL, NULL, '2025-05-01 14:41:06', '2025-05-01 14:41:06', NULL),
(588, 224, 224, 244, 'Link', 81, NULL, 2, 'Shankar', 'hovind', '2025-05-02 04:40:09', '2025-05-02 04:41:10', NULL),
(591, 267, 267, 301, 'Link', 84, NULL, 2, 'saurabh', 'raman', '2025-05-02 05:14:42', '2025-05-02 05:14:48', NULL),
(592, 267, 267, 294, 'Link', 85, NULL, 2, 'saurabh', 'garvit', '2025-05-02 07:15:46', '2025-05-02 07:15:51', NULL),
(593, NULL, 24, 267, 'Link', 86, NULL, 3, ' ssv', 'saurabh', '2025-05-02 08:19:56', '2025-05-02 13:05:59', NULL),
(594, 75, 75, 24, 'Link', 87, NULL, 3, 'bdbs', ' ssv', '2025-05-02 13:05:41', '2025-05-02 13:08:19', NULL);

-- --------------------------------------------------------

--
-- Table structure for table `permissions`
--

CREATE TABLE `permissions` (
  `id` int NOT NULL,
  `user_id` int DEFAULT NULL,
  `location_share` tinyint(1) NOT NULL DEFAULT '0',
  `photo_access` tinyint(1) NOT NULL DEFAULT '0',
  `camera_access` tinyint(1) NOT NULL DEFAULT '0',
  `send_push_notification` tinyint(1) NOT NULL DEFAULT '0',
  `share_social_media` tinyint(1) NOT NULL DEFAULT '0',
  `facebook_access` tinyint(1) NOT NULL DEFAULT '0',
  `instagram_access` tinyint(1) NOT NULL DEFAULT '0',
  `x_handle_access` tinyint(1) NOT NULL DEFAULT '0',
  `tiktok_access` tinyint(1) NOT NULL DEFAULT '0',
  `snapchat_access` tinyint(1) NOT NULL DEFAULT '0',
  `theliveapp_access` tinyint(1) NOT NULL DEFAULT '0',
  `linkedin_access` tinyint(1) NOT NULL DEFAULT '0',
  `spotify_access` tinyint(1) NOT NULL DEFAULT '0',
  `pitnerest_access` tinyint(1) NOT NULL DEFAULT '0',
  `created_at` datetime NOT NULL,
  `updated_at` datetime NOT NULL,
  `deleted_at` datetime DEFAULT NULL
) ENGINE=InnoDB DEFAULT CHARSET=utf8mb4 COLLATE=utf8mb4_0900_ai_ci;

-- --------------------------------------------------------

--
-- Table structure for table `posts`
--

CREATE TABLE `posts` (
  `id` int NOT NULL,
  `user_id` int DEFAULT NULL,
  `venue_event` text,
  `location` text,
  `share_with` varchar(255) DEFAULT NULL,
  `created_time` datetime DEFAULT NULL,
  `updated_time` datetime DEFAULT NULL,
  `created_at` datetime NOT NULL,
  `updated_at` datetime NOT NULL,
  `deleted_at` datetime DEFAULT NULL
) ENGINE=InnoDB DEFAULT CHARSET=utf8mb4 COLLATE=utf8mb4_0900_ai_ci;

-- --------------------------------------------------------

--
-- Table structure for table `profile_links`
--

CREATE TABLE `profile_links` (
  `id` int NOT NULL,
  `user_id` int DEFAULT NULL,
  `sender` int DEFAULT NULL,
  `receiver` int DEFAULT NULL,
  `link_date` date DEFAULT NULL,
  `status` int NOT NULL DEFAULT '0' COMMENT '0 means pending, 1 means declined, 2 means accepted',
  `created_at` datetime NOT NULL,
  `updated_at` datetime NOT NULL,
  `deleted_at` datetime DEFAULT NULL
) ENGINE=InnoDB DEFAULT CHARSET=utf8mb4 COLLATE=utf8mb4_0900_ai_ci;

--
-- Dumping data for table `profile_links`
--

INSERT INTO `profile_links` (`id`, `user_id`, `sender`, `receiver`, `link_date`, `status`, `created_at`, `updated_at`, `deleted_at`) VALUES
(1, 15, 15, 2, '1996-02-25', 2, '2024-12-02 07:58:38', '2024-12-02 08:16:15', NULL),
(3, 222, 222, 2, '1996-02-25', 0, '2024-12-02 11:29:35', '2024-12-02 11:29:35', NULL),
(19, 222, 222, 209, '1996-02-25', 2, '2024-12-03 06:24:10', '2024-12-06 08:30:55', NULL),
(20, 222, 222, 209, '1996-02-25', 1, '2024-12-04 06:32:02', '2024-12-06 08:31:15', NULL),
(25, 219, 219, 232, '2022-03-03', 3, '2024-12-06 19:34:10', '2024-12-10 21:54:41', NULL),
(26, 222, 222, 165, '1996-02-25', 0, '2024-12-09 10:53:08', '2024-12-09 10:53:08', NULL),
(27, 222, 222, 241, '1996-03-25', 3, '2024-12-09 10:53:53', '2024-12-09 12:43:10', NULL),
(29, 222, 222, 241, '1996-05-25', 3, '2024-12-10 08:16:55', '2024-12-10 08:44:28', NULL),
(31, 222, 222, 241, '1996-05-25', 3, '2024-12-10 09:57:59', '2024-12-10 10:15:47', NULL),
(36, 216, 216, 243, '2020-03-02', 3, '2024-12-10 11:34:43', '2025-01-07 13:00:01', NULL),
(38, 216, 216, 244, '2023-02-02', 3, '2024-12-10 12:00:15', '2024-12-10 12:07:53', NULL),
(40, 219, 219, 232, '2022-03-03', 3, '2024-12-10 21:55:59', '2024-12-19 21:05:28', NULL),
(49, 219, 219, 246, '2024-02-02', 2, '2025-01-06 20:56:12', '2025-01-06 20:56:52', NULL),
(50, 216, 216, 243, '2024-02-02', 3, '2025-01-07 12:58:55', '2025-01-08 13:26:31', NULL),
(52, 216, 216, 243, '2024-02-02', 3, '2025-01-09 06:30:30', '2025-01-09 06:31:35', NULL),
(53, 250, 250, 246, '2024-02-01', 0, '2025-01-10 21:36:25', '2025-01-10 21:36:25', NULL),
(54, 251, 251, 250, '1996-02-01', 3, '2025-01-13 19:05:33', '2025-01-15 22:45:15', NULL),
(55, 250, 250, 232, '2024-02-02', 3, '2025-01-13 19:34:31', '2025-01-13 19:35:55', NULL),
(65, 251, 251, 263, '2025-01-21', 3, '2025-01-21 21:28:35', '2025-05-01 13:57:41', NULL),
(66, 233, 233, 232, '2025-01-01', 2, '2025-04-04 20:10:26', '2025-04-04 21:17:37', NULL),
(67, 232, 232, 251, '2025-01-02', 2, '2025-04-04 21:22:29', '2025-04-04 21:23:08', NULL),
(68, 233, 233, 277, '2025-01-02', 3, '2025-04-04 21:42:33', '2025-04-07 17:36:49', NULL),
(70, 290, 290, 279, '2022-03-02', 2, '2025-04-21 20:57:59', '2025-04-22 18:36:03', NULL),
(71, 251, 251, 296, '2023-02-03', 3, '2025-04-25 20:43:16', '2025-05-01 13:57:41', NULL),
(72, 290, 290, 255, '2025-03-03', 0, '2025-04-29 04:11:57', '2025-04-29 04:11:57', NULL),
(80, 299, 299, 300, '2025-01-02', 2, '2025-05-01 14:34:14', '2025-05-01 14:34:55', NULL),
(81, 224, 224, 244, '1996-05-25', 2, '2025-05-02 04:40:09', '2025-05-02 04:41:10', NULL),
(84, 267, 267, 301, '2024-02-02', 2, '2025-05-02 05:14:42', '2025-05-02 05:14:48', NULL),
(85, 267, 267, 294, '2022-01-02', 2, '2025-05-02 07:15:46', '2025-05-02 07:15:51', NULL),
(86, NULL, 24, 267, '2023-02-02', 3, '2025-05-02 08:19:56', '2025-05-02 13:05:59', NULL),
(87, 75, 75, 24, '2024-02-01', 3, '2025-05-02 13:05:41', '2025-05-02 13:08:19', NULL);

-- --------------------------------------------------------

--
-- Table structure for table `request_logs`
--

CREATE TABLE `request_logs` (
  `id` int NOT NULL,
  `host` varchar(255) NOT NULL,
  `method` varchar(10) NOT NULL,
  `api_token` varchar(255) NOT NULL,
  `user_agent` varchar(255) DEFAULT NULL,
  `base_url` varchar(255) DEFAULT NULL,
  `full_url` varchar(255) DEFAULT NULL,
  `route` varchar(255) DEFAULT NULL,
  `ip` varchar(100) DEFAULT NULL,
  `body` json DEFAULT NULL,
  `created_at` datetime NOT NULL DEFAULT CURRENT_TIMESTAMP,
  `updated_at` datetime DEFAULT CURRENT_TIMESTAMP ON UPDATE CURRENT_TIMESTAMP,
  `deleted_at` datetime DEFAULT NULL
) ENGINE=InnoDB DEFAULT CHARSET=utf8mb4 COLLATE=utf8mb4_0900_ai_ci;

-- --------------------------------------------------------

--
-- Table structure for table `search_histories`
--

CREATE TABLE `search_histories` (
  `id` int NOT NULL,
  `user_id` int NOT NULL,
  `date` datetime NOT NULL,
  `type` longtext CHARACTER SET utf8mb4 COLLATE utf8mb4_0900_ai_ci NOT NULL,
  `lat` varchar(255) DEFAULT NULL,
  `long` varchar(255) DEFAULT NULL,
  `is_soft_delete` int NOT NULL DEFAULT '0',
  `results` int NOT NULL,
  `url` longtext,
  `name` varchar(255) DEFAULT NULL,
  `face_token` longtext,
  `created_at` datetime NOT NULL,
  `updated_at` datetime NOT NULL,
  `deleted_at` datetime DEFAULT NULL
) ENGINE=InnoDB DEFAULT CHARSET=utf8mb4 COLLATE=utf8mb4_0900_ai_ci;

--
-- Dumping data for table `search_histories`
--

INSERT INTO `search_histories` (`id`, `user_id`, `date`, `type`, `lat`, `long`, `is_soft_delete`, `results`, `url`, `name`, `face_token`, `created_at`, `updated_at`, `deleted_at`) VALUES
(31, 244, '2024-12-18 11:19:04', 'Face scan', NULL, NULL, 0, 1, NULL, 'Test', NULL, '2024-12-18 11:19:04', '2024-12-18 11:19:04', NULL),
(32, 244, '2024-12-18 11:20:13', 'Face scan', NULL, NULL, 0, 1, NULL, 'Test', NULL, '2024-12-18 11:20:13', '2024-12-18 11:20:13', NULL),
(33, 244, '2024-12-18 11:21:57', 'Face scan', NULL, NULL, 0, 1, NULL, 'Test', NULL, '2024-12-18 11:21:57', '2024-12-18 11:21:57', NULL),
(34, 244, '2024-12-18 11:25:18', 'Face scan', NULL, NULL, 0, 1, NULL, 'Test', 'be89464ef24924f24745675ff248664b', '2024-12-18 11:25:18', '2024-12-18 11:25:18', NULL),
(35, 244, '2024-12-18 11:26:00', 'Face scan', NULL, NULL, 0, 1, NULL, 'Test', 'be89464ef24924f24745675ff248664b', '2024-12-18 11:26:00', '2024-12-18 11:26:00', NULL),
(36, 244, '2024-12-18 11:27:06', 'Photo', NULL, NULL, 0, 1, 'https://cadooga-react-native-app.s3.us-east-2.amazonaws.com/1734521226396_image.jpg', 'Test', NULL, '2024-12-18 11:27:06', '2024-12-18 11:27:06', NULL),
(37, 244, '2024-12-18 11:29:32', 'Photo', NULL, NULL, 0, 1, 'https://cadooga-react-native-app.s3.us-east-2.amazonaws.com/1734521372608_image.jpg', 'Test', 'da3f979fa9a915410b72f04ec38e94b7', '2024-12-18 11:29:32', '2024-12-18 11:29:32', NULL),
(38, 244, '2024-12-18 11:32:42', 'Face scan', NULL, NULL, 0, 5, NULL, 'Test', 'd0728254733511c5171e83e86219a175', '2024-12-18 11:32:42', '2024-12-18 11:32:42', NULL),
(39, 244, '2024-12-18 11:33:53', 'Face scan', NULL, NULL, 0, 1, NULL, 'Test', '865b5962f67d1ac27edcee03c4e275ee', '2024-12-18 11:33:53', '2024-12-18 11:33:53', NULL),
(40, 244, '2024-12-18 11:45:35', 'Name', NULL, NULL, 0, 1, NULL, 'Test', NULL, '2024-12-18 11:45:35', '2024-12-18 11:45:35', NULL),
(41, 244, '2024-12-18 11:45:46', 'Name', NULL, NULL, 0, 1, NULL, 'Test', NULL, '2024-12-18 11:45:46', '2024-12-18 11:45:46', NULL),
(42, 244, '2024-12-18 11:46:05', 'Name', NULL, NULL, 0, 0, NULL, 'Mis', NULL, '2024-12-18 11:46:05', '2024-12-18 11:46:05', NULL),
(43, 244, '2024-12-18 11:46:28', 'Name', NULL, NULL, 0, 1, NULL, 'Raman', NULL, '2024-12-18 11:46:28', '2024-12-18 11:46:28', NULL),
(44, 244, '2024-12-18 11:46:50', 'Name', NULL, NULL, 0, 1, NULL, 'Te', NULL, '2024-12-18 11:46:50', '2024-12-18 11:46:50', NULL),
(45, 244, '2024-12-18 11:48:47', 'Face scan', NULL, NULL, 0, 1, NULL, 'Te', 'cd6708f4ff3c607e99490a97e7e26592', '2024-12-18 11:48:47', '2024-12-18 11:48:47', NULL),
(46, 244, '2024-12-18 11:49:14', 'Face scan', NULL, NULL, 0, 1, NULL, 'Test', '70ce249deee7e3e4318962ea75b6dc6d', '2024-12-18 11:49:14', '2024-12-18 11:49:14', NULL),
(47, 244, '2024-12-18 11:50:02', 'Face scan', NULL, NULL, 0, 5, NULL, 'test', NULL, '2024-12-18 11:50:02', '2024-12-18 11:50:02', NULL),
(48, 244, '2024-12-18 11:51:56', 'Face scan', NULL, NULL, 0, 5, NULL, 'test', NULL, '2024-12-18 11:51:56', '2024-12-18 11:51:56', NULL),
(49, 244, '2024-12-18 11:52:11', 'Face scan', NULL, NULL, 0, 5, NULL, 'Test', NULL, '2024-12-18 11:52:11', '2024-12-18 11:52:11', NULL),
(50, 244, '2024-12-18 11:52:42', 'Face scan', NULL, NULL, 0, 1, NULL, 'Test', '2a6d17b72da45d5cde36096cd57ab259', '2024-12-18 11:52:42', '2024-12-18 11:52:42', NULL),
(51, 244, '2024-12-18 11:53:24', 'Face scan', NULL, NULL, 0, 1, NULL, 'Test', NULL, '2024-12-18 11:53:24', '2024-12-18 11:53:24', NULL),
(52, 244, '2024-12-18 11:53:43', 'Face scan', NULL, NULL, 0, 1, NULL, 'Test', NULL, '2024-12-18 11:53:43', '2024-12-18 11:53:43', NULL),
(53, 244, '2024-12-18 11:54:08', 'Face scan', NULL, NULL, 0, 5, NULL, 'Test', NULL, '2024-12-18 11:54:08', '2024-12-18 11:54:08', NULL),
(54, 244, '2024-12-18 11:54:46', 'Face scan', NULL, NULL, 0, 5, NULL, 'Test', 'wdkefdjehfe', '2024-12-18 11:54:46', '2024-12-18 11:54:46', NULL),
(55, 244, '2024-12-18 11:57:24', 'Photo', NULL, NULL, 0, 1, 'https://cadooga-react-native-app.s3.us-east-2.amazonaws.com/1734523044268_image.jpg', 'Test', 'c8d37adafc2a1314222d3842ca66378a', '2024-12-18 11:57:24', '2024-12-18 11:57:24', NULL),
(56, 244, '2024-12-18 11:57:44', 'Face scan', NULL, NULL, 0, 1, NULL, 'Test', 'wdkefdjehfe', '2024-12-18 11:57:44', '2024-12-18 11:57:44', NULL),
(57, 244, '2024-12-18 11:58:23', 'Face scan', NULL, NULL, 0, 5, NULL, 'Test', 'wdkefdjehfe', '2024-12-18 11:58:23', '2024-12-18 11:58:23', NULL),
(58, 244, '2024-12-18 11:59:03', 'Face scan', NULL, NULL, 0, 1, NULL, 'Test', '5403dc47aa3c817ecabd8d456b09c449', '2024-12-18 11:59:03', '2024-12-18 11:59:03', NULL),
(59, 244, '2024-12-19 06:47:13', 'Name', NULL, NULL, 0, 6, NULL, 'test', NULL, '2024-12-19 06:47:13', '2024-12-19 06:47:13', NULL),
(60, 244, '2024-12-19 06:59:26', 'Name', NULL, NULL, 0, 6, NULL, 'Test', NULL, '2024-12-19 06:59:26', '2024-12-19 06:59:26', NULL),
(61, 244, '2024-12-19 06:59:35', 'Name', NULL, NULL, 0, 6, NULL, 'Test', NULL, '2024-12-19 06:59:35', '2024-12-19 06:59:35', NULL),
(62, 244, '2024-12-19 06:59:38', 'Name', NULL, NULL, 0, 6, NULL, 'Test', NULL, '2024-12-19 06:59:38', '2024-12-19 06:59:38', NULL),
(63, 244, '2024-12-19 07:03:11', 'Face scan', NULL, NULL, 0, 1, NULL, 'Test', 'be89464ef24924f24745675ff248664b', '2024-12-19 07:03:11', '2024-12-19 07:03:11', NULL),
(64, 244, '2024-12-19 07:03:41', 'Name', NULL, NULL, 0, 6, NULL, 'Test', NULL, '2024-12-19 07:03:41', '2024-12-19 07:03:41', NULL),
(65, 244, '2024-12-19 07:04:24', 'Name', NULL, NULL, 0, 6, NULL, 'Test', NULL, '2024-12-19 07:04:24', '2024-12-19 07:04:24', NULL),
(66, 244, '2024-12-19 07:05:13', 'Name', NULL, NULL, 0, 6, NULL, 'Test', NULL, '2024-12-19 07:05:13', '2024-12-19 07:05:13', NULL),
(67, 244, '2024-12-19 07:10:56', 'Face scan', NULL, NULL, 1, 1, NULL, 'Test', 'be89464ef24924f24745675ff248664b', '2024-12-19 07:10:56', '2024-12-19 10:14:36', NULL),
(68, 244, '2024-12-19 07:12:14', 'Name', NULL, NULL, 1, 6, NULL, 'Test', NULL, '2024-12-19 07:12:14', '2024-12-19 10:12:29', NULL),
(69, 244, '2024-12-19 08:10:17', 'Name', NULL, NULL, 1, 6, NULL, 'Test', NULL, '2024-12-19 08:10:17', '2024-12-19 10:11:11', NULL),
(70, 243, '2024-12-19 12:59:03', 'Name', NULL, NULL, 0, 5, NULL, 'Test', NULL, '2024-12-19 12:59:03', '2024-12-19 12:59:03', NULL),
(71, 243, '2024-12-19 12:59:12', 'Name', NULL, NULL, 0, 5, NULL, 'Test', NULL, '2024-12-19 12:59:12', '2024-12-19 12:59:12', NULL),
(72, 219, '2024-12-19 18:29:37', 'Name', NULL, NULL, 1, 2, NULL, 'Sethtest', NULL, '2024-12-19 18:29:37', '2024-12-19 18:31:06', NULL),
(73, 219, '2024-12-19 18:30:12', 'Name', NULL, NULL, 0, 1, NULL, 'Hovind', NULL, '2024-12-19 18:30:12', '2024-12-19 18:31:16', NULL),
(74, 219, '2024-12-19 18:30:39', 'Name', NULL, NULL, 0, 2, NULL, 'Sethtest', NULL, '2024-12-19 18:30:39', '2024-12-20 21:18:53', NULL),
(75, 232, '2024-12-19 18:32:57', 'Name', NULL, NULL, 0, 1, NULL, 'Sethtest8', NULL, '2024-12-19 18:32:57', '2024-12-19 18:32:57', NULL),
(76, 219, '2024-12-19 18:52:04', 'Name', NULL, NULL, 0, 1, NULL, 'Hovind', NULL, '2024-12-19 18:52:04', '2024-12-19 18:52:04', NULL),
(77, 219, '2024-12-19 20:30:15', 'Name', NULL, NULL, 0, 2, NULL, 'Sethtest', NULL, '2024-12-19 20:30:15', '2024-12-19 20:30:15', NULL),
(78, 219, '2024-12-20 21:20:04', 'Face Scan', NULL, NULL, 0, 2, NULL, 'Sethtest', '3b8137f73e84b6980bbcb380cf057a0b', '2024-12-20 21:20:04', '2024-12-20 21:20:04', NULL),
(79, 210, '2024-12-30 06:44:43', 'Face Scan', NULL, NULL, 0, 29, NULL, 'H', 'c47f5e8f4e88c53671f4de5e82d951cc', '2024-12-30 06:44:43', '2024-12-30 06:44:43', NULL),
(80, 210, '2024-12-30 06:47:26', 'Face Scan', NULL, NULL, 0, 1, NULL, 'Test', '9bea074e4ddc0aee1254793a49992598', '2024-12-30 06:47:26', '2024-12-30 06:47:26', NULL),
(81, 222, '2024-12-30 07:19:58', 'Name', NULL, NULL, 0, 6, NULL, 'test', NULL, '2024-12-30 07:19:58', '2024-12-30 07:19:58', NULL),
(82, 222, '2025-01-01 11:04:03', 'Face Scan', NULL, NULL, 0, 1, NULL, 'ritika', NULL, '2025-01-01 11:04:03', '2025-01-01 11:04:03', NULL),
(83, 222, '2025-01-01 11:04:24', 'Face Scan', NULL, NULL, 0, 1, NULL, 'ritika', NULL, '2025-01-01 11:04:24', '2025-01-01 11:04:24', NULL),
(84, 222, '2025-01-01 11:04:52', 'Face Scan', NULL, NULL, 0, 1, NULL, 'ritika', NULL, '2025-01-01 11:04:52', '2025-01-01 11:04:52', NULL),
(85, 247, '2025-01-06 13:22:51', 'Face Scan', NULL, NULL, 0, 5, NULL, 'Test', '5afa590235c702e0b0a613983972cb21', '2025-01-06 13:22:51', '2025-01-06 13:22:51', NULL),
(86, 243, '2025-01-07 06:26:03', 'Face Scan', NULL, NULL, 0, 1, NULL, 'Ggg', '3e00b0a9cd7913e6cc86b0bface068ce', '2025-01-07 06:26:03', '2025-01-07 06:26:03', NULL),
(87, 243, '2025-01-07 06:26:31', 'Face Scan', NULL, NULL, 0, 1, NULL, 'Ggg', '646ee552d98fa28a526086eac03cf902', '2025-01-07 06:26:31', '2025-01-07 06:26:31', NULL),
(88, 243, '2025-01-07 06:27:02', 'Face Scan', NULL, NULL, 1, 1, NULL, 'Ggg', 'c8757a49c4a76bcb88983408a87d44b6', '2025-01-07 06:27:02', '2025-01-07 07:30:51', NULL),
(89, 243, '2025-01-07 06:27:37', 'Face Scan', NULL, NULL, 1, 1, NULL, 'Ggg', 'af88405a4e8c312acd8516b3fda7adfd', '2025-01-07 06:27:37', '2025-01-07 07:30:43', NULL),
(90, 243, '2025-01-07 06:27:59', 'Face Scan', NULL, NULL, 1, 1, NULL, 'Ggg', 'ea856ca5c8bf43c0589367adfc383395', '2025-01-07 06:27:59', '2025-01-07 07:30:35', NULL),
(91, 243, '2025-01-07 07:26:43', 'Face Scan', NULL, NULL, 1, 5, NULL, 'Test', 'a1b86ee4ddd6f1e60d5f2de31c74d116', '2025-01-07 07:26:43', '2025-01-07 07:30:26', NULL),
(92, 243, '2025-01-07 07:31:22', 'Face Scan', NULL, NULL, 0, 5, NULL, 'Test', '1c7ed0ecb0c05573b09bff1bc35aadf2', '2025-01-07 07:31:22', '2025-01-07 07:31:22', NULL),
(93, 243, '2025-01-07 07:52:39', 'Face Scan', NULL, NULL, 0, 1, NULL, 'Tst', 'dc787a523b9ee86d65d7e299146e5e5d', '2025-01-07 07:52:39', '2025-01-07 07:52:39', NULL),
(94, 243, '2025-01-07 07:53:26', 'Face Scan', NULL, NULL, 0, 1, NULL, 'Tst', '623ff504c5ace319fa8f29a0ca198be9', '2025-01-07 07:53:26', '2025-01-07 07:53:26', NULL),
(95, 243, '2025-01-07 08:28:52', 'Name', NULL, NULL, 0, 6, NULL, 'Test', NULL, '2025-01-07 08:28:52', '2025-01-07 08:28:52', NULL),
(96, 243, '2025-01-07 08:30:15', 'Name', NULL, NULL, 0, 0, NULL, 'Raman', NULL, '2025-01-07 08:30:15', '2025-01-07 08:30:15', NULL),
(97, 243, '2025-01-07 08:30:23', 'Name', NULL, NULL, 0, 0, NULL, 'Raman', NULL, '2025-01-07 08:30:23', '2025-01-07 08:30:23', NULL),
(98, 243, '2025-01-07 08:30:43', 'Name', NULL, NULL, 0, 6, NULL, 'Test', NULL, '2025-01-07 08:30:43', '2025-01-07 08:30:43', NULL),
(99, 243, '2025-01-07 09:45:38', 'Name', NULL, NULL, 0, 0, NULL, 'Testgggg', NULL, '2025-01-07 09:45:38', '2025-01-07 09:45:38', NULL),
(100, 243, '2025-01-07 09:45:45', 'Name', NULL, NULL, 0, 6, NULL, 'Test', NULL, '2025-01-07 09:45:45', '2025-01-07 09:45:45', NULL),
(101, 243, '2025-01-07 09:46:17', 'Face Scan', NULL, NULL, 0, 5, NULL, 'Test', '2675e95212490f346e84305bc93699f6', '2025-01-07 09:46:17', '2025-01-07 09:46:17', NULL),
(102, 243, '2025-01-07 09:46:38', 'Face Scan', NULL, NULL, 0, 0, NULL, 'Testbedhzv5', 'a55ebf0117dabe219e43789ce6c36403', '2025-01-07 09:46:38', '2025-01-07 09:46:38', NULL),
(103, 243, '2025-01-07 09:47:02', 'Photo', NULL, NULL, 0, 0, 'https://cadooga-react-native-app.s3.us-east-2.amazonaws.com/1736243221951_image.jpg', 'Testbedhzv5', NULL, '2025-01-07 09:47:02', '2025-01-07 09:47:02', NULL),
(104, 243, '2025-01-07 09:47:46', 'Face Scan', NULL, NULL, 0, 0, NULL, 'Testbedhzv5', 'a55ebf0117dabe219e43789ce6c36403', '2025-01-07 09:47:46', '2025-01-07 09:47:46', NULL),
(105, 243, '2025-01-07 09:47:54', 'Face Scan', NULL, NULL, 0, 5, NULL, 'Test', '2675e95212490f346e84305bc93699f6', '2025-01-07 09:47:54', '2025-01-07 09:47:54', NULL),
(106, 243, '2025-01-07 09:48:04', 'Name', NULL, NULL, 0, 6, NULL, 'Test', NULL, '2025-01-07 09:48:04', '2025-01-07 09:48:04', NULL),
(107, 243, '2025-01-07 12:31:47', 'Name', NULL, NULL, 0, 0, NULL, 'Govind', NULL, '2025-01-07 12:31:47', '2025-01-07 12:31:47', NULL),
(108, 243, '2025-01-07 12:53:11', 'Name', NULL, NULL, 0, 0, NULL, 'Dev', NULL, '2025-01-07 12:53:11', '2025-01-07 12:53:11', NULL),
(109, 243, '2025-01-07 12:54:57', 'Name', NULL, NULL, 0, 1, NULL, 'Dev', NULL, '2025-01-07 12:54:57', '2025-01-07 12:54:57', NULL),
(110, 216, '2025-01-07 12:56:47', 'Name', NULL, NULL, 0, 1, NULL, 'Raman', NULL, '2025-01-07 12:56:47', '2025-01-07 12:56:47', NULL),
(111, 216, '2025-01-07 12:58:00', 'Name', NULL, NULL, 0, 1, NULL, 'Raman', NULL, '2025-01-07 12:58:00', '2025-01-07 12:58:00', NULL),
(112, 243, '2025-01-07 13:00:26', 'Name', NULL, NULL, 0, 1, NULL, 'Dev', NULL, '2025-01-07 13:00:26', '2025-01-07 13:00:26', NULL),
(113, 243, '2025-01-08 11:32:49', 'Name', NULL, NULL, 0, 6, NULL, 'Test', NULL, '2025-01-08 11:32:49', '2025-01-08 11:32:49', NULL),
(114, 216, '2025-01-08 11:45:33', 'Name', NULL, NULL, 0, 8, NULL, 'd', NULL, '2025-01-08 11:45:33', '2025-01-08 11:45:33', NULL),
(115, 216, '2025-01-08 11:46:17', 'Name', NULL, NULL, 0, 0, NULL, 'Eere', NULL, '2025-01-08 11:46:17', '2025-01-08 11:46:17', NULL),
(116, 216, '2025-01-08 11:46:46', 'Name', NULL, NULL, 0, 0, NULL, 'Ede', NULL, '2025-01-08 11:46:46', '2025-01-08 11:46:46', NULL),
(117, 216, '2025-01-08 11:47:57', 'Name', NULL, NULL, 0, 0, NULL, 'frfrfr', NULL, '2025-01-08 11:47:57', '2025-01-08 11:47:57', NULL),
(118, 216, '2025-01-08 11:49:00', 'Name', NULL, NULL, 0, 0, NULL, 'dfghj', NULL, '2025-01-08 11:49:00', '2025-01-08 11:49:00', NULL),
(119, 243, '2025-01-08 11:51:11', 'Name', NULL, NULL, 0, 6, NULL, 'Test', NULL, '2025-01-08 11:51:11', '2025-01-08 11:51:11', NULL),
(120, 243, '2025-01-08 11:58:22', 'Name', NULL, NULL, 0, 0, NULL, 'sasasa', NULL, '2025-01-08 11:58:22', '2025-01-08 11:58:22', NULL),
(121, 243, '2025-01-08 11:59:15', 'Name', NULL, NULL, 0, 0, NULL, 'Wdwdw', NULL, '2025-01-08 11:59:15', '2025-01-08 11:59:15', NULL),
(122, 243, '2025-01-08 12:13:08', 'Name', NULL, NULL, 0, 1, NULL, 'Dev', NULL, '2025-01-08 12:13:08', '2025-01-08 12:13:08', NULL),
(123, 243, '2025-01-08 12:13:32', 'Name', NULL, NULL, 0, 1, NULL, 'Dev', NULL, '2025-01-08 12:13:32', '2025-01-08 12:13:32', NULL),
(124, 243, '2025-01-08 12:16:52', 'Name', NULL, NULL, 0, 1, NULL, 'Dev', NULL, '2025-01-08 12:16:52', '2025-01-08 12:16:52', NULL),
(125, 243, '2025-01-08 12:20:22', 'Face Scan', NULL, NULL, 0, 1, NULL, 'de', NULL, '2025-01-08 12:20:22', '2025-01-08 12:20:22', NULL),
(126, 243, '2025-01-08 12:25:50', 'Name', NULL, NULL, 0, 1, NULL, 'Dev', NULL, '2025-01-08 12:25:50', '2025-01-08 12:25:50', NULL),
(127, 243, '2025-01-08 12:30:12', 'Name', NULL, NULL, 0, 1, NULL, 'Dev', NULL, '2025-01-08 12:30:12', '2025-01-08 12:30:12', NULL),
(128, 243, '2025-01-08 12:43:31', 'Name', NULL, NULL, 0, 1, NULL, 'Dev', NULL, '2025-01-08 12:43:31', '2025-01-08 12:43:31', NULL),
(129, 243, '2025-01-08 12:44:29', 'Name', NULL, NULL, 0, 1, NULL, 'Dev', NULL, '2025-01-08 12:44:29', '2025-01-08 12:44:29', NULL),
(130, 216, '2025-01-08 12:46:48', 'Name', NULL, NULL, 0, 0, NULL, 'asdfgh', NULL, '2025-01-08 12:46:48', '2025-01-08 12:46:48', NULL),
(131, 216, '2025-01-08 12:46:58', 'Name', NULL, NULL, 0, 1, NULL, 'raman', NULL, '2025-01-08 12:46:58', '2025-01-08 12:46:58', NULL),
(132, 243, '2025-01-08 12:48:51', 'Name', NULL, NULL, 0, 1, NULL, 'Dev', NULL, '2025-01-08 12:48:51', '2025-01-08 12:48:51', NULL),
(133, 243, '2025-01-08 12:49:06', 'Name', NULL, NULL, 0, 1, NULL, 'Dev', NULL, '2025-01-08 12:49:06', '2025-01-08 12:49:06', NULL),
(134, 243, '2025-01-08 13:05:43', 'Name', NULL, NULL, 0, 0, NULL, 'Ff', NULL, '2025-01-08 13:05:43', '2025-01-08 13:05:43', NULL),
(135, 243, '2025-01-08 13:06:24', 'Name', NULL, NULL, 0, 0, NULL, ' Fvf', NULL, '2025-01-08 13:06:24', '2025-01-08 13:06:24', NULL),
(136, 243, '2025-01-08 13:09:51', 'Name', NULL, NULL, 0, 0, NULL, ' Fvf', NULL, '2025-01-08 13:09:51', '2025-01-08 13:09:51', NULL),
(137, 243, '2025-01-08 13:10:00', 'Name', NULL, NULL, 0, 0, NULL, ' Fvf', NULL, '2025-01-08 13:10:00', '2025-01-08 13:10:00', NULL),
(138, 243, '2025-01-08 13:10:12', 'Name', NULL, NULL, 0, 0, NULL, ' Fvf', NULL, '2025-01-08 13:10:12', '2025-01-08 13:10:12', NULL),
(139, 243, '2025-01-08 13:11:47', 'Name', NULL, NULL, 0, 0, NULL, ' Fvf', NULL, '2025-01-08 13:11:47', '2025-01-08 13:11:47', NULL),
(140, 243, '2025-01-08 13:12:05', 'Name', NULL, NULL, 0, 0, NULL, ' Fvf', NULL, '2025-01-08 13:12:05', '2025-01-08 13:12:05', NULL),
(141, 243, '2025-01-08 13:12:37', 'Name', NULL, NULL, 0, 1, NULL, 'ds', NULL, '2025-01-08 13:12:37', '2025-01-08 13:12:37', NULL),
(142, 243, '2025-01-08 13:17:36', 'Name', NULL, NULL, 0, 0, NULL, 'Fff', NULL, '2025-01-08 13:17:36', '2025-01-08 13:17:36', NULL),
(143, 243, '2025-01-08 13:19:23', 'Name', NULL, NULL, 0, 0, NULL, 'Fbfb', NULL, '2025-01-08 13:19:23', '2025-01-08 13:19:23', NULL),
(144, 243, '2025-01-08 13:19:43', 'Name', NULL, NULL, 0, 0, NULL, 'rtr', NULL, '2025-01-08 13:19:43', '2025-01-08 13:19:43', NULL),
(145, 243, '2025-01-08 13:26:10', 'Name', NULL, NULL, 0, 1, NULL, 'Dev', NULL, '2025-01-08 13:26:10', '2025-01-08 13:26:10', NULL),
(146, 243, '2025-01-08 13:26:45', 'Name', NULL, NULL, 0, 1, NULL, 'Dev', NULL, '2025-01-08 13:26:45', '2025-01-08 13:26:45', NULL),
(147, 243, '2025-01-08 13:27:34', 'Name', NULL, NULL, 0, 1, NULL, 'Dev', NULL, '2025-01-08 13:27:34', '2025-01-08 13:27:34', NULL),
(148, 243, '2025-01-09 04:56:48', 'Name', NULL, NULL, 0, 6, NULL, 'test', NULL, '2025-01-09 04:56:48', '2025-01-09 04:56:48', NULL),
(149, 243, '2025-01-09 04:57:28', 'Name', NULL, NULL, 0, 1, NULL, 'Dev', NULL, '2025-01-09 04:57:28', '2025-01-09 04:57:28', NULL),
(150, 243, '2025-01-09 04:59:38', 'Name', NULL, NULL, 0, 1, NULL, 'Dev', NULL, '2025-01-09 04:59:38', '2025-01-09 04:59:38', NULL),
(151, 243, '2025-01-09 05:00:37', 'Name', NULL, NULL, 0, 1, NULL, 'Dev', NULL, '2025-01-09 05:00:37', '2025-01-09 05:00:37', NULL),
(152, 216, '2025-01-09 05:43:26', 'Name', NULL, NULL, 0, 1, NULL, 'Raman', NULL, '2025-01-09 05:43:26', '2025-01-09 05:43:26', NULL),
(153, 216, '2025-01-09 05:53:53', 'Name', NULL, NULL, 0, 1, NULL, 'Raman', NULL, '2025-01-09 05:53:53', '2025-01-09 05:53:53', NULL),
(154, 216, '2025-01-09 06:29:51', 'Name', NULL, NULL, 0, 1, NULL, 'Raman', NULL, '2025-01-09 06:29:51', '2025-01-09 06:29:51', NULL),
(155, 243, '2025-01-09 06:30:02', 'Name', NULL, NULL, 0, 1, NULL, 'Dev', NULL, '2025-01-09 06:30:02', '2025-01-09 06:30:02', NULL),
(156, 216, '2025-01-09 06:31:15', 'Name', NULL, NULL, 0, 1, NULL, 'Raman', NULL, '2025-01-09 06:31:15', '2025-01-09 06:31:15', NULL),
(157, 250, '2025-01-10 21:35:40', 'Name', NULL, NULL, 0, 0, NULL, 'Sethtest Nine', NULL, '2025-01-10 21:35:40', '2025-01-10 21:35:40', NULL),
(158, 250, '2025-01-10 21:36:00', 'Name', NULL, NULL, 0, 3, NULL, 'Sethtest', NULL, '2025-01-10 21:36:00', '2025-01-10 21:36:00', NULL),
(159, 250, '2025-01-10 21:36:12', 'Name', NULL, NULL, 0, 1, NULL, 'Sethtest one', NULL, '2025-01-10 21:36:12', '2025-01-10 21:36:12', NULL),
(160, 246, '2025-01-10 21:47:41', 'Name', NULL, NULL, 0, 0, NULL, 'Hovid', NULL, '2025-01-10 21:47:41', '2025-01-10 21:47:41', NULL),
(161, 251, '2025-01-13 18:43:00', 'Name', NULL, NULL, 0, 4, NULL, 'Sethtest', NULL, '2025-01-13 18:43:00', '2025-01-13 18:43:00', NULL),
(162, 251, '2025-01-13 18:53:47', 'Name', NULL, NULL, 0, 4, NULL, 'Sethtest', NULL, '2025-01-13 18:53:47', '2025-01-13 18:53:47', NULL),
(163, 251, '2025-01-13 18:54:03', 'Name', NULL, NULL, 0, 0, NULL, 'Sethtest One Thirty One', NULL, '2025-01-13 18:54:03', '2025-01-13 18:54:03', NULL),
(164, 251, '2025-01-13 18:54:10', 'Name', NULL, NULL, 0, 4, NULL, 'Sethtest', NULL, '2025-01-13 18:54:10', '2025-01-13 18:54:10', NULL),
(165, 251, '2025-01-13 18:54:29', 'Name', NULL, NULL, 0, 1, NULL, 'sethtest one', NULL, '2025-01-13 18:54:29', '2025-01-13 18:54:29', NULL),
(166, 251, '2025-01-13 18:54:36', 'Name', NULL, NULL, 0, 1, NULL, 'sethtest one three one', NULL, '2025-01-13 18:54:36', '2025-01-13 18:54:36', NULL),
(167, 251, '2025-01-13 18:54:46', 'Name', NULL, NULL, 0, 1, NULL, 'Sethtest one three one', NULL, '2025-01-13 18:54:46', '2025-01-13 18:54:46', NULL),
(168, 251, '2025-01-13 18:55:01', 'Photo', NULL, NULL, 0, 0, 'https://cadooga-react-native-app.s3.us-east-2.amazonaws.com/1736794501590_image.jpg', 'Sethtest one three one', 'a78a221fc885ddc3efe717e73164cf6e, e317295a2a17a9f4b8ff6cad7f750b13', '2025-01-13 18:55:01', '2025-01-13 18:55:01', NULL),
(169, 251, '2025-01-13 18:56:46', 'Name', NULL, NULL, 0, 1, NULL, 'Sethtest one ', NULL, '2025-01-13 18:56:46', '2025-01-13 18:56:46', NULL),
(170, 251, '2025-01-13 18:56:54', 'Name', NULL, NULL, 0, 1, NULL, 'Sethtest one th', NULL, '2025-01-13 18:56:54', '2025-01-13 18:56:54', NULL),
(171, 251, '2025-01-13 18:57:00', 'Name', NULL, NULL, 0, 0, NULL, 'Sethtest one thir', NULL, '2025-01-13 18:57:00', '2025-01-13 18:57:00', NULL),
(172, 251, '2025-01-13 18:57:39', 'Name', NULL, NULL, 0, 1, NULL, 'Sethtest one ', NULL, '2025-01-13 18:57:39', '2025-01-13 18:57:39', NULL),
(173, 251, '2025-01-13 19:03:31', 'Name', '42.331427', '-83.0457538', 0, 4, NULL, 'Sethtest', NULL, '2025-01-13 19:03:31', '2025-01-13 19:03:31', NULL),
(174, 251, '2025-01-13 19:04:40', 'Name', NULL, NULL, 0, 4, NULL, 'Sethtest', NULL, '2025-01-13 19:04:40', '2025-01-13 19:04:40', NULL),
(175, 251, '2025-01-13 19:04:54', 'Photo', NULL, NULL, 0, 1, 'https://cadooga-react-native-app.s3.us-east-2.amazonaws.com/1736795093875_image.jpg', 'Sethtest', '4ac15d8e3b6e5b651d0a77bdb67cce08', '2025-01-13 19:04:54', '2025-01-13 19:04:54', NULL),
(176, 251, '2025-01-13 19:05:22', 'Photo', NULL, NULL, 0, 1, 'https://cadooga-react-native-app.s3.us-east-2.amazonaws.com/1736795122063_image.jpg', 'Sethtest', '6b9e26475b6337904dcd1139a94f85fc', '2025-01-13 19:05:22', '2025-01-13 19:05:22', NULL),
(177, 250, '2025-01-13 19:15:48', 'Name', NULL, NULL, 0, 4, NULL, 'Sethtest', NULL, '2025-01-13 19:15:48', '2025-01-13 19:15:48', NULL),
(178, 251, '2025-01-13 19:16:55', 'Name', NULL, NULL, 0, 4, NULL, 'Sethtest', NULL, '2025-01-13 19:16:55', '2025-01-13 19:16:55', NULL),
(179, 251, '2025-01-13 19:17:16', 'Name', NULL, NULL, 0, 4, NULL, 'Sethtest', NULL, '2025-01-13 19:17:16', '2025-01-13 19:17:16', NULL),
(180, 250, '2025-01-13 19:18:23', 'Name', NULL, NULL, 0, 4, NULL, 'Sethtest', NULL, '2025-01-13 19:18:23', '2025-01-13 19:18:23', NULL),
(181, 233, '2025-01-13 19:18:51', 'Name', NULL, NULL, 0, 4, NULL, 'Sethtest', NULL, '2025-01-13 19:18:51', '2025-01-13 19:18:51', NULL),
(182, 251, '2025-01-13 19:26:41', 'Name', '42.331427', '-83.0457538', 0, 4, NULL, 'Sethtest', NULL, '2025-01-13 19:26:41', '2025-01-13 19:26:41', NULL),
(183, 251, '2025-01-13 19:28:06', 'Name', NULL, NULL, 0, 1, NULL, 'Sethtest one t', NULL, '2025-01-13 19:28:06', '2025-01-13 19:28:06', NULL),
(184, 251, '2025-01-13 19:28:23', 'Name', NULL, NULL, 0, 1, NULL, 'Sethtest one t', NULL, '2025-01-13 19:28:23', '2025-01-13 19:28:23', NULL),
(185, 251, '2025-01-13 19:28:26', 'Name', NULL, NULL, 0, 4, NULL, 'Sethtest', NULL, '2025-01-13 19:28:26', '2025-01-13 19:28:26', NULL),
(186, 250, '2025-01-13 19:34:05', 'Name', NULL, NULL, 0, 4, NULL, 'Sethtest', NULL, '2025-01-13 19:34:05', '2025-01-13 19:34:05', NULL),
(187, 250, '2025-01-13 19:34:21', 'Name', NULL, NULL, 0, 4, NULL, 'Sethtest', NULL, '2025-01-13 19:34:21', '2025-01-13 19:34:21', NULL),
(188, 232, '2025-01-13 19:36:07', 'Name', NULL, NULL, 0, 4, NULL, 'Sethtest', NULL, '2025-01-13 19:36:07', '2025-01-13 19:36:07', NULL),
(189, 250, '2025-01-13 19:36:54', 'Name', NULL, NULL, 0, 4, NULL, 'Sethtest', NULL, '2025-01-13 19:36:54', '2025-01-13 19:36:54', NULL),
(190, 252, '2025-01-13 20:44:49', 'Name', NULL, NULL, 0, 5, NULL, 'Sethtest', NULL, '2025-01-13 20:44:49', '2025-01-13 20:44:49', NULL),
(191, 253, '2025-01-14 10:58:47', 'Name', NULL, NULL, 0, 10, NULL, 'Test', NULL, '2025-01-14 10:58:47', '2025-01-14 10:58:47', NULL),
(192, 253, '2025-01-14 11:30:30', 'Name', '42.331427', '-83.0457538', 0, 0, NULL, 'Seth test', NULL, '2025-01-14 11:30:30', '2025-01-14 11:30:30', NULL),
(193, 253, '2025-01-14 11:30:40', 'Name', '42.331427', '-83.0457538', 0, 0, NULL, 'Seth test', NULL, '2025-01-14 11:30:40', '2025-01-14 11:30:40', NULL),
(194, 253, '2025-01-14 11:30:56', 'Name', '42.331427', '-83.0457538', 0, 6, NULL, 'Sethtest', NULL, '2025-01-14 11:30:56', '2025-01-14 11:30:56', NULL),
(195, 253, '2025-01-14 11:31:20', 'Name', '42.331427', '-83.0457538', 0, 6, NULL, 'Sethtest', NULL, '2025-01-14 11:31:20', '2025-01-14 11:31:20', NULL),
(196, 253, '2025-01-14 11:35:12', 'Name', '42.331427', '-83.0457538', 0, 1, NULL, 'Raman', NULL, '2025-01-14 11:35:12', '2025-01-14 11:35:12', NULL),
(197, 253, '2025-01-14 11:35:25', 'Name', '30.7046486', '76.71787259999999', 0, 1, NULL, 'Raman', NULL, '2025-01-14 11:35:25', '2025-01-14 11:35:25', NULL),
(198, 253, '2025-01-14 11:35:39', 'Name', '30.3752011', '76.782122', 0, 1, NULL, 'Raman', NULL, '2025-01-14 11:35:39', '2025-01-14 11:35:39', NULL),
(199, 253, '2025-01-14 11:40:21', 'Name', '30.7046486', '76.71787259999999', 0, 1, NULL, 'Raman', NULL, '2025-01-14 11:40:21', '2025-01-14 11:40:21', NULL),
(200, 253, '2025-01-14 11:40:44', 'Name', '42.331427', '-83.0457538', 0, 6, NULL, 'Sethtest', NULL, '2025-01-14 11:40:44', '2025-01-14 11:40:44', NULL),
(201, 253, '2025-01-14 11:41:01', 'Name', '42.331427', '-83.0457538', 0, 6, NULL, 'Sethtest', NULL, '2025-01-14 11:41:01', '2025-01-14 11:41:01', NULL),
(202, 253, '2025-01-14 11:41:09', 'Name', '30.3752011', '76.782122', 0, 1, NULL, 'Raman', NULL, '2025-01-14 11:41:09', '2025-01-14 11:41:09', NULL),
(203, 243, '2025-01-15 12:07:16', 'Name', NULL, NULL, 0, 9, NULL, 'Tes', NULL, '2025-01-15 12:07:16', '2025-01-15 12:07:16', NULL),
(204, 251, '2025-01-15 22:07:20', 'Name', NULL, NULL, 0, 5, NULL, 'Seth', NULL, '2025-01-15 22:07:20', '2025-01-15 22:07:20', NULL),
(205, 250, '2025-01-15 22:44:39', 'Name', NULL, NULL, 0, 5, NULL, 'Sethtest', NULL, '2025-01-15 22:44:39', '2025-01-15 22:44:39', NULL),
(206, 251, '2025-01-15 22:45:56', 'Name', NULL, NULL, 0, 5, NULL, 'Sethtest', NULL, '2025-01-15 22:45:56', '2025-01-15 22:45:56', NULL),
(207, 249, '2025-01-16 06:26:38', 'Name', NULL, NULL, 0, 10, NULL, 'Test', NULL, '2025-01-16 06:26:38', '2025-01-16 06:26:38', NULL),
(208, 250, '2025-01-16 22:54:20', 'Name', '34.0549076', '-118.242643', 0, 5, NULL, 'Sethtest', NULL, '2025-01-16 22:54:20', '2025-01-16 22:54:20', NULL),
(209, 251, '2025-01-16 23:18:49', 'Name', NULL, NULL, 0, 5, NULL, 'Sethtest', NULL, '2025-01-16 23:18:49', '2025-01-16 23:18:49', NULL),
(210, 250, '2025-01-16 23:44:20', 'Face Scan', NULL, NULL, 0, 5, NULL, 'Sethtest', '7baa200dccb0a7e5954794d38ff48b94', '2025-01-16 23:44:20', '2025-01-16 23:44:20', NULL),
(211, 261, '2025-01-17 00:06:12', 'Name', NULL, NULL, 0, 6, NULL, 'Sethtest', NULL, '2025-01-17 00:06:12', '2025-01-17 00:06:12', NULL),
(212, 244, '2025-01-17 08:30:56', 'Face Scan', NULL, NULL, 0, 1, NULL, 'Test', '3db36d1c276c758bb571c8ba1b7b0027', '2025-01-17 08:30:56', '2025-01-17 08:30:56', NULL),
(213, 243, '2025-01-17 08:37:11', 'Name', NULL, NULL, 0, 10, NULL, 'Test', NULL, '2025-01-17 08:37:11', '2025-01-17 08:37:11', NULL),
(214, 243, '2025-01-17 08:37:22', 'Name', NULL, NULL, 0, 0, NULL, 'Hobind', NULL, '2025-01-17 08:37:22', '2025-01-17 08:37:22', NULL),
(215, 243, '2025-01-17 08:37:32', 'Name', NULL, NULL, 0, 1, NULL, 'Hovind', NULL, '2025-01-17 08:37:32', '2025-01-17 08:37:32', NULL),
(216, 244, '2025-01-17 08:38:33', 'Name', NULL, NULL, 0, 1, NULL, 'raman', NULL, '2025-01-17 08:38:33', '2025-01-17 08:38:33', NULL),
(217, 243, '2025-01-17 08:41:09', 'Name', NULL, NULL, 0, 1, NULL, 'Hovind', NULL, '2025-01-17 08:41:09', '2025-01-17 08:41:09', NULL),
(218, 244, '2025-01-17 08:41:56', 'Name', NULL, NULL, 0, 1, NULL, 'raman', NULL, '2025-01-17 08:41:56', '2025-01-17 08:41:56', NULL),
(219, 243, '2025-01-17 08:52:22', 'Name', NULL, NULL, 0, 1, NULL, 'Hovind', NULL, '2025-01-17 08:52:22', '2025-01-17 08:52:22', NULL),
(220, 243, '2025-01-17 08:52:35', 'Name', NULL, NULL, 0, 1, NULL, 'Hovind', NULL, '2025-01-17 08:52:35', '2025-01-17 08:52:35', NULL),
(221, 243, '2025-01-17 08:53:26', 'Name', NULL, NULL, 0, 1, NULL, 'Hovind', NULL, '2025-01-17 08:53:26', '2025-01-17 08:53:26', NULL),
(222, 244, '2025-01-17 08:54:18', 'Name', NULL, NULL, 0, 1, NULL, 'raman', NULL, '2025-01-17 08:54:18', '2025-01-17 08:54:18', NULL),
(223, 243, '2025-01-17 12:08:22', 'Name', NULL, NULL, 0, 0, NULL, 'Govind', NULL, '2025-01-17 12:08:22', '2025-01-17 12:08:22', NULL),
(224, 243, '2025-01-17 12:08:31', 'Name', NULL, NULL, 0, 1, NULL, 'Hovind', NULL, '2025-01-17 12:08:31', '2025-01-17 12:08:31', NULL),
(225, 243, '2025-01-17 12:08:45', 'Name', NULL, NULL, 0, 1, NULL, 'Hovind', NULL, '2025-01-17 12:08:45', '2025-01-17 12:08:45', NULL),
(226, 243, '2025-01-17 12:09:50', 'Name', NULL, NULL, 0, 1, NULL, 'Hovind', NULL, '2025-01-17 12:09:50', '2025-01-17 12:09:50', NULL),
(227, 262, '2025-01-20 22:28:19', 'Name', NULL, NULL, 0, 6, NULL, 'Sethtest', NULL, '2025-01-20 22:28:19', '2025-01-20 22:28:19', NULL),
(228, 250, '2025-01-21 21:19:29', 'Name', '42.331427', '-83.0457538', 0, 6, NULL, 'Sethtest', NULL, '2025-01-21 21:19:29', '2025-01-21 21:19:29', NULL),
(229, 250, '2025-01-21 21:22:27', 'Photo', '42.331427', '-83.0457538', 0, 1, 'https://cadooga-react-native-app.s3.us-east-2.amazonaws.com/1737494547688_image.jpg', 'Sethtest', '0c3e770c720d14ec76a74d1cbb958000', '2025-01-21 21:22:27', '2025-01-21 21:22:27', NULL),
(230, 251, '2025-01-21 21:28:02', 'Name', NULL, NULL, 0, 6, NULL, 'Sethtest', NULL, '2025-01-21 21:28:02', '2025-01-21 21:28:02', NULL),
(231, 258, '2025-01-24 11:35:21', 'Face Scan', NULL, NULL, 0, 10, NULL, 'Test', 'd0b20a02b3cd4a98dbdabfcd333fa192', '2025-01-24 11:35:21', '2025-01-24 11:35:21', NULL),
(232, 258, '2025-01-24 11:38:30', 'Face Scan', NULL, NULL, 0, 10, NULL, 'Test', '9535dc0fc1a0de21d389cd24fd75fc0c', '2025-01-24 11:38:30', '2025-01-24 11:38:30', NULL),
(233, 250, '2025-01-24 19:56:20', 'Name', '42.331427', '-83.0457538', 0, 6, NULL, 'Sethtest', NULL, '2025-01-24 19:56:20', '2025-01-24 19:56:20', NULL),
(234, 250, '2025-01-24 19:56:31', 'Name', '42.331427', '-83.0457538', 0, 6, NULL, 'Sethtest', NULL, '2025-01-24 19:56:31', '2025-01-24 19:56:31', NULL),
(235, 216, '2025-01-27 06:10:01', 'Name', NULL, NULL, 0, 11, NULL, 'test', NULL, '2025-01-27 06:10:01', '2025-01-27 06:10:01', NULL),
(236, 216, '2025-01-27 06:11:01', 'Name', NULL, NULL, 0, 11, NULL, 'Test', NULL, '2025-01-27 06:11:01', '2025-01-27 06:11:01', NULL),
(237, 216, '2025-01-27 06:12:18', 'Name', NULL, NULL, 0, 11, NULL, 'Test', NULL, '2025-01-27 06:12:18', '2025-01-27 06:12:18', NULL),
(238, 216, '2025-01-27 06:14:43', 'Name', NULL, NULL, 0, 11, NULL, 'Test', NULL, '2025-01-27 06:14:43', '2025-01-27 06:14:43', NULL),
(239, 216, '2025-01-27 06:19:20', 'Name', NULL, NULL, 0, 11, NULL, 'Test', NULL, '2025-01-27 06:19:20', '2025-01-27 06:19:20', NULL),
(240, 216, '2025-01-27 06:19:48', 'Name', NULL, NULL, 0, 11, NULL, 'Test', NULL, '2025-01-27 06:19:48', '2025-01-27 06:19:48', NULL),
(241, 216, '2025-01-27 06:22:00', 'Name', NULL, NULL, 0, 11, NULL, 'Test', NULL, '2025-01-27 06:22:00', '2025-01-27 06:22:00', NULL),
(242, 216, '2025-01-27 06:28:12', 'Name', NULL, NULL, 0, 11, NULL, 'Test', NULL, '2025-01-27 06:28:12', '2025-01-27 06:28:12', NULL),
(243, 216, '2025-01-27 06:28:46', 'Name', NULL, NULL, 0, 11, NULL, 'Test', NULL, '2025-01-27 06:28:46', '2025-01-27 06:28:46', NULL),
(244, 216, '2025-01-27 06:31:55', 'Name', NULL, NULL, 0, 11, NULL, 'Test', NULL, '2025-01-27 06:31:55', '2025-01-27 06:31:55', NULL),
(245, 216, '2025-01-27 06:32:13', 'Name', NULL, NULL, 0, 11, NULL, 'Test', NULL, '2025-01-27 06:32:13', '2025-01-27 06:32:13', NULL),
(246, 216, '2025-01-27 06:32:46', 'Name', NULL, NULL, 0, 11, NULL, 'Test', NULL, '2025-01-27 06:32:46', '2025-01-27 06:32:46', NULL),
(247, 216, '2025-01-27 06:41:38', 'Name', NULL, NULL, 0, 11, NULL, 'Test', NULL, '2025-01-27 06:41:38', '2025-01-27 06:41:38', NULL),
(248, 216, '2025-01-27 06:42:32', 'Name', NULL, NULL, 0, 11, NULL, 'Test', NULL, '2025-01-27 06:42:32', '2025-01-27 06:42:32', NULL),
(249, 216, '2025-01-27 06:48:32', 'Name', NULL, NULL, 0, 11, NULL, 'Test', NULL, '2025-01-27 06:48:32', '2025-01-27 06:48:32', NULL),
(250, 216, '2025-01-27 06:48:47', 'Name', NULL, NULL, 0, 1, NULL, 'Andrew', NULL, '2025-01-27 06:48:47', '2025-01-27 06:48:47', NULL),
(251, 216, '2025-01-27 06:51:09', 'Name', NULL, NULL, 0, 11, NULL, 'Test', NULL, '2025-01-27 06:51:09', '2025-01-27 06:51:09', NULL),
(252, 216, '2025-01-27 06:51:20', 'Name', NULL, NULL, 0, 11, NULL, 'Test', NULL, '2025-01-27 06:51:20', '2025-01-27 06:51:20', NULL),
(253, 216, '2025-01-27 06:51:31', 'Name', NULL, NULL, 0, 0, NULL, 'Rishpal', NULL, '2025-01-27 06:51:31', '2025-01-27 06:51:31', NULL),
(254, 216, '2025-01-27 06:54:41', 'Name', NULL, NULL, 0, 0, NULL, 'Rishpal', NULL, '2025-01-27 06:54:41', '2025-01-27 06:54:41', NULL),
(255, 216, '2025-01-27 06:55:42', 'Name', NULL, NULL, 0, 0, NULL, 'Rishpal', NULL, '2025-01-27 06:55:42', '2025-01-27 06:55:42', NULL),
(256, 216, '2025-01-27 06:58:30', 'Name', NULL, NULL, 0, 0, NULL, 'Rishpal', NULL, '2025-01-27 06:58:30', '2025-01-27 06:58:30', NULL),
(257, 216, '2025-01-27 07:04:41', 'Name', NULL, NULL, 0, 0, NULL, 'Andrew Demski', NULL, '2025-01-27 07:04:41', '2025-01-27 07:04:41', NULL),
(258, 216, '2025-01-27 07:05:53', 'Name', NULL, NULL, 0, 0, NULL, 'Rishpal', NULL, '2025-01-27 07:05:53', '2025-01-27 07:05:53', NULL),
(259, 216, '2025-01-27 07:06:37', 'Name', NULL, NULL, 0, 0, NULL, 'Rishpal', NULL, '2025-01-27 07:06:37', '2025-01-27 07:06:37', NULL),
(260, 216, '2025-01-27 07:07:03', 'Name', NULL, NULL, 0, 0, NULL, 'Rishpal', NULL, '2025-01-27 07:07:03', '2025-01-27 07:07:03', NULL),
(261, 216, '2025-01-27 07:08:07', 'Name', NULL, NULL, 0, 0, NULL, 'Rishpal', NULL, '2025-01-27 07:08:07', '2025-01-27 07:08:07', NULL),
(262, 216, '2025-01-27 07:11:26', 'Name', NULL, NULL, 0, 0, NULL, 'Rishpal', NULL, '2025-01-27 07:11:26', '2025-01-27 07:11:26', NULL),
(263, 216, '2025-01-27 07:12:20', 'Name', NULL, NULL, 0, 0, NULL, 'Rishpal', NULL, '2025-01-27 07:12:20', '2025-01-27 07:12:20', NULL),
(264, 216, '2025-01-27 07:15:19', 'Name', NULL, NULL, 0, 0, NULL, 'Rishpal', NULL, '2025-01-27 07:15:19', '2025-01-27 07:15:19', NULL),
(265, 216, '2025-01-27 07:17:15', 'Name', NULL, NULL, 0, 0, NULL, 'Rishpal', NULL, '2025-01-27 07:17:15', '2025-01-27 07:17:15', NULL),
(266, 216, '2025-01-27 07:17:29', 'Name', NULL, NULL, 0, 1, NULL, 'Andrew', NULL, '2025-01-27 07:17:29', '2025-01-27 07:17:29', NULL),
(267, 216, '2025-01-27 07:18:01', 'Name', NULL, NULL, 0, 0, NULL, 'Andrew demski', NULL, '2025-01-27 07:18:01', '2025-01-27 07:18:01', NULL),
(268, 216, '2025-01-27 07:19:07', 'Name', NULL, NULL, 0, 1, NULL, 'Andrew', NULL, '2025-01-27 07:19:07', '2025-01-27 07:19:07', NULL),
(269, 216, '2025-01-27 07:19:25', 'Name', NULL, NULL, 0, 0, NULL, 'Andrew demski', NULL, '2025-01-27 07:19:25', '2025-01-27 07:19:25', NULL),
(270, 216, '2025-01-27 07:19:32', 'Name', NULL, NULL, 0, 0, NULL, 'Andrew demski', NULL, '2025-01-27 07:19:32', '2025-01-27 07:19:32', NULL),
(271, 216, '2025-01-27 07:19:48', 'Name', NULL, NULL, 0, 1, NULL, 'Andrew', NULL, '2025-01-27 07:19:48', '2025-01-27 07:19:48', NULL),
(272, 216, '2025-01-27 07:22:10', 'Name', NULL, NULL, 0, 0, NULL, 'Devanshu', NULL, '2025-01-27 07:22:10', '2025-01-27 07:22:10', NULL),
(273, 216, '2025-01-27 07:22:14', 'Name', NULL, NULL, 0, 0, NULL, 'Devanshu', NULL, '2025-01-27 07:22:14', '2025-01-27 07:22:14', NULL),
(274, 216, '2025-01-27 07:22:29', 'Name', NULL, NULL, 0, 0, NULL, 'Devanshu sangra', NULL, '2025-01-27 07:22:29', '2025-01-27 07:22:29', NULL),
(275, 216, '2025-01-27 07:22:38', 'Name', NULL, NULL, 0, 0, NULL, 'Devanshu', NULL, '2025-01-27 07:22:38', '2025-01-27 07:22:38', NULL),
(276, 216, '2025-01-27 07:23:22', 'Name', NULL, NULL, 0, 0, NULL, 'Devanshu', NULL, '2025-01-27 07:23:22', '2025-01-27 07:23:22', NULL),
(277, 216, '2025-01-27 07:23:35', 'Name', NULL, NULL, 0, 0, NULL, 'Devanshu sangra', NULL, '2025-01-27 07:23:35', '2025-01-27 07:23:35', NULL),
(278, 216, '2025-01-27 07:31:32', 'Name', NULL, NULL, 0, 0, NULL, 'Rishpal', NULL, '2025-01-27 07:31:32', '2025-01-27 07:31:32', NULL),
(279, 216, '2025-01-27 07:31:43', 'Name', NULL, NULL, 0, 1, NULL, 'Andrew', NULL, '2025-01-27 07:31:43', '2025-01-27 07:31:43', NULL),
(280, 216, '2025-01-27 07:32:54', 'Name', NULL, NULL, 0, 0, NULL, 'Andrew demski', NULL, '2025-01-27 07:32:54', '2025-01-27 07:32:54', NULL),
(281, 216, '2025-01-27 07:33:15', 'Name', NULL, NULL, 0, 1, NULL, 'Andrew', NULL, '2025-01-27 07:33:15', '2025-01-27 07:33:15', NULL),
(282, 216, '2025-01-27 07:34:14', 'Name', NULL, NULL, 0, 1, NULL, 'Andrew', NULL, '2025-01-27 07:34:14', '2025-01-27 07:34:14', NULL),
(283, 216, '2025-01-27 07:36:05', 'Name', NULL, NULL, 0, 0, NULL, 'Andrew demski', NULL, '2025-01-27 07:36:05', '2025-01-27 07:36:05', NULL),
(284, 216, '2025-01-27 07:44:55', 'Name', NULL, NULL, 0, 0, NULL, 'Andrew demski', NULL, '2025-01-27 07:44:55', '2025-01-27 07:44:55', NULL),
(285, 216, '2025-01-27 07:48:35', 'Name', NULL, NULL, 0, 0, NULL, 'Andrew demski', NULL, '2025-01-27 07:48:35', '2025-01-27 07:48:35', NULL),
(286, 216, '2025-01-27 07:48:50', 'Name', NULL, NULL, 0, 0, NULL, 'Andrew demski', NULL, '2025-01-27 07:48:50', '2025-01-27 07:48:50', NULL),
(287, 216, '2025-01-27 07:50:05', 'Name', NULL, NULL, 0, 0, NULL, 'Andrew demski', NULL, '2025-01-27 07:50:05', '2025-01-27 07:50:05', NULL),
(288, 216, '2025-01-27 07:50:43', 'Name', NULL, NULL, 0, 0, NULL, 'Andrew demski', NULL, '2025-01-27 07:50:43', '2025-01-27 07:50:43', NULL),
(289, 216, '2025-01-27 07:51:34', 'Name', NULL, NULL, 0, 0, NULL, 'Andrew demski', NULL, '2025-01-27 07:51:34', '2025-01-27 07:51:34', NULL),
(290, 216, '2025-01-27 07:51:48', 'Name', NULL, NULL, 0, 0, NULL, 'Andrew demski', NULL, '2025-01-27 07:51:48', '2025-01-27 07:51:48', NULL),
(291, 216, '2025-01-27 07:52:05', 'Name', NULL, NULL, 0, 0, NULL, 'Andrew demski', NULL, '2025-01-27 07:52:05', '2025-01-27 07:52:05', NULL),
(292, 216, '2025-01-27 07:52:27', 'Name', NULL, NULL, 0, 0, NULL, 'Andrew demski', NULL, '2025-01-27 07:52:27', '2025-01-27 07:52:27', NULL),
(293, 216, '2025-01-27 07:53:23', 'Name', NULL, NULL, 0, 0, NULL, 'Andrew demski', NULL, '2025-01-27 07:53:23', '2025-01-27 07:53:23', NULL),
(294, 216, '2025-01-27 07:54:00', 'Name', NULL, NULL, 0, 0, NULL, 'Andrew demski', NULL, '2025-01-27 07:54:00', '2025-01-27 07:54:00', NULL),
(295, 216, '2025-01-27 07:56:06', 'Name', NULL, NULL, 0, 0, NULL, 'Andrew demski', NULL, '2025-01-27 07:56:06', '2025-01-27 07:56:06', NULL),
(296, 216, '2025-01-27 08:00:32', 'Name', NULL, NULL, 0, 0, NULL, 'Andrew demski', NULL, '2025-01-27 08:00:32', '2025-01-27 08:00:32', NULL),
(297, 216, '2025-01-27 08:00:45', 'Name', NULL, NULL, 0, 1, NULL, 'Andrew', NULL, '2025-01-27 08:00:45', '2025-01-27 08:00:45', NULL),
(298, 216, '2025-01-27 08:06:09', 'Name', NULL, NULL, 0, 1, NULL, 'Andrew', NULL, '2025-01-27 08:06:09', '2025-01-27 08:06:09', NULL),
(299, 216, '2025-01-27 08:06:42', 'Name', NULL, NULL, 0, 0, NULL, 'Dhoni', NULL, '2025-01-27 08:06:42', '2025-01-27 08:06:42', NULL),
(300, 216, '2025-01-27 08:11:20', 'Name', NULL, NULL, 0, 0, NULL, 'Dhoni', NULL, '2025-01-27 08:11:20', '2025-01-27 08:11:20', NULL),
(301, 216, '2025-01-27 08:11:34', 'Name', NULL, NULL, 0, 0, NULL, 'Akshay', NULL, '2025-01-27 08:11:34', '2025-01-27 08:11:34', NULL),
(302, 216, '2025-01-27 08:11:43', 'Name', NULL, NULL, 0, 0, NULL, 'Akshay kumar', NULL, '2025-01-27 08:11:43', '2025-01-27 08:11:43', NULL),
(303, 216, '2025-01-27 08:12:54', 'Name', NULL, NULL, 0, 0, NULL, 'Justine', NULL, '2025-01-27 08:12:54', '2025-01-27 08:12:54', NULL),
(304, 216, '2025-01-27 08:13:03', 'Name', NULL, NULL, 0, 0, NULL, 'Justin ', NULL, '2025-01-27 08:13:03', '2025-01-27 08:13:03', NULL),
(305, 216, '2025-01-27 08:13:15', 'Name', NULL, NULL, 0, 0, NULL, 'Justin trudeau', NULL, '2025-01-27 08:13:15', '2025-01-27 08:13:15', NULL),
(306, 216, '2025-01-27 08:14:43', 'Name', NULL, NULL, 0, 0, NULL, 'Narender modi', NULL, '2025-01-27 08:14:43', '2025-01-27 08:14:43', NULL),
(307, 216, '2025-01-27 08:14:55', 'Name', NULL, NULL, 0, 0, NULL, 'Narendra modi', NULL, '2025-01-27 08:14:55', '2025-01-27 08:14:55', NULL),
(308, 216, '2025-01-27 08:17:03', 'Name', NULL, NULL, 0, 0, NULL, 'Narendra modi', NULL, '2025-01-27 08:17:03', '2025-01-27 08:17:03', NULL),
(309, 216, '2025-01-27 08:19:14', 'Name', NULL, NULL, 0, 0, NULL, 'Narendra modi', NULL, '2025-01-27 08:19:14', '2025-01-27 08:19:14', NULL),
(310, 250, '2025-01-27 19:42:19', 'Name', NULL, NULL, 0, 6, NULL, 'Sethtest', NULL, '2025-01-27 19:42:19', '2025-01-27 19:42:19', NULL),
(311, 250, '2025-01-27 19:42:58', 'Face Scan', NULL, NULL, 0, 6, NULL, 'Sethtest', 'f6eb16514bd4f22d29fa1acc9eb91cb6', '2025-01-27 19:42:58', '2025-01-27 19:42:58', NULL),
(312, 250, '2025-01-27 19:43:08', 'Name', '42.331427', '-83.0457538', 0, 6, NULL, 'Sethtest', NULL, '2025-01-27 19:43:08', '2025-01-27 19:43:08', NULL),
(313, 250, '2025-01-27 19:43:12', 'Face Scan', NULL, NULL, 0, 6, NULL, 'Sethtest', 'f6eb16514bd4f22d29fa1acc9eb91cb6', '2025-01-27 19:43:12', '2025-01-27 19:43:12', NULL),
(314, 250, '2025-01-27 19:43:16', 'Name', '42.331427', '-83.0457538', 0, 6, NULL, 'Sethtest', NULL, '2025-01-27 19:43:16', '2025-01-27 19:43:16', NULL),
(315, 250, '2025-01-27 19:43:22', 'Name', '42.331427', '-83.0457538', 0, 6, NULL, 'Sethtest', NULL, '2025-01-27 19:43:22', '2025-01-27 19:43:22', NULL),
(316, 250, '2025-01-27 19:44:21', 'Name', NULL, NULL, 0, 6, NULL, 'Sethtest', NULL, '2025-01-27 19:44:21', '2025-01-27 19:44:21', NULL),
(317, 263, '2025-01-28 22:52:47', 'Face Scan', NULL, NULL, 0, 6, NULL, 'Sethtest', 'b160ffeaa741e66404bb8dced222eeec', '2025-01-28 22:52:47', '2025-01-28 22:52:47', NULL),
(318, 263, '2025-01-28 22:53:12', 'Name', NULL, NULL, 0, 6, NULL, 'Sethtest', NULL, '2025-01-28 22:53:12', '2025-01-28 22:53:12', NULL),
(319, 250, '2025-01-28 22:57:53', 'Name', NULL, NULL, 0, 6, NULL, 'Sethtest', NULL, '2025-01-28 22:57:53', '2025-01-28 22:57:53', NULL),
(320, 250, '2025-01-28 22:58:47', 'Face Scan', NULL, NULL, 0, 6, NULL, 'Sethtest', '1e3cc312276ecf49bf9095fc5d1600d0', '2025-01-28 22:58:47', '2025-01-28 22:58:47', NULL),
(321, 267, '2025-01-29 07:46:40', 'Face Scan', NULL, NULL, 0, 10, NULL, 'Test', '3662600a35434cb257c5e50b45988a8f', '2025-01-29 07:46:40', '2025-01-29 07:46:40', NULL),
(322, 267, '2025-01-29 11:17:53', 'Photo', NULL, NULL, 0, 1, 'https://cadooga-react-native-app.s3.us-east-2.amazonaws.com/1738149473651_image.jpg', 'Vv', '64aa18550fad5838c00e9bf2b6442aae', '2025-01-29 11:17:53', '2025-01-29 11:17:53', NULL),
(323, 267, '2025-01-29 11:18:37', 'Photo', NULL, NULL, 0, 1, 'https://cadooga-react-native-app.s3.us-east-2.amazonaws.com/1738149517551_image.jpg', 'Vv', '5129e9db3c906b93557b12051359eb43, 5c457d2234526fd0dae4846524dd4736', '2025-01-29 11:18:37', '2025-01-29 11:18:37', NULL),
(324, 267, '2025-01-29 11:20:15', 'Photo', NULL, NULL, 0, 1, 'https://cadooga-react-native-app.s3.us-east-2.amazonaws.com/1738149615648_image.jpg', 'Vv', '5129e9db3c906b93557b12051359eb43, 5c457d2234526fd0dae4846524dd4736', '2025-01-29 11:20:15', '2025-01-29 11:20:15', NULL),
(325, 267, '2025-01-29 11:20:21', 'Photo', NULL, NULL, 0, 1, 'https://cadooga-react-native-app.s3.us-east-2.amazonaws.com/1738149621692_image.jpg', 'Vv', '8d7f227444907c1b4755338693776b9d, b8c776dcf3087603127aa2a2939b1648', '2025-01-29 11:20:21', '2025-01-29 11:20:21', NULL),
(326, 267, '2025-01-29 11:20:58', 'Photo', NULL, NULL, 0, 1, 'https://cadooga-react-native-app.s3.us-east-2.amazonaws.com/1738149658652_image.jpg', 'Vv', '7a3fdc5b480662d46761115db08beee2, 8cd9f00a9f189d3e5da718dde1716628', '2025-01-29 11:20:58', '2025-01-29 11:20:58', NULL),
(327, 267, '2025-01-29 11:21:46', 'Photo', NULL, NULL, 0, 0, 'https://cadooga-react-native-app.s3.us-east-2.amazonaws.com/1738149706717_image.jpg', 'Govind', 'c17c6698988938bbe592c5c9e5d6dbed', '2025-01-29 11:21:46', '2025-01-29 11:21:46', NULL),
(328, 267, '2025-01-29 11:22:29', 'Face Scan', NULL, NULL, 0, 10, NULL, 'Test', '6c4712df3be786c3662855d6927b43e5', '2025-01-29 11:22:29', '2025-01-29 11:22:29', NULL),
(329, 267, '2025-01-29 11:31:35', 'Face Scan', NULL, NULL, 0, 10, NULL, 'Test', '0e9533fc15d0c237cf86b66dab4d7096', '2025-01-29 11:31:35', '2025-01-29 11:31:35', NULL),
(330, 267, '2025-01-29 11:34:22', 'Face Scan', NULL, NULL, 0, 10, NULL, 'Test', '962eeb33de11633162c7377c6de06ff1', '2025-01-29 11:34:22', '2025-01-29 11:34:22', NULL),
(331, 267, '2025-01-29 11:34:45', 'Face Scan', NULL, NULL, 0, 10, NULL, 'Test', 'a86bc1ca86d45a9d32575a07c9907679', '2025-01-29 11:34:45', '2025-01-29 11:34:45', NULL),
(332, 1, '2025-01-29 11:39:21', 'Name', NULL, NULL, 0, 11, NULL, 'Test', NULL, '2025-01-29 11:39:21', '2025-01-29 11:39:21', NULL),
(333, 1, '2025-01-29 11:40:40', 'Face Scan', NULL, NULL, 0, 10, NULL, 'Test', NULL, '2025-01-29 11:40:40', '2025-01-29 11:40:40', NULL),
(334, 1, '2025-01-29 12:19:10', 'Photo', NULL, NULL, 0, 0, 'https://cadooga-react-native-app.s3.us-east-2.amazonaws.com/1738153150595_Download%20from%20pngedits.com%20-%2042.png', ' test', NULL, '2025-01-29 12:19:10', '2025-01-29 12:19:10', NULL),
(335, 1, '2025-01-29 12:19:28', 'Face Scan', NULL, NULL, 0, 0, NULL, ' test', NULL, '2025-01-29 12:19:28', '2025-01-29 12:19:28', NULL),
(336, 1, '2025-01-29 12:20:49', 'Photo', NULL, NULL, 0, 0, 'https://cadooga-react-native-app.s3.us-east-2.amazonaws.com/1738153249212_Download%20from%20pngedits.com%20-%2042.png', ' test', NULL, '2025-01-29 12:20:49', '2025-01-29 12:20:49', NULL),
(337, 1, '2025-01-29 12:21:26', 'Face Scan', NULL, NULL, 0, 10, NULL, 'test', NULL, '2025-01-29 12:21:26', '2025-01-29 12:21:26', NULL),
(338, 1, '2025-01-29 12:21:40', 'Face Scan', NULL, NULL, 0, 10, NULL, 'test', NULL, '2025-01-29 12:21:40', '2025-01-29 12:21:40', NULL),
(339, 1, '2025-01-29 12:22:52', 'Photo', NULL, NULL, 0, 0, 'https://cadooga-react-native-app.s3.us-east-2.amazonaws.com/1738153372447_PM.png', ' test', NULL, '2025-01-29 12:22:52', '2025-01-29 12:22:52', NULL),
(340, 1, '2025-01-29 12:23:31', 'Photo', NULL, NULL, 0, 0, 'https://cadooga-react-native-app.s3.us-east-2.amazonaws.com/1738153410930_PM.png', ' test', NULL, '2025-01-29 12:23:31', '2025-01-29 12:23:31', NULL),
(341, 1, '2025-01-29 12:24:48', 'Face Scan', NULL, NULL, 0, 10, NULL, 'Test', NULL, '2025-01-29 12:24:48', '2025-01-29 12:24:48', NULL),
(342, 1, '2025-01-29 12:25:55', 'Photo', NULL, NULL, 0, 0, 'https://cadooga-react-native-app.s3.us-east-2.amazonaws.com/1738153555234_PM.png', ' Test', NULL, '2025-01-29 12:25:55', '2025-01-29 12:25:55', NULL),
(343, 1, '2025-01-29 12:26:35', 'Photo', NULL, NULL, 0, 0, 'https://cadooga-react-native-app.s3.us-east-2.amazonaws.com/1738153595243_PM.png', ' Test', NULL, '2025-01-29 12:26:35', '2025-01-29 12:26:35', NULL),
(344, 1, '2025-01-29 12:26:58', 'Photo', NULL, NULL, 0, 0, 'https://cadooga-react-native-app.s3.us-east-2.amazonaws.com/1738153617960_PM.png', ' Test', NULL, '2025-01-29 12:26:58', '2025-01-29 12:26:58', NULL),
(345, 1, '2025-01-29 12:27:36', 'Face Scan', NULL, NULL, 0, 10, NULL, 'Test', NULL, '2025-01-29 12:27:36', '2025-01-29 12:27:36', NULL),
(346, 1, '2025-01-29 12:27:48', 'Face Scan', NULL, NULL, 0, 10, NULL, 'Test', NULL, '2025-01-29 12:27:48', '2025-01-29 12:27:48', NULL),
(347, 1, '2025-01-29 12:28:06', 'Photo', NULL, NULL, 0, 0, 'https://cadooga-react-native-app.s3.us-east-2.amazonaws.com/1738153686038_PM.png', ' Test', NULL, '2025-01-29 12:28:06', '2025-01-29 12:28:06', NULL),
(348, 1, '2025-01-29 12:34:34', 'Photo', NULL, NULL, 0, 10, 'https://cadooga-react-native-app.s3.us-east-2.amazonaws.com/1738154073972_PM.png', 'Test', NULL, '2025-01-29 12:34:34', '2025-01-29 12:34:34', NULL),
(349, 1, '2025-01-29 12:34:51', 'Photo', NULL, NULL, 0, 10, 'https://cadooga-react-native-app.s3.us-east-2.amazonaws.com/1738154090917_Screenshot%202025-01-09%20at%2012.48.39%E2%80%AFPM.png', 'Test', NULL, '2025-01-29 12:34:51', '2025-01-29 12:34:51', NULL),
(350, 267, '2025-01-29 12:36:30', 'Photo', NULL, NULL, 0, 10, 'https://cadooga-react-native-app.s3.us-east-2.amazonaws.com/1738154190407_IMG_2614.JPG', 'Test', '8a284783d61aa449dce1dd72f8ad9b66', '2025-01-29 12:36:30', '2025-01-29 12:36:30', NULL),
(351, 267, '2025-01-29 12:37:24', 'Photo', NULL, NULL, 0, 10, 'https://cadooga-react-native-app.s3.us-east-2.amazonaws.com/1738154244578_IMG_2614.JPG', 'Test', '26d059e8eb20409ddc9084c4904b0ad7', '2025-01-29 12:37:24', '2025-01-29 12:37:24', NULL),
(352, 267, '2025-01-29 12:37:26', 'Photo', NULL, NULL, 0, 10, 'https://cadooga-react-native-app.s3.us-east-2.amazonaws.com/1738154245933_IMG_2614.JPG', 'Test', '375135acd9a6ce50f16457cdb2e07ffe', '2025-01-29 12:37:26', '2025-01-29 12:37:26', NULL),
(353, 1, '2025-01-29 12:37:46', 'Photo', NULL, NULL, 0, 10, 'https://cadooga-react-native-app.s3.us-east-2.amazonaws.com/1738154265815_Screenshot%202025-01-09%20at%2012.48.39%E2%80%AFPM.png', 'Test', NULL, '2025-01-29 12:37:46', '2025-01-29 12:37:46', NULL),
(354, 1, '2025-01-29 12:37:48', 'Photo', NULL, NULL, 0, 10, 'https://cadooga-react-native-app.s3.us-east-2.amazonaws.com/1738154267919_Screenshot%202025-01-09%20at%2012.48.39%E2%80%AFPM.png', 'Test', NULL, '2025-01-29 12:37:48', '2025-01-29 12:37:48', NULL),
(355, 1, '2025-01-29 12:37:49', 'Photo', NULL, NULL, 0, 10, 'https://cadooga-react-native-app.s3.us-east-2.amazonaws.com/1738154269569_Screenshot%202025-01-09%20at%2012.48.39%E2%80%AFPM.png', 'Test', NULL, '2025-01-29 12:37:49', '2025-01-29 12:37:49', NULL),
(356, 1, '2025-01-29 12:37:51', 'Photo', NULL, NULL, 0, 10, 'https://cadooga-react-native-app.s3.us-east-2.amazonaws.com/1738154271742_Screenshot%202025-01-09%20at%2012.48.39%E2%80%AFPM.png', 'Test', NULL, '2025-01-29 12:37:51', '2025-01-29 12:37:51', NULL),
(357, 1, '2025-01-29 12:37:53', 'Photo', NULL, NULL, 0, 10, 'https://cadooga-react-native-app.s3.us-east-2.amazonaws.com/1738154273260_Screenshot%202025-01-09%20at%2012.48.39%E2%80%AFPM.png', 'Test', NULL, '2025-01-29 12:37:53', '2025-01-29 12:37:53', NULL),
(358, 1, '2025-01-29 12:37:55', 'Photo', NULL, NULL, 0, 10, 'https://cadooga-react-native-app.s3.us-east-2.amazonaws.com/1738154274897_Screenshot%202025-01-09%20at%2012.48.39%E2%80%AFPM.png', 'Test', NULL, '2025-01-29 12:37:55', '2025-01-29 12:37:55', NULL),
(359, 1, '2025-01-29 12:37:57', 'Photo', NULL, NULL, 0, 10, 'https://cadooga-react-native-app.s3.us-east-2.amazonaws.com/1738154276996_Screenshot%202025-01-09%20at%2012.48.39%E2%80%AFPM.png', 'Test', NULL, '2025-01-29 12:37:57', '2025-01-29 12:37:57', NULL),
(360, 1, '2025-01-29 12:38:01', 'Photo', NULL, NULL, 0, 0, 'https://cadooga-react-native-app.s3.us-east-2.amazonaws.com/1738154281065_Screenshot%202025-01-09%20at%2012.48.39%E2%80%AFPM.png', 'Testxs', NULL, '2025-01-29 12:38:01', '2025-01-29 12:38:01', NULL);
INSERT INTO `search_histories` (`id`, `user_id`, `date`, `type`, `lat`, `long`, `is_soft_delete`, `results`, `url`, `name`, `face_token`, `created_at`, `updated_at`, `deleted_at`) VALUES
(361, 267, '2025-01-29 12:38:29', 'Photo', NULL, NULL, 0, 10, 'https://cadooga-react-native-app.s3.us-east-2.amazonaws.com/1738154309805_IMG_2614.JPG', 'Test', '3549a4e3993b983db4e3f95c2561cbf2', '2025-01-29 12:38:29', '2025-01-29 12:38:29', NULL),
(362, 267, '2025-01-29 12:38:56', 'Photo', NULL, NULL, 0, 10, 'https://cadooga-react-native-app.s3.us-east-2.amazonaws.com/1738154336676_IMG_2614.JPG', 'Test', '19aee32bab9d5bcaaa9122298d9766a0', '2025-01-29 12:38:56', '2025-01-29 12:38:56', NULL),
(363, 267, '2025-01-29 12:39:46', 'Photo', NULL, NULL, 0, 10, 'https://cadooga-react-native-app.s3.us-east-2.amazonaws.com/1738154385948_IMG_2614.JPG', 'Test', 'a5cc2e2bb9a7e8f4b87cacf5db34f095', '2025-01-29 12:39:46', '2025-01-29 12:39:46', NULL),
(364, 267, '2025-01-29 12:40:02', 'Photo', NULL, NULL, 0, 10, 'https://cadooga-react-native-app.s3.us-east-2.amazonaws.com/1738154402656_IMG_2614.JPG', 'Test', '17e649ed90b47d1f98e1f92b3e9fe6bf', '2025-01-29 12:40:02', '2025-01-29 12:40:02', NULL),
(365, 267, '2025-01-29 12:43:40', 'Photo', NULL, NULL, 0, 10, 'https://cadooga-react-native-app.s3.us-east-2.amazonaws.com/1738154620211_IMG_2614.JPG', 'Test', 'b994c1670d09bc6fe782be388c9051e1', '2025-01-29 12:43:40', '2025-01-29 12:43:40', NULL),
(366, 267, '2025-01-29 12:44:28', 'Photo', NULL, NULL, 0, 10, 'https://cadooga-react-native-app.s3.us-east-2.amazonaws.com/1738154668431_IMG_2614.JPG', 'Test', '389fba3cb851c739445b6f9c2494a99c', '2025-01-29 12:44:28', '2025-01-29 12:44:28', NULL),
(367, 267, '2025-01-29 12:44:50', 'Photo', NULL, NULL, 0, 10, 'https://cadooga-react-native-app.s3.us-east-2.amazonaws.com/1738154690027_IMG_2614.JPG', 'Test', '090cc37797c70c6ce5086110f8891371', '2025-01-29 12:44:50', '2025-01-29 12:44:50', NULL),
(368, 267, '2025-01-29 12:45:19', 'Photo', NULL, NULL, 0, 10, 'https://cadooga-react-native-app.s3.us-east-2.amazonaws.com/1738154719419_IMG_2614.JPG', 'Test', '8b9dbdba90995578df263772ee2547d5', '2025-01-29 12:45:19', '2025-01-29 12:45:19', NULL),
(369, 267, '2025-01-29 12:45:53', 'Photo', NULL, NULL, 0, 10, 'https://cadooga-react-native-app.s3.us-east-2.amazonaws.com/1738154719419_IMG_2614.JPG', 'Test', '8b9dbdba90995578df263772ee2547d5', '2025-01-29 12:45:53', '2025-01-29 12:45:53', NULL),
(370, 267, '2025-01-29 12:46:16', 'Photo', NULL, NULL, 0, 10, 'https://cadooga-react-native-app.s3.us-east-2.amazonaws.com/1738154719419_IMG_2614.JPG', 'Test', '8b9dbdba90995578df263772ee2547d5', '2025-01-29 12:46:16', '2025-01-29 12:46:16', NULL),
(371, 267, '2025-01-29 12:49:01', 'Photo', NULL, NULL, 0, 10, 'https://cadooga-react-native-app.s3.us-east-2.amazonaws.com/1738154719419_IMG_2614.JPG', 'Test', '8b9dbdba90995578df263772ee2547d5', '2025-01-29 12:49:01', '2025-01-29 12:49:01', NULL),
(372, 267, '2025-01-29 12:50:01', 'Photo', NULL, NULL, 0, 10, 'https://cadooga-react-native-app.s3.us-east-2.amazonaws.com/1738154719419_IMG_2614.JPG', 'Test', '8b9dbdba90995578df263772ee2547d5', '2025-01-29 12:50:01', '2025-01-29 12:50:01', NULL),
(373, 267, '2025-01-29 12:51:33', 'Photo', NULL, NULL, 0, 10, 'https://cadooga-react-native-app.s3.us-east-2.amazonaws.com/1738154719419_IMG_2614.JPG', 'Test', '8b9dbdba90995578df263772ee2547d5', '2025-01-29 12:51:33', '2025-01-29 12:51:33', NULL),
(374, 267, '2025-01-29 12:58:02', 'Photo', NULL, NULL, 0, 10, 'https://cadooga-react-native-app.s3.us-east-2.amazonaws.com/1738154719419_IMG_2614.JPG', 'Test', '8b9dbdba90995578df263772ee2547d5', '2025-01-29 12:58:02', '2025-01-29 12:58:02', NULL),
(375, 267, '2025-01-29 12:58:55', 'Photo', NULL, NULL, 0, 10, 'https://cadooga-react-native-app.s3.us-east-2.amazonaws.com/1738154719419_IMG_2614.JPG', 'Test', '8b9dbdba90995578df263772ee2547d5', '2025-01-29 12:58:55', '2025-01-29 12:58:55', NULL),
(376, 1, '2025-01-29 12:59:17', 'Photo', NULL, NULL, 0, 0, 'https://cadooga-react-native-app.s3.us-east-2.amazonaws.com/1738154719419_IMG_2614.JPG', 'Testxs', NULL, '2025-01-29 12:59:17', '2025-01-29 12:59:17', NULL),
(377, 1, '2025-01-29 12:59:37', 'Photo', NULL, NULL, 0, 10, 'https://cadooga-react-native-app.s3.us-east-2.amazonaws.com/1738154719419_IMG_2614.JPG', 'Test', NULL, '2025-01-29 12:59:37', '2025-01-29 12:59:37', NULL),
(378, 267, '2025-01-29 13:00:08', 'Photo', NULL, NULL, 0, 10, 'https://cadooga-react-native-app.s3.us-east-2.amazonaws.com/1738154719419_IMG_2614.JPG', 'Test', '8b9dbdba90995578df263772ee2547d5', '2025-01-29 13:00:08', '2025-01-29 13:00:08', NULL),
(379, 267, '2025-01-29 13:04:00', 'Photo', NULL, NULL, 0, 10, 'https://cadooga-react-native-app.s3.us-east-2.amazonaws.com/1738154719419_IMG_2614.JPG', 'Test', '8b9dbdba90995578df263772ee2547d5', '2025-01-29 13:04:00', '2025-01-29 13:04:00', NULL),
(380, 267, '2025-01-29 13:05:12', 'Photo', NULL, NULL, 0, 10, 'https://cadooga-react-native-app.s3.us-east-2.amazonaws.com/1738155912669_IMG_2614.JPG', 'Test', '2c9ffbfbd12b0ca8edf025dc31a2b13d', '2025-01-29 13:05:12', '2025-01-29 13:05:12', NULL),
(381, 267, '2025-01-29 13:05:16', 'Photo', NULL, NULL, 0, 10, 'https://cadooga-react-native-app.s3.us-east-2.amazonaws.com/1738155916097_IMG_2614.JPG', 'Test', '2c9ffbfbd12b0ca8edf025dc31a2b13d', '2025-01-29 13:05:16', '2025-01-29 13:05:16', NULL),
(382, 243, '2025-01-30 07:02:45', 'Name', NULL, NULL, 0, 10, NULL, 'Test', NULL, '2025-01-30 07:02:45', '2025-01-30 07:02:45', NULL),
(383, 243, '2025-01-30 07:03:18', 'Photo', NULL, NULL, 0, 9, 'https://cadooga-react-native-app.s3.us-east-2.amazonaws.com/1738220598703_IMG_0002.JPG', 'Test', NULL, '2025-01-30 07:03:18', '2025-01-30 07:03:18', NULL),
(384, 243, '2025-01-30 07:05:39', 'Photo', NULL, NULL, 0, 9, 'https://cadooga-react-native-app.s3.us-east-2.amazonaws.com/1738220739377_IMG_0001.JPG', 'Test', NULL, '2025-01-30 07:05:39', '2025-01-30 07:05:39', NULL),
(385, 243, '2025-01-30 07:06:52', 'Photo', NULL, NULL, 0, 9, 'https://cadooga-react-native-app.s3.us-east-2.amazonaws.com/1738220812245_IMG_0002.JPG', 'Test', NULL, '2025-01-30 07:06:52', '2025-01-30 07:06:52', NULL),
(386, 243, '2025-01-30 07:07:32', 'Photo', NULL, NULL, 0, 10, 'https://cadooga-react-native-app.s3.us-east-2.amazonaws.com/1738220812245_IMG_0002.JPG', 'Test', NULL, '2025-01-30 07:07:32', '2025-01-30 07:07:32', NULL),
(387, 243, '2025-01-30 07:08:09', 'Photo', NULL, NULL, 0, 10, 'https://cadooga-react-native-app.s3.us-east-2.amazonaws.com/1738220812245_IMG_0002.JPG', 'Test', NULL, '2025-01-30 07:08:09', '2025-01-30 07:08:09', NULL),
(388, 243, '2025-01-30 07:08:45', 'Photo', NULL, NULL, 0, 10, 'https://cadooga-react-native-app.s3.us-east-2.amazonaws.com/1738220812245_IMG_0002.JPG', 'Test', NULL, '2025-01-30 07:08:45', '2025-01-30 07:08:45', NULL),
(389, 243, '2025-01-30 07:09:27', 'Photo', NULL, NULL, 0, 10, 'https://cadooga-react-native-app.s3.us-east-2.amazonaws.com/1738220812245_IMG_0002.JPG', 'Test', NULL, '2025-01-30 07:09:27', '2025-01-30 07:09:27', NULL),
(390, 243, '2025-01-30 07:09:40', 'Photo', NULL, NULL, 0, 10, 'https://cadooga-react-native-app.s3.us-east-2.amazonaws.com/1738220812245_IMG_0002.JPG', 'Test', NULL, '2025-01-30 07:09:40', '2025-01-30 07:09:40', NULL),
(391, 243, '2025-01-30 07:10:00', 'Photo', NULL, NULL, 0, 10, 'https://cadooga-react-native-app.s3.us-east-2.amazonaws.com/1738220812245_IMG_0002.JPG', 'Test', NULL, '2025-01-30 07:10:00', '2025-01-30 07:10:00', NULL),
(392, 243, '2025-01-30 07:11:59', 'Photo', NULL, NULL, 0, 9, 'https://cadooga-react-native-app.s3.us-east-2.amazonaws.com/1738221119353_IMG_0001.JPG', 'Test', NULL, '2025-01-30 07:11:59', '2025-01-30 07:11:59', NULL),
(393, 243, '2025-01-30 07:12:09', 'Photo', NULL, NULL, 0, 9, 'https://cadooga-react-native-app.s3.us-east-2.amazonaws.com/1738221129639_IMG_0001.JPG', 'Test', NULL, '2025-01-30 07:12:09', '2025-01-30 07:12:09', NULL),
(394, 243, '2025-01-30 07:12:16', 'Photo', NULL, NULL, 0, 10, 'https://cadooga-react-native-app.s3.us-east-2.amazonaws.com/1738221129639_IMG_0001.JPG', 'Test', NULL, '2025-01-30 07:12:16', '2025-01-30 07:12:16', NULL),
(395, 243, '2025-01-30 07:12:28', 'Name', NULL, NULL, 0, 10, NULL, 'Test', NULL, '2025-01-30 07:12:28', '2025-01-30 07:12:28', NULL),
(396, 243, '2025-01-30 07:12:37', 'Photo', NULL, NULL, 0, 10, 'https://cadooga-react-native-app.s3.us-east-2.amazonaws.com/1738221129639_IMG_0001.JPG', 'Test', NULL, '2025-01-30 07:12:37', '2025-01-30 07:12:37', NULL),
(397, 243, '2025-01-30 07:15:42', 'Photo', NULL, NULL, 0, 9, 'https://cadooga-react-native-app.s3.us-east-2.amazonaws.com/1738221342214_IMG_0001.JPG', 'Test', NULL, '2025-01-30 07:15:42', '2025-01-30 07:15:42', NULL),
(398, 1, '2025-01-30 07:18:57', 'Face Scan', NULL, NULL, 0, 10, NULL, 'Test', NULL, '2025-01-30 07:18:57', '2025-01-30 07:18:57', NULL),
(399, 1, '2025-01-30 07:19:56', 'Photo', NULL, NULL, 0, 10, 'https://cadooga-react-native-app.s3.us-east-2.amazonaws.com/1738221595859_Simulator%20Screenshot%20-%20iPhone%2016%20Pro%20-%202025-01-21%20at%2012.42.42.png', 'Test', NULL, '2025-01-30 07:19:56', '2025-01-30 07:19:56', NULL),
(400, 1, '2025-01-30 07:20:02', 'Photo', NULL, NULL, 0, 11, 'https://cadooga-react-native-app.s3.us-east-2.amazonaws.com/1738221602787_Simulator%20Screenshot%20-%20iPhone%2016%20Pro%20-%202025-01-21%20at%2012.42.42.png', 'Test', NULL, '2025-01-30 07:20:02', '2025-01-30 07:20:02', NULL),
(401, 1, '2025-01-30 07:20:29', 'Photo', NULL, NULL, 0, 11, 'https://cadooga-react-native-app.s3.us-east-2.amazonaws.com/1738221628951_Simulator%20Screenshot%20-%20iPhone%2016%20Pro%20-%202025-01-21%20at%2012.42.42.png', 'Test', NULL, '2025-01-30 07:20:29', '2025-01-30 07:20:29', NULL),
(402, 1, '2025-01-30 07:20:35', 'Photo', NULL, NULL, 0, 10, 'https://cadooga-react-native-app.s3.us-east-2.amazonaws.com/1738221635735_Simulator%20Screenshot%20-%20iPhone%2016%20Pro%20-%202025-01-21%20at%2012.42.42.png', 'Test', NULL, '2025-01-30 07:20:35', '2025-01-30 07:20:35', NULL),
(403, 1, '2025-01-30 07:21:23', 'Photo', NULL, NULL, 0, 10, 'https://cadooga-react-native-app.s3.us-east-2.amazonaws.com/1738221683325_Simulator%20Screenshot%20-%20iPhone%2016%20Pro%20-%202025-01-21%20at%2012.42.42.png', 'Test', NULL, '2025-01-30 07:21:23', '2025-01-30 07:21:23', NULL),
(404, 243, '2025-01-30 07:21:47', 'Name', NULL, NULL, 0, 10, NULL, 'Test', NULL, '2025-01-30 07:21:47', '2025-01-30 07:21:47', NULL),
(405, 243, '2025-01-30 07:22:00', 'Photo', NULL, NULL, 0, 9, 'https://cadooga-react-native-app.s3.us-east-2.amazonaws.com/1738221720728_IMG_0001.JPG', 'Test', NULL, '2025-01-30 07:22:00', '2025-01-30 07:22:00', NULL),
(406, 243, '2025-01-30 07:22:56', 'Photo', NULL, NULL, 0, 9, 'https://cadooga-react-native-app.s3.us-east-2.amazonaws.com/1738221776568_IMG_0005.JPG', 'Test', NULL, '2025-01-30 07:22:56', '2025-01-30 07:22:56', NULL),
(407, 243, '2025-01-30 07:23:07', 'Photo', NULL, NULL, 0, 10, 'https://cadooga-react-native-app.s3.us-east-2.amazonaws.com/1738221720728_IMG_0001.JPG', 'Test', NULL, '2025-01-30 07:23:07', '2025-01-30 07:23:07', NULL),
(408, 243, '2025-01-30 07:24:42', 'Photo', NULL, NULL, 0, 10, 'https://cadooga-react-native-app.s3.us-east-2.amazonaws.com/1738221776568_IMG_0005.JPG', 'Test', NULL, '2025-01-30 07:24:42', '2025-01-30 07:24:42', NULL),
(409, 243, '2025-01-30 07:27:33', 'Photo', NULL, NULL, 0, 10, 'https://cadooga-react-native-app.s3.us-east-2.amazonaws.com/1738221776568_IMG_0005.JPG', 'Test', NULL, '2025-01-30 07:27:33', '2025-01-30 07:27:33', NULL),
(410, 243, '2025-01-30 07:29:21', 'Photo', NULL, NULL, 0, 10, 'https://cadooga-react-native-app.s3.us-east-2.amazonaws.com/1738221776568_IMG_0005.JPG', 'Test', NULL, '2025-01-30 07:29:21', '2025-01-30 07:29:21', NULL),
(411, 243, '2025-01-30 07:31:03', 'Photo', NULL, NULL, 0, 10, 'https://cadooga-react-native-app.s3.us-east-2.amazonaws.com/1738221776568_IMG_0005.JPG', 'Test', NULL, '2025-01-30 07:31:03', '2025-01-30 07:31:03', NULL),
(412, 243, '2025-01-30 07:31:39', 'Name', NULL, NULL, 0, 0, NULL, 'Andrew Demski', NULL, '2025-01-30 07:31:39', '2025-01-30 07:31:39', NULL),
(413, 243, '2025-01-30 07:31:51', 'Name', NULL, NULL, 0, 0, NULL, 'Andrew Demski', NULL, '2025-01-30 07:31:51', '2025-01-30 07:31:51', NULL),
(414, 243, '2025-01-30 07:31:57', 'Photo', NULL, NULL, 0, 10, 'https://cadooga-react-native-app.s3.us-east-2.amazonaws.com/1738221776568_IMG_0005.JPG', 'Test', NULL, '2025-01-30 07:31:57', '2025-01-30 07:31:57', NULL),
(415, 243, '2025-01-30 07:34:00', 'Name', NULL, NULL, 0, 0, NULL, 'Andrew Demski', NULL, '2025-01-30 07:34:00', '2025-01-30 07:34:00', NULL),
(416, 243, '2025-01-30 07:37:40', 'Name', NULL, NULL, 0, 0, NULL, 'Andrew Demski', NULL, '2025-01-30 07:37:40', '2025-01-30 07:37:40', NULL),
(417, 243, '2025-01-30 07:38:10', 'Name', NULL, NULL, 0, 10, NULL, 'Test', NULL, '2025-01-30 07:38:10', '2025-01-30 07:38:10', NULL),
(418, 243, '2025-01-30 07:38:57', 'Name', NULL, NULL, 0, 10, NULL, 'Test', NULL, '2025-01-30 07:38:57', '2025-01-30 07:38:57', NULL),
(419, 243, '2025-01-30 07:39:24', 'Photo', NULL, NULL, 0, 9, 'https://cadooga-react-native-app.s3.us-east-2.amazonaws.com/1738222764531_IMG_0001.JPG', 'Test', NULL, '2025-01-30 07:39:24', '2025-01-30 07:39:24', NULL),
(420, 243, '2025-01-30 07:44:31', 'Name', NULL, NULL, 0, 10, NULL, 'Test', NULL, '2025-01-30 07:44:31', '2025-01-30 07:44:31', NULL),
(421, 243, '2025-01-30 07:46:17', 'Name', NULL, NULL, 0, 10, NULL, 'Test', NULL, '2025-01-30 07:46:17', '2025-01-30 07:46:17', NULL),
(422, 1, '2025-01-30 07:55:57', 'Photo', NULL, NULL, 0, 10, 'https://cadooga-react-native-app.s3.us-east-2.amazonaws.com/1738223756664_boy.png', 'Test', NULL, '2025-01-30 07:55:57', '2025-01-30 07:55:57', NULL),
(423, 1, '2025-01-30 07:56:14', 'Photo', NULL, NULL, 0, 11, 'https://cadooga-react-native-app.s3.us-east-2.amazonaws.com/1738223774499_boy.png', 'Test', NULL, '2025-01-30 07:56:14', '2025-01-30 07:56:14', NULL),
(424, 243, '2025-01-30 08:00:44', 'Photo', NULL, NULL, 0, 9, 'https://cadooga-react-native-app.s3.us-east-2.amazonaws.com/1738224044284_IMG_0005.JPG', 'Test', NULL, '2025-01-30 08:00:44', '2025-01-30 08:00:44', NULL),
(425, 243, '2025-01-30 08:02:17', 'Photo', NULL, NULL, 0, 9, 'https://cadooga-react-native-app.s3.us-east-2.amazonaws.com/1738224137283_image.jpg', 'Test', NULL, '2025-01-30 08:02:17', '2025-01-30 08:02:17', NULL),
(426, 243, '2025-01-30 08:02:31', 'Photo', NULL, NULL, 0, 9, 'https://cadooga-react-native-app.s3.us-east-2.amazonaws.com/1738224151726_image.jpg', 'Test', NULL, '2025-01-30 08:02:31', '2025-01-30 08:02:31', NULL),
(427, 1, '2025-01-30 08:14:34', 'Photo', NULL, NULL, 0, 10, 'https://cadooga-react-native-app.s3.us-east-2.amazonaws.com/1738224874247_sample1.heic', 'Test', NULL, '2025-01-30 08:14:34', '2025-01-30 08:14:34', NULL),
(428, 243, '2025-01-30 08:15:27', 'Photo', NULL, NULL, 0, 9, 'https://cadooga-react-native-app.s3.us-east-2.amazonaws.com/1738224927143_IMG_0006.HEIC', 'Test', NULL, '2025-01-30 08:15:27', '2025-01-30 08:15:27', NULL),
(429, 243, '2025-01-30 13:14:43', 'Face Scan', NULL, NULL, 0, 9, NULL, 'Test', 'bf0703003e41fba19066742c9daac824', '2025-01-30 13:14:43', '2025-01-30 13:14:43', NULL),
(430, 269, '2025-01-30 22:39:25', 'Name', NULL, NULL, 0, 7, NULL, 'Sethtest', NULL, '2025-01-30 22:39:25', '2025-01-30 22:39:25', NULL),
(431, 269, '2025-01-30 22:39:44', 'Photo', NULL, NULL, 0, 7, 'https://cadooga-react-native-app.s3.us-east-2.amazonaws.com/1738276784071_1738276782129.jpg', 'Sethtest', 'e9f9e00362ecab8abb563b0b337cd7c2', '2025-01-30 22:39:44', '2025-01-30 22:39:44', NULL),
(432, 269, '2025-01-30 22:40:01', 'Face Scan', NULL, NULL, 0, 7, NULL, 'Sethtest', '8f0c086f13d7805b4a09e0a8428f1e9c', '2025-01-30 22:40:01', '2025-01-30 22:40:01', NULL),
(433, 269, '2025-01-30 22:40:27', 'Face Scan', NULL, NULL, 0, 7, NULL, 'Sethtest', 'cb390016310fbd1227061ba617075bf1', '2025-01-30 22:40:27', '2025-01-30 22:40:27', NULL),
(434, 269, '2025-01-30 22:41:41', 'Name', NULL, NULL, 0, 7, NULL, 'Seth', NULL, '2025-01-30 22:41:41', '2025-01-30 22:41:41', NULL),
(435, 269, '2025-01-30 22:42:01', 'Photo', NULL, NULL, 0, 7, 'https://cadooga-react-native-app.s3.us-east-2.amazonaws.com/1738276921109_IMG_0342.JPG', 'Seth', '4a9e660873de330b9085728797235cb3', '2025-01-30 22:42:01', '2025-01-30 22:42:01', NULL),
(436, 269, '2025-01-30 22:42:21', 'Face Scan', NULL, NULL, 0, 7, NULL, 'Seth', 'a866f9ef090834985a242bd19f51c670', '2025-01-30 22:42:21', '2025-01-30 22:42:21', NULL),
(437, 269, '2025-01-30 22:42:49', 'Face Scan', NULL, NULL, 0, 7, NULL, 'Sethtest', 'b00b4f230a385bcdd5271757771f0caa', '2025-01-30 22:42:49', '2025-01-30 22:42:49', NULL),
(438, 269, '2025-01-30 22:44:37', 'Photo', NULL, NULL, 0, 7, 'https://cadooga-react-native-app.s3.us-east-2.amazonaws.com/1738277077811_IMG_0311.JPG', 'Sethtest', NULL, '2025-01-30 22:44:37', '2025-01-30 22:44:37', NULL),
(439, 269, '2025-01-30 22:49:23', 'Photo', NULL, NULL, 0, 7, 'https://cadooga-react-native-app.s3.us-east-2.amazonaws.com/1738277363751_IMG_0346.JPG', 'Sethtest', NULL, '2025-01-30 22:49:23', '2025-01-30 22:49:23', NULL),
(440, 269, '2025-01-30 22:50:39', 'Photo', NULL, NULL, 0, 7, 'https://cadooga-react-native-app.s3.us-east-2.amazonaws.com/1738277439515_IMG_0347.PNG', 'Sethtest', NULL, '2025-01-30 22:50:39', '2025-01-30 22:50:39', NULL),
(441, 267, '2025-01-31 05:58:16', 'Photo', NULL, NULL, 0, 10, 'https://cadooga-react-native-app.s3.us-east-2.amazonaws.com/1738303095868_IMG_2430.HEIC', 'Test', '5d6518c7771c3f7ee0306419bca33b84', '2025-01-31 05:58:16', '2025-01-31 05:58:16', NULL),
(442, 267, '2025-01-31 06:00:14', 'Photo', NULL, NULL, 0, 10, 'https://cadooga-react-native-app.s3.us-east-2.amazonaws.com/1738303213985_IMG_2429.HEIC', 'Test', '135ba878a838d91683aec13279a5b3f1', '2025-01-31 06:00:14', '2025-01-31 06:00:14', NULL),
(443, 267, '2025-01-31 06:01:45', 'Photo', NULL, NULL, 0, 10, 'https://cadooga-react-native-app.s3.us-east-2.amazonaws.com/1738303305012_IMG_2633.HEIC', 'Test', '4f7a789e7be48565dba3a062aeb6bb31', '2025-01-31 06:01:45', '2025-01-31 06:01:45', NULL),
(444, 267, '2025-01-31 06:03:12', 'Photo', NULL, NULL, 0, 10, 'https://cadooga-react-native-app.s3.us-east-2.amazonaws.com/1738303392270_IMG_2633.HEIC', 'Test', 'e4a3fe5aa1052cf804479aafe5d40dd8', '2025-01-31 06:03:12', '2025-01-31 06:03:12', NULL),
(445, 267, '2025-01-31 06:04:33', 'Photo', NULL, NULL, 0, 10, 'https://cadooga-react-native-app.s3.us-east-2.amazonaws.com/1738303472997_IMG_2633.HEIC', 'Test', '5594969f93a841a24010cb6aaa8b767b', '2025-01-31 06:04:33', '2025-01-31 06:04:33', NULL),
(446, 267, '2025-01-31 06:04:54', 'Photo', NULL, NULL, 0, 10, 'https://cadooga-react-native-app.s3.us-east-2.amazonaws.com/1738303494654_IMG_2633.HEIC', 'Test', '40c8fc18ba546c879508cf6aafd9bc65', '2025-01-31 06:04:54', '2025-01-31 06:04:54', NULL),
(447, 267, '2025-01-31 06:06:25', 'Photo', NULL, NULL, 0, 10, 'https://cadooga-react-native-app.s3.us-east-2.amazonaws.com/1738303585770_IMG_2633.HEIC', 'Test', '6ef4762b3f88019c3b9539acfe978c6a', '2025-01-31 06:06:25', '2025-01-31 06:06:25', NULL),
(448, 267, '2025-01-31 06:16:54', 'Face Scan', NULL, NULL, 0, 10, NULL, 'Test', 'd523700c839a38356a9defd2ad55173d', '2025-01-31 06:16:54', '2025-01-31 06:16:54', NULL),
(449, 267, '2025-01-31 06:20:46', 'Face Scan', NULL, NULL, 0, 10, NULL, 'Test', 'f3e89d3894a66d97b044498530859cf7', '2025-01-31 06:20:46', '2025-01-31 06:20:46', NULL),
(450, 267, '2025-01-31 06:24:42', 'Photo', NULL, NULL, 0, 10, 'https://cadooga-react-native-app.s3.us-east-2.amazonaws.com/1738304682076_IMG_2633.HEIC', 'Test', '69b69f6d69bad9beb775bb6741d48a38', '2025-01-31 06:24:42', '2025-01-31 06:24:42', NULL),
(451, 267, '2025-01-31 06:24:54', 'Photo', NULL, NULL, 0, 10, 'https://cadooga-react-native-app.s3.us-east-2.amazonaws.com/1738304693897_IMG_2633.HEIC', 'Test', '69b69f6d69bad9beb775bb6741d48a38', '2025-01-31 06:24:54', '2025-01-31 06:24:54', NULL),
(452, 267, '2025-01-31 06:33:10', 'Face Scan', NULL, NULL, 0, 10, NULL, 'Test', '68ebbf25a0cc19c52da2bc30673d1fb4', '2025-01-31 06:33:10', '2025-01-31 06:33:10', NULL),
(453, 267, '2025-01-31 06:33:25', 'Face Scan', NULL, NULL, 0, 10, NULL, 'Test', '5f54ad7311b13526e67a390656cf6ae2', '2025-01-31 06:33:25', '2025-01-31 06:33:25', NULL),
(454, 273, '2025-01-31 06:49:43', 'Face Scan', NULL, NULL, 0, 10, NULL, 'Test', '2d1fad5937e486f8808d5ebc70738a9b', '2025-01-31 06:49:43', '2025-01-31 06:49:43', NULL),
(455, 273, '2025-01-31 06:49:55', 'Face Scan', NULL, NULL, 0, 10, NULL, 'Test', 'c4f1ec6e36111c7d72a0fcd44c58cbcf', '2025-01-31 06:49:55', '2025-01-31 06:49:55', NULL),
(456, 273, '2025-01-31 06:50:08', 'Face Scan', NULL, NULL, 0, 10, NULL, 'Test', 'e9c62163ff4ece25d2d51c9f9abea4e6', '2025-01-31 06:50:08', '2025-01-31 06:50:08', NULL),
(457, 273, '2025-01-31 06:50:19', 'Face Scan', NULL, NULL, 0, 10, NULL, 'Test', '62798ae04bb41295b49cabe597c71e51', '2025-01-31 06:50:19', '2025-01-31 06:50:19', NULL),
(458, 273, '2025-01-31 06:50:31', 'Face Scan', NULL, NULL, 0, 10, NULL, 'Test', 'eeb089b11baad77faa1fd90a29e2303e', '2025-01-31 06:50:31', '2025-01-31 06:50:31', NULL),
(459, 273, '2025-01-31 06:50:58', 'Photo', NULL, NULL, 0, 10, 'https://cadooga-react-native-app.s3.us-east-2.amazonaws.com/1738306258710_IMG_2633.HEIC', 'Test', 'f3018ada470fd9e8a2a924f2e6764262', '2025-01-31 06:50:58', '2025-01-31 06:50:58', NULL),
(460, 273, '2025-01-31 06:51:11', 'Face Scan', NULL, NULL, 0, 10, NULL, 'Test', '1fd22fd49bbba586f561154a6146a866', '2025-01-31 06:51:11', '2025-01-31 06:51:11', NULL),
(461, 250, '2025-02-10 15:45:30', 'Face Scan', NULL, NULL, 0, 6, NULL, 'Sethtest', '8d203fb9748df143e71c7673847d9e60', '2025-02-10 15:45:30', '2025-02-10 15:45:30', NULL),
(462, 250, '2025-02-10 15:46:15', 'Face Scan', NULL, NULL, 0, 0, NULL, 'Rov', '1d6478bf1c312a1be4dc5ae1cf00381c', '2025-02-10 15:46:15', '2025-02-10 15:46:15', NULL),
(463, 250, '2025-02-10 15:46:33', 'Name', NULL, NULL, 0, 0, NULL, 'Rovind', NULL, '2025-02-10 15:46:33', '2025-02-10 15:46:33', NULL),
(464, 250, '2025-02-10 15:46:43', 'Name', NULL, NULL, 0, 7, NULL, 'Seth', NULL, '2025-02-10 15:46:43', '2025-02-10 15:46:43', NULL),
(465, 250, '2025-02-10 15:49:02', 'Face Scan', NULL, NULL, 0, 6, NULL, 'Sethtest', 'd5d84cce7cc0acf41d6ff2db87458135', '2025-02-10 15:49:02', '2025-02-10 15:49:02', NULL),
(466, 250, '2025-02-10 15:49:16', 'Name', NULL, NULL, 0, 0, NULL, 'Rov', NULL, '2025-02-10 15:49:16', '2025-02-10 15:49:16', NULL),
(467, 250, '2025-02-10 15:49:39', 'Face Scan', NULL, NULL, 0, 0, NULL, 'Doug', '028d43d9e11223d924f110f45ad91379', '2025-02-10 15:49:39', '2025-02-10 15:49:39', NULL),
(468, 250, '2025-02-10 15:50:49', 'Face Scan', NULL, NULL, 0, 0, NULL, 'Doug', '028d43d9e11223d924f110f45ad91379', '2025-02-10 15:50:49', '2025-02-10 15:50:49', NULL),
(469, 250, '2025-02-10 15:51:09', 'Photo', NULL, NULL, 0, 1, 'https://cadooga-react-native-app.s3.us-east-2.amazonaws.com/1739202669845_a80ef820-1e24-4ef3-8290-0c81658389d4.jpg', 'Seth', '0eb07482cebfa1d6d03069dcbc17f2ff', '2025-02-10 15:51:09', '2025-02-10 15:51:09', NULL),
(470, 250, '2025-02-10 15:51:35', 'Name', NULL, NULL, 0, 0, NULL, 'Goldstien', NULL, '2025-02-10 15:51:35', '2025-02-10 15:51:35', NULL),
(471, 250, '2025-02-10 15:51:43', 'Name', NULL, NULL, 0, 0, NULL, 'Goldstein', NULL, '2025-02-10 15:51:43', '2025-02-10 15:51:43', NULL),
(472, 250, '2025-02-10 15:51:54', 'Name', NULL, NULL, 0, 0, NULL, 'Sally', NULL, '2025-02-10 15:51:54', '2025-02-10 15:51:54', NULL),
(473, 250, '2025-02-10 15:54:29', 'Photo', NULL, NULL, 0, 1, 'https://cadooga-react-native-app.s3.us-east-2.amazonaws.com/1739202869193_IMG_0311.JPG', 'Seth', '685ff6c3566ceaa2958eca73e48aec8d', '2025-02-10 15:54:29', '2025-02-10 15:54:29', NULL),
(474, 233, '2025-04-04 20:09:53', 'Face Scan', NULL, NULL, 0, 1, NULL, 'Seth', '14f814de7377f9ece9384bd886e2a5fa', '2025-04-04 20:09:53', '2025-04-04 20:09:53', NULL),
(475, 233, '2025-04-04 20:10:08', 'Name', NULL, NULL, 0, 7, NULL, 'Seth', NULL, '2025-04-04 20:10:08', '2025-04-04 20:10:08', NULL),
(476, 232, '2025-04-04 21:18:20', 'Face Scan', NULL, NULL, 0, 1, NULL, 'Seth', 'be1c311d7a4ceaaf291a21296d33a437', '2025-04-04 21:18:20', '2025-04-04 21:18:20', NULL),
(477, 232, '2025-04-04 21:18:32', 'Name', NULL, NULL, 0, 7, NULL, 'Seth', NULL, '2025-04-04 21:18:32', '2025-04-04 21:18:32', NULL),
(478, 232, '2025-04-04 21:20:16', 'Photo', NULL, NULL, 0, 1, 'https://cadooga-react-native-app.s3.us-east-2.amazonaws.com/1743801616769_ebf1cf2f-90b3-4f8a-a8b4-0665fbec1928.jpg', 'Seth', '3910993edb9092f5de5e4bf2a5e5bb51', '2025-04-04 21:20:16', '2025-04-04 21:20:16', NULL),
(479, 233, '2025-04-04 21:20:17', 'Photo', NULL, NULL, 0, 1, 'https://cadooga-react-native-app.s3.us-east-2.amazonaws.com/1743801617916_IMG_0345.JPG', 'Seth', '7f8889e7ea0261a1f59292280c057ace', '2025-04-04 21:20:17', '2025-04-04 21:20:17', NULL),
(480, 232, '2025-04-04 21:21:19', 'Name', NULL, NULL, 0, 7, NULL, 'Seth', NULL, '2025-04-04 21:21:19', '2025-04-04 21:21:19', NULL),
(481, 232, '2025-04-04 21:21:43', 'Name', NULL, NULL, 0, 1, NULL, 'One thirty two', NULL, '2025-04-04 21:21:43', '2025-04-04 21:21:43', NULL),
(482, 233, '2025-04-04 21:21:56', 'Name', NULL, NULL, 0, 1, NULL, 'One thirty two', NULL, '2025-04-04 21:21:56', '2025-04-04 21:21:56', NULL),
(483, 275, '2025-04-04 21:32:28', 'Face Scan', NULL, NULL, 0, 1, NULL, 'Seth', '521f3eec7012796e2d62d6ebf6553068', '2025-04-04 21:32:28', '2025-04-04 21:32:28', NULL),
(484, 275, '2025-04-04 21:32:34', 'Name', NULL, NULL, 0, 8, NULL, 'Seth', NULL, '2025-04-04 21:32:34', '2025-04-04 21:32:34', NULL),
(485, 275, '2025-04-04 21:32:41', 'Name', NULL, NULL, 0, 2, NULL, 'Dev', NULL, '2025-04-04 21:32:41', '2025-04-04 21:32:41', NULL),
(486, 275, '2025-04-04 21:32:51', 'Name', NULL, NULL, 0, 8, NULL, 'Seth', NULL, '2025-04-04 21:32:51', '2025-04-04 21:32:51', NULL),
(487, 275, '2025-04-04 21:32:58', 'Face Scan', NULL, NULL, 0, 1, NULL, 'Seth', '521f3eec7012796e2d62d6ebf6553068', '2025-04-04 21:32:58', '2025-04-04 21:32:58', NULL),
(488, 233, '2025-04-04 21:42:01', 'Name', NULL, NULL, 0, 11, NULL, 'Test', NULL, '2025-04-04 21:42:01', '2025-04-04 21:42:01', NULL),
(489, 233, '2025-04-04 21:42:20', 'Name', NULL, NULL, 0, 1, NULL, 'Test87', NULL, '2025-04-04 21:42:20', '2025-04-04 21:42:20', NULL),
(490, 277, '2025-04-04 21:43:17', 'Name', NULL, NULL, 0, 11, NULL, 'Test', NULL, '2025-04-04 21:43:17', '2025-04-04 21:43:17', NULL),
(491, 277, '2025-04-04 21:43:32', 'Face Scan', NULL, NULL, 0, 10, NULL, 'Test', '9737775d7316c8f591da938a84b18d19', '2025-04-04 21:43:32', '2025-04-04 21:43:32', NULL),
(492, 277, '2025-04-04 21:43:48', 'Name', NULL, NULL, 0, 11, NULL, 'Test', NULL, '2025-04-04 21:43:48', '2025-04-04 21:43:48', NULL),
(493, 277, '2025-04-04 21:43:52', 'Face Scan', NULL, NULL, 0, 10, NULL, 'Test', '9737775d7316c8f591da938a84b18d19', '2025-04-04 21:43:52', '2025-04-04 21:43:52', NULL),
(494, 277, '2025-04-04 21:44:02', 'Name', NULL, NULL, 0, 0, NULL, 'Tester', NULL, '2025-04-04 21:44:02', '2025-04-04 21:44:02', NULL),
(495, 277, '2025-04-04 21:44:09', 'Name', NULL, NULL, 0, 11, NULL, 'Test', NULL, '2025-04-04 21:44:09', '2025-04-04 21:44:09', NULL),
(496, 277, '2025-04-04 21:44:11', 'Name', NULL, NULL, 0, 0, NULL, 'Tester', NULL, '2025-04-04 21:44:11', '2025-04-04 21:44:11', NULL),
(497, 233, '2025-04-04 21:52:12', 'Photo', NULL, NULL, 0, 1, 'https://cadooga-react-native-app.s3.us-east-2.amazonaws.com/1743803531912_IMG_0377.JPG', 'Test', 'f68bdcf6da36a0cdc30817eca192fc23', '2025-04-04 21:52:12', '2025-04-04 21:52:12', NULL),
(498, 277, '2025-04-04 21:52:13', 'Photo', NULL, NULL, 0, 0, 'https://cadooga-react-native-app.s3.us-east-2.amazonaws.com/1743803533234_9614f9fd-2da4-4460-8e6d-afcb81891cd5.jpg', 'Tester', 'ec00600050f0c8cef5302f9add92986b', '2025-04-04 21:52:13', '2025-04-04 21:52:13', NULL),
(499, 233, '2025-04-04 21:52:25', 'Name', NULL, NULL, 0, 11, NULL, 'Test', NULL, '2025-04-04 21:52:25', '2025-04-04 21:52:25', NULL),
(500, 277, '2025-04-04 21:52:25', 'Name', NULL, NULL, 0, 0, NULL, 'Tester', NULL, '2025-04-04 21:52:25', '2025-04-04 21:52:25', NULL),
(501, 277, '2025-04-04 21:52:32', 'Photo', NULL, NULL, 0, 0, 'https://cadooga-react-native-app.s3.us-east-2.amazonaws.com/1743803533234_9614f9fd-2da4-4460-8e6d-afcb81891cd5.jpg', 'Tester', 'ec00600050f0c8cef5302f9add92986b', '2025-04-04 21:52:32', '2025-04-04 21:52:32', NULL),
(502, 233, '2025-04-04 21:52:35', 'Photo', NULL, NULL, 0, 1, 'https://cadooga-react-native-app.s3.us-east-2.amazonaws.com/1743803531912_IMG_0377.JPG', 'Test', 'f68bdcf6da36a0cdc30817eca192fc23', '2025-04-04 21:52:35', '2025-04-04 21:52:35', NULL),
(503, 279, '2025-04-07 13:29:21', 'Name', NULL, NULL, 0, 9, NULL, 'Seth', NULL, '2025-04-07 13:29:21', '2025-04-07 13:29:21', NULL),
(504, 279, '2025-04-07 13:31:06', 'Photo', NULL, NULL, 0, 2, 'https://cadooga-react-native-app.s3.us-east-2.amazonaws.com/1744032666762_IMG_2398.PNG', 'Seth', 'a5eb0acd7126242881ffb57463b56d9d', '2025-04-07 13:31:06', '2025-04-07 13:31:06', NULL),
(505, 279, '2025-04-07 13:31:25', 'Photo', NULL, NULL, 0, 2, 'https://cadooga-react-native-app.s3.us-east-2.amazonaws.com/1744032684981_IMG_2398.PNG', 'Aaron', 'ef0ab58376caecd2ecf7ea32b0845f01', '2025-04-07 13:31:25', '2025-04-07 13:31:25', NULL),
(506, 279, '2025-04-07 13:31:42', 'Photo', NULL, NULL, 0, 2, 'https://cadooga-react-native-app.s3.us-east-2.amazonaws.com/1744032701875_IMG_2398.PNG', 'Seth', 'b53456e496fa5196adbfa5c815eeb223', '2025-04-07 13:31:42', '2025-04-07 13:31:42', NULL),
(507, 279, '2025-04-07 13:32:24', 'Photo', NULL, NULL, 0, 2, 'https://cadooga-react-native-app.s3.us-east-2.amazonaws.com/1744032744673_IMG_2398.PNG', 'Seth', 'd0a9126de17eef53f517ba135dda96f5', '2025-04-07 13:32:24', '2025-04-07 13:32:24', NULL),
(508, 279, '2025-04-07 13:32:36', 'Photo', NULL, NULL, 0, 2, 'https://cadooga-react-native-app.s3.us-east-2.amazonaws.com/1744032755961_IMG_2398.PNG', 'Aaron', '748db82a270ed9286843b812719a423b', '2025-04-07 13:32:36', '2025-04-07 13:32:36', NULL),
(509, 279, '2025-04-07 13:34:24', 'Name', NULL, NULL, 0, 2, NULL, 'Aaron', NULL, '2025-04-07 13:34:24', '2025-04-07 13:34:24', NULL),
(510, 277, '2025-04-07 17:37:02', 'Name', NULL, NULL, 0, 7, NULL, 'Sethtest', NULL, '2025-04-07 17:37:02', '2025-04-07 17:37:02', NULL),
(511, 277, '2025-04-07 17:39:50', 'Name', NULL, NULL, 0, 12, NULL, 'Test', NULL, '2025-04-07 17:39:50', '2025-04-07 17:39:50', NULL),
(512, 277, '2025-04-07 17:39:57', 'Name', NULL, NULL, 0, 12, NULL, 'Test', NULL, '2025-04-07 17:39:57', '2025-04-07 17:39:57', NULL),
(513, 277, '2025-04-07 17:40:48', 'Photo', NULL, NULL, 0, 1, 'https://cadooga-react-native-app.s3.us-east-2.amazonaws.com/1744047648564_IMG_0379.HEIC', 'Test', '6a1b4d9b26b8e6ee79aa9d3517010db9', '2025-04-07 17:40:48', '2025-04-07 17:40:48', NULL),
(514, 277, '2025-04-07 17:41:23', 'Photo', NULL, NULL, 0, 1, 'https://cadooga-react-native-app.s3.us-east-2.amazonaws.com/1744047683368_IMG_0311.JPG', 'Test', 'ceb6b4106154a5c40be98f1b6697659f', '2025-04-07 17:41:23', '2025-04-07 17:41:23', NULL),
(515, 277, '2025-04-07 17:42:33', 'Photo', NULL, NULL, 0, 0, 'https://cadooga-react-native-app.s3.us-east-2.amazonaws.com/1744047753763_IMG_0379.HEIC', 'Doug', '10763fde79a63f1d4d9da5bcd4d43b3a', '2025-04-07 17:42:33', '2025-04-07 17:42:33', NULL),
(516, 277, '2025-04-07 17:42:44', 'Photo', NULL, NULL, 0, 1, 'https://cadooga-react-native-app.s3.us-east-2.amazonaws.com/1744047764084_IMG_0379.HEIC', 'Te', '3776c7611cc633c980662a5c45c2c24b', '2025-04-07 17:42:44', '2025-04-07 17:42:44', NULL),
(517, 277, '2025-04-07 17:42:53', 'Photo', NULL, NULL, 0, 1, 'https://cadooga-react-native-app.s3.us-east-2.amazonaws.com/1744047772972_IMG_0379.HEIC', 'Dev', '80e35e43ead7e9cd08d96a7bb1e4c6d7', '2025-04-07 17:42:53', '2025-04-07 17:42:53', NULL),
(518, 277, '2025-04-07 17:43:29', 'Photo', NULL, NULL, 0, 1, 'https://cadooga-react-native-app.s3.us-east-2.amazonaws.com/1744047809451_IMG_0379.HEIC', 'A', '7b20b864652f14561ae799f0bd8b2f98', '2025-04-07 17:43:29', '2025-04-07 17:43:29', NULL),
(519, 277, '2025-04-07 17:45:46', 'Photo', NULL, NULL, 0, 1, 'https://cadooga-react-native-app.s3.us-east-2.amazonaws.com/1744047946760_IMG_0311.JPG', 'A', '04db1b5667ed4cd5bb33b343d8759927', '2025-04-07 17:45:46', '2025-04-07 17:45:46', NULL),
(520, 277, '2025-04-07 18:01:53', 'Face Scan', NULL, NULL, 0, 1, NULL, 'Aaron', '00afb8193b2755e1e9b3d902f287f3be', '2025-04-07 18:01:53', '2025-04-07 18:01:53', NULL),
(521, 277, '2025-04-07 18:02:52', 'Face Scan', NULL, NULL, 0, 1, NULL, 'Aaron', 'e30cbe71914b7d24005c7d17f3e09eb5', '2025-04-07 18:02:52', '2025-04-07 18:02:52', NULL),
(522, 277, '2025-04-07 18:11:27', 'Face Scan', NULL, NULL, 0, 1, NULL, 'Aaron', 'f913c8444ec01c4480c4cb3182bd4613', '2025-04-07 18:11:27', '2025-04-07 18:11:27', NULL),
(523, 277, '2025-04-07 18:11:48', 'Face Scan', NULL, NULL, 0, 1, NULL, 'Test', 'dac80766189a42aaa4a8f1a4b754034b', '2025-04-07 18:11:48', '2025-04-07 18:11:48', NULL),
(524, 277, '2025-04-07 18:15:17', 'Face Scan', NULL, NULL, 0, 4, NULL, 'B', 'eafeb5947c891bfc444eb565a6ab19f3', '2025-04-07 18:15:17', '2025-04-07 18:15:17', NULL),
(525, 277, '2025-04-07 18:15:57', 'Face Scan', NULL, NULL, 0, 4, NULL, 'B', '476499f41f791229b5927c50fb7e490c', '2025-04-07 18:15:57', '2025-04-07 18:15:57', NULL),
(526, 277, '2025-04-07 18:29:21', 'Photo', NULL, NULL, 0, 4, 'https://cadooga-react-native-app.s3.us-east-2.amazonaws.com/1744050561518_IMG_0311.JPG', 'B', '2573f52ed872b30b19c5972cf4486cb4', '2025-04-07 18:29:21', '2025-04-07 18:29:21', NULL),
(527, 277, '2025-04-07 18:29:58', 'Photo', NULL, NULL, 0, 1, 'https://cadooga-react-native-app.s3.us-east-2.amazonaws.com/1744050598364_IMG_0311.JPG', 'Test', '79fe8b2759a9364be76ce8eb30574676', '2025-04-07 18:29:58', '2025-04-07 18:29:58', NULL),
(528, 243, '2025-04-08 09:45:21', 'Photo', NULL, NULL, 0, 1, 'https://cadooga-react-native-app.s3.us-east-2.amazonaws.com/1744105521313_IMG_5084.JPG', 'Test', '160885146640a7c7df56c6016ddca332', '2025-04-08 09:45:21', '2025-04-08 09:45:21', NULL),
(529, 243, '2025-04-08 09:45:35', 'Photo', NULL, NULL, 0, 1, 'https://cadooga-react-native-app.s3.us-east-2.amazonaws.com/1744105535242_IMG_5084.JPG', 'Test', 'a7024ff21848e0c8f1a46e86ab0dc310', '2025-04-08 09:45:35', '2025-04-08 09:45:35', NULL),
(530, 243, '2025-04-08 09:46:13', 'Photo', NULL, NULL, 0, 1, 'https://cadooga-react-native-app.s3.us-east-2.amazonaws.com/1744105573673_IMG_4541.HEIC', 'Test', '30404c2fc92280c56303781cda597b53', '2025-04-08 09:46:13', '2025-04-08 09:46:13', NULL),
(531, 243, '2025-04-08 09:52:41', 'Photo', NULL, NULL, 0, 1, 'https://cadooga-react-native-app.s3.us-east-2.amazonaws.com/1744105960916_IMG_4824.HEIC', 'Test', '3b1fe7ca278a8f3dbb9d1eeac0a2e2b5', '2025-04-08 09:52:41', '2025-04-08 09:52:41', NULL),
(532, 280, '2025-04-15 14:19:43', 'Name', NULL, NULL, 0, 2, NULL, 'Aaron Demski', NULL, '2025-04-15 14:19:43', '2025-04-15 14:19:43', NULL),
(533, 280, '2025-04-15 14:20:03', 'Name', NULL, NULL, 0, 0, NULL, 'Aaron Wolfe', NULL, '2025-04-15 14:20:03', '2025-04-15 14:20:03', NULL),
(534, 280, '2025-04-15 14:20:21', 'Name', NULL, NULL, 0, 0, NULL, 'Seth DeVries', NULL, '2025-04-15 14:20:21', '2025-04-15 14:20:21', NULL),
(535, 280, '2025-04-15 14:21:18', 'Name', NULL, NULL, 0, 3, NULL, 'Aaron', NULL, '2025-04-15 14:21:18', '2025-04-15 14:21:18', NULL),
(536, 280, '2025-04-15 14:21:31', 'Name', NULL, NULL, 0, 0, NULL, 'Aaron Demski ', NULL, '2025-04-15 14:21:31', '2025-04-15 14:21:31', NULL),
(537, 280, '2025-04-15 14:21:37', 'Name', NULL, NULL, 0, 0, NULL, 'Aaron Demski ', NULL, '2025-04-15 14:21:37', '2025-04-15 14:21:37', NULL),
(538, 280, '2025-04-15 14:21:43', 'Name', NULL, NULL, 0, 2, NULL, 'Aaron Demski', NULL, '2025-04-15 14:21:43', '2025-04-15 14:21:43', NULL),
(539, 280, '2025-04-15 14:22:58', 'Name', NULL, NULL, 0, 0, NULL, 'Tim', NULL, '2025-04-15 14:22:58', '2025-04-15 14:22:58', NULL),
(540, 280, '2025-04-15 14:23:07', 'Name', NULL, NULL, 0, 0, NULL, 'Tim Chase', NULL, '2025-04-15 14:23:07', '2025-04-15 14:23:07', NULL),
(541, 280, '2025-04-15 14:23:18', 'Name', NULL, NULL, 0, 0, NULL, 'Tim Williams', NULL, '2025-04-15 14:23:18', '2025-04-15 14:23:18', NULL),
(542, 280, '2025-04-15 14:23:52', 'Name', NULL, NULL, 0, 3, NULL, 'Aaron', NULL, '2025-04-15 14:23:52', '2025-04-15 14:23:52', NULL),
(543, 280, '2025-04-15 14:24:03', 'Name', NULL, NULL, 0, 0, NULL, 'Aaron Wolfe', NULL, '2025-04-15 14:24:03', '2025-04-15 14:24:03', NULL),
(544, 280, '2025-04-15 14:24:14', 'Name', NULL, NULL, 0, 2, NULL, 'Aaron Demski', NULL, '2025-04-15 14:24:14', '2025-04-15 14:24:14', NULL),
(545, 280, '2025-04-15 14:24:38', 'Name', NULL, NULL, 0, 8, NULL, 'Seth', NULL, '2025-04-15 14:24:38', '2025-04-15 14:24:38', NULL),
(546, 280, '2025-04-15 14:24:55', 'Name', NULL, NULL, 0, 0, NULL, 'Seth goldstein', NULL, '2025-04-15 14:24:55', '2025-04-15 14:24:55', NULL),
(547, 280, '2025-04-15 14:25:07', 'Name', NULL, NULL, 0, 1, NULL, 'Seth dev', NULL, '2025-04-15 14:25:07', '2025-04-15 14:25:07', NULL),
(548, 280, '2025-04-15 14:25:17', 'Name', NULL, NULL, 0, 2, NULL, 'Dev', NULL, '2025-04-15 14:25:17', '2025-04-15 14:25:17', NULL),
(549, 280, '2025-04-15 14:25:27', 'Name', NULL, NULL, 0, 0, NULL, 'Sethi', NULL, '2025-04-15 14:25:27', '2025-04-15 14:25:27', NULL),
(550, 280, '2025-04-15 14:26:16', 'Name', NULL, NULL, 0, 3, NULL, 'Aaron', NULL, '2025-04-15 14:26:16', '2025-04-15 14:26:16', NULL),
(551, 280, '2025-04-15 14:26:31', 'Name', NULL, NULL, 0, 2, NULL, 'Aaron Demski', NULL, '2025-04-15 14:26:31', '2025-04-15 14:26:31', NULL),
(552, 280, '2025-04-15 14:26:42', 'Name', NULL, NULL, 0, 8, NULL, 'Seth', NULL, '2025-04-15 14:26:42', '2025-04-15 14:26:42', NULL),
(553, 280, '2025-04-15 14:26:59', 'Name', NULL, NULL, 0, 1, NULL, 'Seth Dev', NULL, '2025-04-15 14:26:59', '2025-04-15 14:26:59', NULL),
(554, 280, '2025-04-15 14:27:31', 'Name', NULL, NULL, 0, 0, NULL, 'Seth DeVries', NULL, '2025-04-15 14:27:31', '2025-04-15 14:27:31', NULL),
(555, 280, '2025-04-15 20:00:31', 'Name', NULL, NULL, 0, 0, NULL, 'Seth DeVries', NULL, '2025-04-15 20:00:31', '2025-04-15 20:00:31', NULL),
(556, 1, '2025-04-16 13:24:18', 'Photo', NULL, NULL, 0, 12, 'https://cadooga-react-native-app.s3.us-east-2.amazonaws.com/1744809857909_Download%20from%20pngedits.com%20-%201687.png', 'Test', NULL, '2025-04-16 13:24:18', '2025-04-16 13:24:18', NULL),
(557, 1, '2025-04-16 13:31:36', 'Photo', NULL, NULL, 0, 0, 'https://cadooga-react-native-app.s3.us-east-2.amazonaws.com/1744810296520_Download%20from%20pngedits.com%20-%201687.png', NULL, NULL, '2025-04-16 13:31:36', '2025-04-16 13:31:36', NULL),
(558, 1, '2025-04-16 13:31:53', 'Photo', NULL, NULL, 0, 12, 'https://cadooga-react-native-app.s3.us-east-2.amazonaws.com/1744810313666_Download%20from%20pngedits.com%20-%201687.png', 'Test', NULL, '2025-04-16 13:31:53', '2025-04-16 13:31:53', NULL),
(559, 1, '2025-04-16 13:32:19', 'Photo', NULL, NULL, 0, 0, 'https://cadooga-react-native-app.s3.us-east-2.amazonaws.com/1744810339123_Download%20from%20pngedits.com%20-%201687.png', NULL, NULL, '2025-04-16 13:32:19', '2025-04-16 13:32:19', NULL),
(560, 1, '2025-04-16 13:35:26', 'Photo', NULL, NULL, 0, 0, 'https://cadooga-react-native-app.s3.us-east-2.amazonaws.com/1744810526865_Download%20from%20pngedits.com%20-%201687.png', NULL, NULL, '2025-04-16 13:35:26', '2025-04-16 13:35:26', NULL),
(561, 268, '2025-04-16 13:42:26', 'Name', '40.5795317', '-74.1502007', 0, 3, NULL, 'Regina Debellis', NULL, '2025-04-16 13:42:26', '2025-04-16 13:42:26', NULL),
(562, 1, '2025-04-17 04:23:54', 'Photo', NULL, NULL, 0, 0, 'https://cadooga-react-native-app.s3.us-east-2.amazonaws.com/1744863834694_Download%20from%20pngedits.com%20-%201687.png', NULL, NULL, '2025-04-17 04:23:54', '2025-04-17 04:23:54', NULL),
(563, 274, '2025-04-17 08:03:35', 'Photo', NULL, NULL, 0, 0, 'https://cadooga-react-native-app.s3.us-east-2.amazonaws.com/1744877015433_IMG_2614.JPG', '', 'faa598ce1e2fb466f3fc5c356982f59f', '2025-04-17 08:03:35', '2025-04-17 08:03:35', NULL),
(564, 274, '2025-04-17 08:13:11', 'Photo', NULL, NULL, 0, 0, 'https://cadooga-react-native-app.s3.us-east-2.amazonaws.com/1744877591015_IMG_2634.JPG', '', '5d7660f88ebc659f01067b49d63e8ac1', '2025-04-17 08:13:11', '2025-04-17 08:13:11', NULL),
(565, 274, '2025-04-17 09:23:22', 'Face Scan', NULL, NULL, 0, 3, NULL, '', '97c6c32f91850e81629d42002e26d689', '2025-04-17 09:23:22', '2025-04-17 09:23:22', NULL),
(566, 274, '2025-04-17 09:25:11', 'Photo', NULL, NULL, 0, 3, 'https://cadooga-react-native-app.s3.us-east-2.amazonaws.com/1744881911001_IMG_2634.JPG', '', '6d5c1acd58b0895fbc86e9d1e3c63956', '2025-04-17 09:25:11', '2025-04-17 09:25:11', NULL),
(567, 290, '2025-04-18 16:38:04', 'Name', NULL, NULL, 0, 0, NULL, 'Talha jahangir', NULL, '2025-04-18 16:38:04', '2025-04-18 16:38:04', NULL),
(568, 290, '2025-04-18 16:39:09', 'Name', NULL, NULL, 0, 0, NULL, 'Gina Debellis', NULL, '2025-04-18 16:39:09', '2025-04-18 16:39:09', NULL),
(569, 290, '2025-04-18 16:39:46', 'Photo', NULL, NULL, 0, 4, 'https://cadooga-react-native-app.s3.us-east-2.amazonaws.com/1744994385915_IMG_1019.JPG', 'Gina Debellis', '39f04419a0537b89682bf27850750861', '2025-04-18 16:39:46', '2025-04-18 16:39:46', NULL),
(570, 290, '2025-04-18 16:41:19', 'Face Scan', NULL, NULL, 0, 3, NULL, 'Gina Debellis', '4bb886da841f9f1e9aa2a71dc2603828', '2025-04-18 16:41:19', '2025-04-18 16:41:19', NULL),
(571, 290, '2025-04-18 20:05:07', 'Photo', NULL, NULL, 0, 3, 'https://cadooga-react-native-app.s3.us-east-2.amazonaws.com/1744994385915_IMG_1019.JPG', 'Gina Debellis', '39f04419a0537b89682bf27850750861', '2025-04-18 20:05:07', '2025-04-18 20:05:07', NULL),
(572, 290, '2025-04-18 20:05:29', 'Photo', NULL, NULL, 0, 3, 'https://cadooga-react-native-app.s3.us-east-2.amazonaws.com/1744994385915_IMG_1019.JPG', 'Gina Debellis', '39f04419a0537b89682bf27850750861', '2025-04-18 20:05:29', '2025-04-18 20:05:29', NULL),
(573, 290, '2025-04-18 20:13:01', 'Photo', NULL, NULL, 0, 3, 'https://cadooga-react-native-app.s3.us-east-2.amazonaws.com/1744994385915_IMG_1019.JPG', 'Gina Debellis', '39f04419a0537b89682bf27850750861', '2025-04-18 20:13:01', '2025-04-18 20:13:01', NULL),
(574, 290, '2025-04-18 20:15:17', 'Name', NULL, NULL, 0, 0, NULL, 'Qader jahangir', NULL, '2025-04-18 20:15:17', '2025-04-18 20:15:17', NULL),
(575, 290, '2025-04-18 20:16:37', 'Name', NULL, NULL, 0, 0, NULL, 'Qader jahangir', NULL, '2025-04-18 20:16:37', '2025-04-18 20:16:37', NULL),
(576, 290, '2025-04-18 23:14:18', 'Name', NULL, NULL, 0, 0, NULL, 'Tanzil baraskar', NULL, '2025-04-18 23:14:18', '2025-04-18 23:14:18', NULL),
(577, 290, '2025-04-18 23:15:04', 'Photo', NULL, NULL, 0, 0, 'https://cadooga-react-native-app.s3.us-east-2.amazonaws.com/1745018104641_IMG_0783.JPG', 'Qader', '477b860a998600fa2cd91e0cf9f5ff2e', '2025-04-18 23:15:04', '2025-04-18 23:15:04', NULL),
(578, 290, '2025-04-18 23:15:18', 'Name', NULL, NULL, 0, 0, NULL, 'Tanzil baraskar', NULL, '2025-04-18 23:15:18', '2025-04-18 23:15:18', NULL),
(579, 290, '2025-04-18 23:15:35', 'Face Scan', NULL, NULL, 0, 2, NULL, 'Tanzil baraskar', '88e83b364ecef7182db0dad136fffd55', '2025-04-18 23:15:35', '2025-04-18 23:15:35', NULL),
(580, 290, '2025-04-18 23:15:59', 'Photo', NULL, NULL, 0, 3, 'https://cadooga-react-native-app.s3.us-east-2.amazonaws.com/1745018159540_IMG_0817.JPEG', 'Tanzil baraskar', 'a040f5365612d58662e56950630b71a9', '2025-04-18 23:15:59', '2025-04-18 23:15:59', NULL),
(581, 290, '2025-04-19 04:55:50', 'Name', NULL, NULL, 0, 0, NULL, 'Tanzil baraskar', NULL, '2025-04-19 04:55:50', '2025-04-19 04:55:50', NULL),
(582, 290, '2025-04-19 04:56:30', 'Face Scan', NULL, NULL, 0, 3, NULL, 'Tanzil baraskar', '4c0f79034a894f212c357fab1ee83e6e', '2025-04-19 04:56:30', '2025-04-19 04:56:30', NULL),
(583, 290, '2025-04-19 04:57:25', 'Face Scan', NULL, NULL, 0, 3, NULL, 'Tanzil baraskar', 'ee3b0ddce5a213198c8a24e466797bf8', '2025-04-19 04:57:25', '2025-04-19 04:57:25', NULL),
(584, 290, '2025-04-19 05:23:00', 'Face Scan', NULL, NULL, 0, 2, NULL, 'Tanzil baraskar', '4915b08151055cab831dfa9a08db5ae8', '2025-04-19 05:23:00', '2025-04-19 05:23:00', NULL),
(585, 290, '2025-04-21 20:38:40', 'Name', NULL, NULL, 0, 3, NULL, 'Aaron', NULL, '2025-04-21 20:38:40', '2025-04-21 20:38:40', NULL),
(586, 290, '2025-04-21 20:39:30', 'Name', NULL, NULL, 0, 0, NULL, 'Richard lee', NULL, '2025-04-21 20:39:30', '2025-04-21 20:39:30', NULL),
(587, 290, '2025-04-21 20:39:40', 'Name', NULL, NULL, 0, 0, NULL, 'Qader jahangir ', NULL, '2025-04-21 20:39:40', '2025-04-21 20:39:40', NULL),
(588, 290, '2025-04-21 20:57:29', 'Name', NULL, NULL, 0, 0, NULL, 'Richard lee', NULL, '2025-04-21 20:57:29', '2025-04-21 20:57:29', NULL),
(589, 290, '2025-04-21 20:57:45', 'Name', NULL, NULL, 0, 3, NULL, 'Aaron', NULL, '2025-04-21 20:57:45', '2025-04-21 20:57:45', NULL),
(590, 291, '2025-04-22 19:11:03', 'Face Scan', NULL, NULL, 0, 2, NULL, 'Dev', '726061d69af902e06a9d6583fc5da69f', '2025-04-22 19:11:03', '2025-04-22 19:11:03', NULL),
(591, 291, '2025-04-22 19:11:57', 'Photo', NULL, NULL, 0, 2, 'https://cadooga-react-native-app.s3.us-east-2.amazonaws.com/1745349117562_IMG_0462.JPG', 'Dev', '22553fe56c81a9585351d09decec95ba', '2025-04-22 19:11:57', '2025-04-22 19:11:57', NULL),
(592, 291, '2025-04-22 19:12:37', 'Photo', NULL, NULL, 0, 2, 'https://cadooga-react-native-app.s3.us-east-2.amazonaws.com/1745349157694_903e641e-8a90-45bb-965c-881221b55d6e.jpg', 'Dev', '8d56f11a2a872392489e10f8e5c583ef', '2025-04-22 19:12:37', '2025-04-22 19:12:37', NULL),
(593, 291, '2025-04-22 19:13:17', 'Face Scan', NULL, NULL, 0, 2, NULL, 'Dev', 'b6ef7d90c3cab736d499b994d16750a5', '2025-04-22 19:13:17', '2025-04-22 19:13:17', NULL),
(594, 291, '2025-04-22 19:16:29', 'Photo', NULL, NULL, 0, 2, 'https://cadooga-react-native-app.s3.us-east-2.amazonaws.com/1745349157694_903e641e-8a90-45bb-965c-881221b55d6e.jpg', 'Dev', '8d56f11a2a872392489e10f8e5c583ef', '2025-04-22 19:16:29', '2025-04-22 19:16:29', NULL),
(595, 291, '2025-04-22 19:27:15', 'Name', NULL, NULL, 0, 2, NULL, 'Dev', NULL, '2025-04-22 19:27:15', '2025-04-22 19:27:15', NULL),
(596, 291, '2025-04-22 19:27:56', 'Name', NULL, NULL, 0, 2, NULL, 'Dev', NULL, '2025-04-22 19:27:56', '2025-04-22 19:27:56', NULL),
(597, 291, '2025-04-22 20:27:27', 'Face Scan', NULL, NULL, 0, 8, NULL, 'Seth', 'dabb9414a695724ae6b5fb1d795cb09c', '2025-04-22 20:27:27', '2025-04-22 20:27:27', NULL),
(598, 291, '2025-04-22 20:27:55', 'Face Scan', NULL, NULL, 0, 2, NULL, 'Thirty', 'a4db340e748f6bebe70a8b6da4761df2', '2025-04-22 20:27:55', '2025-04-22 20:27:55', NULL),
(599, 291, '2025-04-22 21:03:04', 'Name', NULL, NULL, 0, 7, NULL, 'Sethtest', NULL, '2025-04-22 21:03:04', '2025-04-22 21:03:04', NULL),
(600, 291, '2025-04-22 21:03:39', 'Face Scan', NULL, NULL, 0, 2, NULL, 'Dev', '96b633b591b63e753021ce5491627f4e', '2025-04-22 21:03:39', '2025-04-22 21:03:39', NULL),
(601, 291, '2025-04-22 21:04:06', 'Face Scan', NULL, NULL, 0, 0, NULL, '', 'fa0a7e646029e18dcac8b27588555321', '2025-04-22 21:04:06', '2025-04-22 21:04:06', NULL),
(602, 291, '2025-04-22 21:04:35', 'Face Scan', NULL, NULL, 0, 0, NULL, '', '92ddd5c2e624cad4c0aba5782041a307', '2025-04-22 21:04:35', '2025-04-22 21:04:35', NULL),
(603, 4, '2025-04-23 09:55:52', 'Photo', NULL, NULL, 0, 3, 'https://cadooga-react-native-app.s3.us-east-2.amazonaws.com/1745402152115_1729775118843_mens1%20%281%29.jpg', NULL, NULL, '2025-04-23 09:55:52', '2025-04-23 09:55:52', NULL),
(604, 4, '2025-04-23 09:56:11', 'Photo', NULL, NULL, 0, 5, 'https://cadooga-react-native-app.s3.us-east-2.amazonaws.com/1745402171659_1729775118843_mens1%20%281%29.jpg', 'b', NULL, '2025-04-23 09:56:11', '2025-04-23 09:56:11', NULL),
(605, 293, '2025-04-25 12:33:55', 'Photo', NULL, NULL, 0, 4, 'https://cadooga-react-native-app.s3.us-east-2.amazonaws.com/1745584435740_IMG_1528.JPG', 'Time chase', '278ece691ff60801ee2c3c69bb864a6e', '2025-04-25 12:33:55', '2025-04-25 12:33:55', NULL),
(606, 296, '2025-04-25 20:20:36', 'Name', NULL, NULL, 0, 7, NULL, 'Sethtest', NULL, '2025-04-25 20:20:36', '2025-04-25 20:20:36', NULL),
(607, 251, '2025-04-25 20:40:57', 'Name', NULL, NULL, 0, 0, NULL, 'Sethtest133', NULL, '2025-04-25 20:40:57', '2025-04-25 20:40:57', NULL),
(608, 251, '2025-04-25 20:41:19', 'Photo', NULL, NULL, 0, 0, 'https://cadooga-react-native-app.s3.us-east-2.amazonaws.com/1745613679173_IMG_0467.JPG', 'Sethtest133', 'b80c181bbd517e048d8e0605083ce7c2', '2025-04-25 20:41:19', '2025-04-25 20:41:19', NULL),
(609, 296, '2025-04-25 20:41:32', 'Name', NULL, NULL, 0, 7, NULL, 'Sethtest', NULL, '2025-04-25 20:41:32', '2025-04-25 20:41:32', NULL),
(610, 251, '2025-04-25 20:42:37', 'Name', NULL, NULL, 0, 13, NULL, 'Test', NULL, '2025-04-25 20:42:37', '2025-04-25 20:42:37', NULL),
(611, 251, '2025-04-25 20:43:04', 'Name', NULL, NULL, 0, 13, NULL, 'Test', NULL, '2025-04-25 20:43:04', '2025-04-25 20:43:04', NULL),
(612, 293, '2025-04-28 10:31:54', 'Photo', NULL, NULL, 0, 4, 'https://cadooga-react-native-app.s3.us-east-2.amazonaws.com/1745836314270_IMG_1528.JPG', 'Time chase', '39aef830895c067eafd7c5cddbb394fd', '2025-04-28 10:31:54', '2025-04-28 10:31:54', NULL),
(613, 293, '2025-04-28 10:35:27', 'Face Scan', NULL, NULL, 0, 2, NULL, '', '4f4901175ad589efeb247e3fe5508093', '2025-04-28 10:35:27', '2025-04-28 10:35:27', NULL),
(614, 290, '2025-04-29 03:33:12', 'Name', NULL, NULL, 0, 0, NULL, 'Qader Jahangir', NULL, '2025-04-29 03:33:12', '2025-04-29 03:33:12', NULL),
(615, 290, '2025-04-29 03:34:23', 'Face Scan', NULL, NULL, 0, 2, NULL, 'Qader jahangir ', 'e15f0d9d01ee6d19c5fa9a4de07a3257', '2025-04-29 03:34:23', '2025-04-29 03:34:23', NULL),
(616, 290, '2025-04-29 03:37:29', 'Name', NULL, NULL, 0, 3, NULL, 'aaron', NULL, '2025-04-29 03:37:29', '2025-04-29 03:37:29', NULL),
(617, 290, '2025-04-29 03:39:03', 'Name', NULL, NULL, 0, 3, NULL, 'Aaron', NULL, '2025-04-29 03:39:03', '2025-04-29 03:39:03', NULL),
(618, 290, '2025-04-29 04:11:43', 'Name', NULL, NULL, 0, 3, NULL, 'Aaron', NULL, '2025-04-29 04:11:43', '2025-04-29 04:11:43', NULL),
(619, 290, '2025-04-29 04:19:07', 'Photo', NULL, NULL, 0, 0, 'https://cadooga-react-native-app.s3.us-east-2.amazonaws.com/1745900347012_IMG_1194.JPG', 'Qader', 'ef14383b359a3870d6379c0ed6d5b562', '2025-04-29 04:19:07', '2025-04-29 04:19:07', NULL),
(620, 243, '2025-05-01 05:51:23', 'Face Scan', NULL, NULL, 0, 3, NULL, '', '042f03f16b9a7415d46d356c82b439e8', '2025-05-01 05:51:23', '2025-05-01 05:51:23', NULL),
(621, 243, '2025-05-01 05:52:44', 'Face Scan', NULL, NULL, 0, 5, NULL, '', '6a6adfb85c6276a4ee2b4c4fde52e5cf', '2025-05-01 05:52:44', '2025-05-01 05:52:44', NULL);
INSERT INTO `search_histories` (`id`, `user_id`, `date`, `type`, `lat`, `long`, `is_soft_delete`, `results`, `url`, `name`, `face_token`, `created_at`, `updated_at`, `deleted_at`) VALUES
(622, 243, '2025-05-01 05:57:30', 'Face Scan', NULL, NULL, 0, 1, NULL, '', '31bb044161aae080c395caf258ac1348', '2025-05-01 05:57:30', '2025-05-01 05:57:30', NULL),
(623, 243, '2025-05-01 05:58:01', 'Face Scan', NULL, NULL, 0, 3, NULL, '', 'f66ebc70c9859d60df5c460a65b49850', '2025-05-01 05:58:01', '2025-05-01 05:58:01', NULL),
(624, 243, '2025-05-01 05:59:02', 'Face Scan', NULL, NULL, 0, 0, NULL, '', 'ced9962d7599c3e5c233c799e124168b', '2025-05-01 05:59:02', '2025-05-01 05:59:02', NULL),
(625, 243, '2025-05-01 05:59:37', 'Face Scan', NULL, NULL, 0, 3, NULL, '', '3e25358aea87f4683be0395bc65d5994', '2025-05-01 05:59:37', '2025-05-01 05:59:37', NULL),
(626, 243, '2025-05-01 06:02:29', 'Face Scan', NULL, NULL, 0, 3, NULL, '', 'e61da90141bb73ae8671c46673287f62', '2025-05-01 06:02:29', '2025-05-01 06:02:29', NULL),
(627, 243, '2025-05-01 06:21:03', 'Face Scan', NULL, NULL, 0, 3, NULL, '', 'c9921fc5b308b9181b3834b77f36024f', '2025-05-01 06:21:03', '2025-05-01 06:21:03', NULL),
(628, 243, '2025-05-01 06:32:09', 'Face Scan', NULL, NULL, 0, 3, NULL, '', 'ee06db2b7033e1bfdd669e374efd2781', '2025-05-01 06:32:09', '2025-05-01 06:32:09', NULL),
(629, 243, '2025-05-01 06:38:29', 'Face Scan', NULL, NULL, 0, 3, NULL, '', '8b42c13b24baffaf834c0116bd30bdde', '2025-05-01 06:38:29', '2025-05-01 06:38:29', NULL),
(630, 243, '2025-05-01 06:40:51', 'Face Scan', NULL, NULL, 0, 3, NULL, '', 'f9147076f0845cf39d4d1d953dc9c291', '2025-05-01 06:40:51', '2025-05-01 06:40:51', NULL),
(631, 243, '2025-05-01 06:42:21', 'Face Scan', NULL, NULL, 0, 3, NULL, '', '3eaf2feb7743e12bb4262850c4442c4e', '2025-05-01 06:42:21', '2025-05-01 06:42:21', NULL),
(632, 243, '2025-05-01 06:44:23', 'Face Scan', NULL, NULL, 0, 3, NULL, '', 'edb437bfca3cf64cda07817b71a75252', '2025-05-01 06:44:23', '2025-05-01 06:44:23', NULL),
(633, 243, '2025-05-01 06:54:37', 'Face Scan', NULL, NULL, 0, 3, NULL, '', 'dff753a8f473263ec975f13510bd833c', '2025-05-01 06:54:37', '2025-05-01 06:54:37', NULL),
(634, 243, '2025-05-01 06:55:19', 'Face Scan', NULL, NULL, 0, 3, NULL, '', 'fab914c823dd20b36da33ff29e998c3c', '2025-05-01 06:55:19', '2025-05-01 06:55:19', NULL),
(635, 243, '2025-05-01 06:55:48', 'Face Scan', NULL, NULL, 0, 3, NULL, '', '2f4e726d75a5598000e7765eed484072', '2025-05-01 06:55:48', '2025-05-01 06:55:48', NULL),
(636, 243, '2025-05-01 06:56:05', 'Face Scan', NULL, NULL, 0, 3, NULL, '', '27cca119b33bddeba854f00c39ac303f', '2025-05-01 06:56:05', '2025-05-01 06:56:05', NULL),
(637, 243, '2025-05-01 06:56:55', 'Face Scan', NULL, NULL, 0, 3, NULL, '', 'b13c5f2ae9f7670c7a08dd2ad3ca92d4', '2025-05-01 06:56:55', '2025-05-01 06:56:55', NULL),
(638, 243, '2025-05-01 06:57:15', 'Face Scan', NULL, NULL, 0, 3, NULL, '', 'f0ce5fbb2c3b841df7733636b1e24d6b', '2025-05-01 06:57:15', '2025-05-01 06:57:15', NULL),
(639, 243, '2025-05-01 06:58:15', 'Name', NULL, NULL, 0, 7, NULL, 'Sethtest', NULL, '2025-05-01 06:58:15', '2025-05-01 06:58:15', NULL),
(640, 243, '2025-05-01 06:59:23', 'Face Scan', NULL, NULL, 0, 7, NULL, 'Sethtest', '9880262ab0ca75164dfac1d0925481a1', '2025-05-01 06:59:23', '2025-05-01 06:59:23', NULL),
(641, 243, '2025-05-01 07:00:30', 'Face Scan', NULL, NULL, 0, 3, NULL, 'Dev', '949d61c52129ddf76aca81f1bbd83f16', '2025-05-01 07:00:30', '2025-05-01 07:00:30', NULL),
(642, 243, '2025-05-01 07:05:31', 'Face Scan', NULL, NULL, 0, 3, NULL, '', '9d80a5f61ba479b3fa89bac1357284b7', '2025-05-01 07:05:31', '2025-05-01 07:05:31', NULL),
(643, 243, '2025-05-01 10:03:56', 'Name', NULL, NULL, 0, 1, NULL, 'Hovind', NULL, '2025-05-01 10:03:56', '2025-05-01 10:03:56', NULL),
(644, 243, '2025-05-01 10:04:50', 'Name', NULL, NULL, 0, 1, NULL, 'Hovind', NULL, '2025-05-01 10:04:50', '2025-05-01 10:04:50', NULL),
(645, 298, '2025-05-01 10:09:36', 'Name', NULL, NULL, 0, 1, NULL, 'Hovind', NULL, '2025-05-01 10:09:36', '2025-05-01 10:09:36', NULL),
(646, 298, '2025-05-01 10:09:43', 'Name', NULL, NULL, 0, 1, NULL, 'Hovind', NULL, '2025-05-01 10:09:43', '2025-05-01 10:09:43', NULL),
(647, 244, '2025-05-01 10:53:24', 'Name', NULL, NULL, 0, 0, NULL, 'Simer', NULL, '2025-05-01 10:53:24', '2025-05-01 10:53:24', NULL),
(648, 298, '2025-05-01 10:56:10', 'Name', NULL, NULL, 0, 1, NULL, 'Hovind', NULL, '2025-05-01 10:56:10', '2025-05-01 10:56:10', NULL),
(649, 298, '2025-05-01 11:31:32', 'Name', NULL, NULL, 0, 1, NULL, 'Hovind', NULL, '2025-05-01 11:31:32', '2025-05-01 11:31:32', NULL),
(650, 298, '2025-05-01 11:35:27', 'Name', NULL, NULL, 0, 1, NULL, 'Hovind', NULL, '2025-05-01 11:35:27', '2025-05-01 11:35:27', NULL),
(651, 298, '2025-05-01 11:42:00', 'Name', NULL, NULL, 0, 1, NULL, 'Hovind', NULL, '2025-05-01 11:42:00', '2025-05-01 11:42:00', NULL),
(652, 298, '2025-05-01 12:04:53', 'Name', NULL, NULL, 0, 1, NULL, 'Hovind', NULL, '2025-05-01 12:04:53', '2025-05-01 12:04:53', NULL),
(653, 298, '2025-05-01 12:09:20', 'Name', NULL, NULL, 0, 1, NULL, 'Hovind', NULL, '2025-05-01 12:09:20', '2025-05-01 12:09:20', NULL),
(654, 300, '2025-05-01 14:30:53', 'Name', NULL, NULL, 0, 0, NULL, 'Shey', NULL, '2025-05-01 14:30:53', '2025-05-01 14:30:53', NULL),
(655, 300, '2025-05-01 14:31:08', 'Name', NULL, NULL, 0, 0, NULL, 'Shey', NULL, '2025-05-01 14:31:08', '2025-05-01 14:31:08', NULL),
(656, 299, '2025-05-01 14:31:20', 'Name', NULL, NULL, 0, 0, NULL, 'Shey', NULL, '2025-05-01 14:31:20', '2025-05-01 14:31:20', NULL),
(657, 299, '2025-05-01 14:31:26', 'Name', NULL, NULL, 0, 0, NULL, 'Shey', NULL, '2025-05-01 14:31:26', '2025-05-01 14:31:26', NULL),
(658, 299, '2025-05-01 14:31:42', 'Face Scan', NULL, NULL, 0, 0, NULL, 'Shey', '80862cfeac8d238be08b56a9c29ac9ff', '2025-05-01 14:31:42', '2025-05-01 14:31:42', NULL),
(659, 299, '2025-05-01 14:32:07', 'Photo', NULL, NULL, 0, 0, 'https://cadooga-react-native-app.s3.us-east-2.amazonaws.com/1746109927861_fc9cd1dc-c2f2-407a-a310-c8bb14c7b44c.jpg', 'Shey', 'c18bf96a2891e12a8b511b5fb5ba6492', '2025-05-01 14:32:07', '2025-05-01 14:32:07', NULL),
(660, 300, '2025-05-01 14:32:24', 'Face Scan', NULL, NULL, 0, 0, NULL, 'Shey', 'a18d08d6b2c244a14220ccf8886d31db', '2025-05-01 14:32:24', '2025-05-01 14:32:24', NULL),
(661, 300, '2025-05-01 14:32:37', 'Photo', NULL, NULL, 0, 1, 'https://cadooga-react-native-app.s3.us-east-2.amazonaws.com/1746109957194_IMG_0540.JPG', 'Shey', '2c9a154a2a6205a9a8709d883be6e462', '2025-05-01 14:32:37', '2025-05-01 14:32:37', NULL),
(662, 299, '2025-05-01 14:33:19', 'Name', NULL, NULL, 0, 9, NULL, 'Seth', NULL, '2025-05-01 14:33:19', '2025-05-01 14:33:19', NULL),
(663, 299, '2025-05-01 14:33:39', 'Name', NULL, NULL, 0, 9, NULL, 'Seth', NULL, '2025-05-01 14:33:39', '2025-05-01 14:33:39', NULL),
(664, 299, '2025-05-01 14:38:07', 'Face Scan', NULL, NULL, 0, 9, NULL, 'Seth', '736d62ffd180d0f02671428b1d78c543', '2025-05-01 14:38:07', '2025-05-01 14:38:07', NULL),
(665, 299, '2025-05-01 14:38:46', 'Face Scan', NULL, NULL, 0, 0, NULL, '', 'cd937ae2bb96962dac104638819fdc56', '2025-05-01 14:38:46', '2025-05-01 14:38:46', NULL),
(666, 299, '2025-05-01 14:39:40', 'Face Scan', NULL, NULL, 0, 0, NULL, '', 'ce7f408b83f7c3257612ad09894420c1', '2025-05-01 14:39:40', '2025-05-01 14:39:40', NULL),
(667, 299, '2025-05-01 14:40:05', 'Face Scan', NULL, NULL, 0, 9, NULL, 'Seth', '247360bff2dda47fad422a4e3b1a581a', '2025-05-01 14:40:05', '2025-05-01 14:40:05', NULL),
(668, 300, '2025-05-01 14:40:34', 'Face Scan', NULL, NULL, 0, 1, NULL, '', 'a69d850aae567dd5c0554e2aaa4f6c46', '2025-05-01 14:40:34', '2025-05-01 14:40:34', NULL),
(669, 299, '2025-05-01 14:41:06', 'Face Scan', NULL, NULL, 0, 1, NULL, '', '05d816ceccc8681f8f264f839c02a5d2', '2025-05-01 14:41:06', '2025-05-01 14:41:06', NULL),
(670, 301, '2025-05-02 04:54:13', 'Name', NULL, NULL, 0, 1, NULL, 'Vinod', NULL, '2025-05-02 04:54:13', '2025-05-02 04:54:13', NULL),
(671, 281, '2025-05-02 04:57:28', 'Name', NULL, NULL, 0, 1, NULL, 'Deep', NULL, '2025-05-02 04:57:28', '2025-05-02 04:57:28', NULL),
(672, 267, '2025-05-02 05:14:35', 'Name', NULL, NULL, 0, 1, NULL, 'Raman', NULL, '2025-05-02 05:14:35', '2025-05-02 05:14:35', NULL),
(673, 267, '2025-05-02 07:15:38', 'Name', NULL, NULL, 0, 1, NULL, 'Garvit', NULL, '2025-05-02 07:15:38', '2025-05-02 07:15:38', NULL),
(674, 24, '2025-05-02 08:19:15', 'Name', NULL, NULL, 0, 1, NULL, 'Saurabh', NULL, '2025-05-02 08:19:15', '2025-05-02 08:19:15', NULL),
(675, 24, '2025-05-02 08:19:46', 'Name', NULL, NULL, 0, 1, NULL, 'Saurabh', NULL, '2025-05-02 08:19:46', '2025-05-02 08:19:46', NULL),
(676, 75, '2025-05-02 13:05:32', 'Name', NULL, NULL, 0, 1, NULL, 'Ssv', NULL, '2025-05-02 13:05:32', '2025-05-02 13:05:32', NULL);

-- --------------------------------------------------------

--
-- Table structure for table `SequelizeMeta`
--

CREATE TABLE `SequelizeMeta` (
  `name` varchar(255) COLLATE utf8mb3_unicode_ci NOT NULL
) ENGINE=InnoDB DEFAULT CHARSET=utf8mb3 COLLATE=utf8mb3_unicode_ci;

--
-- Dumping data for table `SequelizeMeta`
--

INSERT INTO `SequelizeMeta` (`name`) VALUES
('20210527092245-users.js'),
('20210528100238-user_phones.js'),
('20210601114530-user_profiles.js'),
('20210821121255-api_tokens.js'),
('20211020151415-request_logs.js'),
('20220913075629-settings.js'),
('20241009111705-2fa_authentications.js'),
('20241009115438-user_addresses.js'),
('20241009120306-user_socials.js'),
('20241009121615-user_pics.js'),
('20241009121908-profile_links.js'),
('20241009123130-search_histories.js'),
('20241009123423-notifications.js'),
('20241009123849-permissions.js'),
('20241009125055-subscriptions.js'),
('20241009125423-posts.js'),
('20241219093858-social_status.js'),
('20250423104358-zodiac_signs.js');

-- --------------------------------------------------------

--
-- Table structure for table `settings`
--

CREATE TABLE `settings` (
  `id` int NOT NULL,
  `privacy` longtext,
  `tearms_condition` longtext,
  `name` varchar(255) DEFAULT NULL,
  `description` longtext,
  `logo` varchar(255) DEFAULT NULL,
  `user_id` int DEFAULT NULL,
  `created_at` datetime NOT NULL DEFAULT '2024-10-23 08:16:52',
  `updated_at` datetime NOT NULL DEFAULT '2024-10-23 08:16:52',
  `deleted_at` datetime DEFAULT NULL
) ENGINE=InnoDB DEFAULT CHARSET=utf8mb4 COLLATE=utf8mb4_0900_ai_ci;

-- --------------------------------------------------------

--
-- Table structure for table `social_status`
--

CREATE TABLE `social_status` (
  `id` int NOT NULL,
  `user_id` int DEFAULT NULL,
  `snapchat_status` tinyint(1) NOT NULL DEFAULT '1',
  `tiktok_status` tinyint(1) NOT NULL DEFAULT '1',
  `instagram_status` tinyint(1) NOT NULL DEFAULT '1',
  `facebook_status` tinyint(1) NOT NULL DEFAULT '1',
  `x_handle` tinyint(1) NOT NULL DEFAULT '1',
  `theliveapp_status` tinyint(1) NOT NULL DEFAULT '1',
  `linkdin_status` tinyint(1) NOT NULL DEFAULT '1',
  `spotify_status` tinyint(1) NOT NULL DEFAULT '1',
  `pitnerest_status` tinyint(1) NOT NULL DEFAULT '1',
  `created_at` datetime NOT NULL,
  `updated_at` datetime NOT NULL,
  `deleted_at` datetime DEFAULT NULL
) ENGINE=InnoDB DEFAULT CHARSET=utf8mb4 COLLATE=utf8mb4_0900_ai_ci;

--
-- Dumping data for table `social_status`
--

INSERT INTO `social_status` (`id`, `user_id`, `snapchat_status`, `tiktok_status`, `instagram_status`, `facebook_status`, `x_handle`, `theliveapp_status`, `linkdin_status`, `spotify_status`, `pitnerest_status`, `created_at`, `updated_at`, `deleted_at`) VALUES
(224, 224, 1, 1, 1, 1, 1, 1, 0, 1, 1, '2025-01-02 10:46:50', '2025-01-02 10:54:41', NULL),
(244, 14, 1, 1, 1, 1, 1, 0, 0, 1, 0, '2025-01-02 11:31:43', '2025-01-02 11:31:43', NULL),
(245, 18, 1, 1, 1, 1, 1, 0, 0, 1, 0, '2025-01-02 11:33:31', '2025-01-02 11:33:31', NULL),
(247, 219, 0, 1, 0, 1, 0, 0, 0, 0, 0, '2025-01-04 00:51:05', '2025-01-06 20:59:26', NULL),
(249, 216, 1, 1, 1, 1, 1, 1, 1, 1, 1, '2025-01-07 06:44:59', '2025-01-07 12:54:12', NULL),
(250, 233, 1, 1, 1, 1, 1, 1, 1, 1, 1, '2025-01-13 18:35:02', '2025-04-04 21:49:40', NULL),
(251, 251, 1, 1, 1, 1, 1, 1, 1, 0, 0, '2025-01-13 19:12:35', '2025-01-13 19:32:10', NULL),
(252, 250, 1, 1, 1, 1, 1, 1, 1, 1, 0, '2025-01-13 19:31:23', '2025-01-13 19:31:23', NULL),
(253, 252, 1, 1, 1, 1, 1, 1, 1, 1, 1, '2025-01-13 19:41:31', '2025-01-13 19:41:31', NULL),
(254, 234, 1, 1, 1, 1, 1, 1, 1, 1, 1, '2025-01-29 18:37:17', '2025-04-18 20:04:15', NULL),
(257, 274, 1, 1, 1, 1, 1, 1, 1, 1, 1, '2025-04-17 10:40:20', '2025-04-17 10:40:25', NULL),
(258, 290, 1, 1, 1, 1, 1, 1, 1, 1, 1, '2025-04-18 20:04:13', '2025-04-19 05:28:11', NULL),
(259, 293, 1, 1, 1, 1, 1, 1, 1, 1, 1, '2025-04-28 10:37:42', '2025-04-28 10:37:44', NULL);

-- --------------------------------------------------------

--
-- Table structure for table `subscriptions`
--

CREATE TABLE `subscriptions` (
  `id` int NOT NULL,
  `user_id` int DEFAULT NULL,
  `receipt` longtext,
  `platform` longtext,
  `plan_id` varchar(255) DEFAULT NULL,
  `status` varchar(255) DEFAULT NULL,
  `start_date` datetime DEFAULT NULL,
  `end_date` datetime DEFAULT NULL,
  `created_at` datetime NOT NULL,
  `updated_at` datetime NOT NULL,
  `deleted_at` datetime DEFAULT NULL
) ENGINE=InnoDB DEFAULT CHARSET=utf8mb4 COLLATE=utf8mb4_0900_ai_ci;

--
-- Dumping data for table `subscriptions`
--

INSERT INTO `subscriptions` (`id`, `user_id`, `receipt`, `platform`, `plan_id`, `status`, `start_date`, `end_date`, `created_at`, `updated_at`, `deleted_at`) VALUES
(14, 210, '123', 'android', NULL, NULL, '2024-11-08 17:09:39', '2024-11-08 17:09:39', '2024-11-08 17:09:39', '2024-11-08 17:09:39', NULL),
(15, 210, '123', 'ios', NULL, NULL, '2024-11-08 18:50:31', '2024-11-08 18:50:31', '2024-11-08 18:50:31', '2024-11-08 18:50:31', NULL),
(16, 211, '123', 'android', NULL, NULL, '2024-11-11 05:24:02', '2024-11-11 05:24:02', '2024-11-11 05:24:02', '2024-11-11 05:24:02', NULL),
(17, 212, '123', 'android', NULL, NULL, '2024-11-11 06:03:19', '2024-11-11 06:03:19', '2024-11-11 06:03:19', '2024-11-11 06:03:19', NULL),
(18, 213, '123', 'android', NULL, NULL, '2024-11-11 06:19:31', '2024-11-11 06:19:31', '2024-11-11 06:19:31', '2024-11-11 06:19:31', NULL),
(19, 214, '123', 'android', NULL, NULL, '2024-11-11 06:32:13', '2024-11-11 06:32:13', '2024-11-11 06:32:13', '2024-11-11 06:32:13', NULL),
(20, 28, '123', 'android', NULL, NULL, '2024-11-11 07:02:43', '2024-11-11 07:02:43', '2024-11-11 07:02:43', '2024-11-11 07:02:43', NULL),
(21, 216, '123', 'android', NULL, NULL, '2024-11-11 10:52:00', '2024-11-11 10:52:00', '2024-11-11 10:52:00', '2024-11-11 10:52:00', NULL),
(23, 219, '123', 'ios', NULL, NULL, '2024-11-15 21:17:36', '2024-11-15 21:17:36', '2024-11-15 21:17:36', '2024-11-15 21:17:36', NULL),
(24, 220, '123', 'ios', NULL, NULL, '2024-11-19 14:21:22', '2024-11-19 14:21:22', '2024-11-19 14:21:22', '2024-11-19 14:21:22', NULL),
(27, 232, '123', 'ios', NULL, NULL, '2024-11-22 21:57:14', '2024-11-22 21:57:14', '2024-11-22 21:57:14', '2024-11-22 21:57:14', NULL),
(28, 233, '123', 'android', NULL, NULL, '2024-11-22 22:02:01', '2024-11-22 22:02:01', '2024-11-22 22:02:01', '2024-11-22 22:02:01', NULL),
(29, 234, '123', 'ios', NULL, NULL, '2024-11-25 20:31:31', '2024-11-25 20:31:31', '2024-11-25 20:31:31', '2024-11-25 20:31:31', NULL),
(30, 236, '123', 'ios', NULL, NULL, '2024-11-28 13:12:29', '2024-11-28 13:12:29', '2024-11-28 13:12:29', '2024-11-28 13:12:29', NULL),
(32, 238, '123', 'ios', NULL, NULL, '2024-12-06 11:11:15', '2024-12-06 11:11:15', '2024-12-06 11:11:15', '2024-12-06 11:11:15', NULL),
(38, 246, '123', 'ios', NULL, NULL, '2025-01-04 01:03:11', '2025-01-04 01:03:11', '2025-01-04 01:03:11', '2025-01-04 01:03:11', NULL),
(39, 247, '123', 'android', NULL, NULL, '2025-01-06 13:19:57', '2025-01-06 13:19:57', '2025-01-06 13:19:57', '2025-01-06 13:19:57', NULL);

-- --------------------------------------------------------

--
-- Table structure for table `users`
--

CREATE TABLE `users` (
  `id` int NOT NULL,
  `legal_first_name` varchar(255) DEFAULT NULL,
  `legal_last_name` varchar(255) DEFAULT NULL,
  `nickname` varchar(255) DEFAULT NULL,
  `username` varchar(255) DEFAULT NULL,
  `email` varchar(255) DEFAULT NULL,
  `role` int NOT NULL DEFAULT '2',
  `email_otp` varchar(255) DEFAULT NULL,
  `email_otp_expiration` datetime DEFAULT NULL,
  `password` varchar(255) DEFAULT NULL,
  `is_email_verified` tinyint(1) DEFAULT '0',
  `pasword_reset_token` varchar(255) DEFAULT NULL,
  `birth_day` int DEFAULT NULL,
  `birth_month` varchar(255) DEFAULT NULL,
  `birth_year` int DEFAULT NULL,
  `gender` varchar(255) DEFAULT NULL,
  `face_token` longtext,
  `relationship_status` varchar(255) DEFAULT NULL,
  `sexual_identity` varchar(255) DEFAULT NULL,
  `fav_food` varchar(255) DEFAULT NULL,
  `about_me` varchar(255) DEFAULT NULL,
  `fav_place` varchar(255) DEFAULT NULL,
  `astrology` varchar(255) DEFAULT NULL,
  `check_in_location` longtext CHARACTER SET utf8mb4 COLLATE utf8mb4_0900_ai_ci,
  `shared_to_everyone` tinyint(1) NOT NULL DEFAULT '0',
  `is_verified` tinyint(1) DEFAULT '0',
  `blocked_ids` json DEFAULT NULL,
  `reported_ids` json DEFAULT NULL,
  `is_subscription` tinyint(1) NOT NULL DEFAULT '0',
  `theliveapp_status` tinyint(1) NOT NULL DEFAULT '1',
  `zodiac_sign_id` int DEFAULT NULL,
  `created_at` datetime NOT NULL,
  `updated_at` datetime NOT NULL,
  `deleted_at` datetime DEFAULT NULL
) ENGINE=InnoDB DEFAULT CHARSET=utf8mb4 COLLATE=utf8mb4_0900_ai_ci;

--
-- Dumping data for table `users`
--

INSERT INTO `users` (`id`, `legal_first_name`, `legal_last_name`, `nickname`, `username`, `email`, `role`, `email_otp`, `email_otp_expiration`, `password`, `is_email_verified`, `pasword_reset_token`, `birth_day`, `birth_month`, `birth_year`, `gender`, `face_token`, `relationship_status`, `sexual_identity`, `fav_food`, `about_me`, `fav_place`, `astrology`, `check_in_location`, `shared_to_everyone`, `is_verified`, `blocked_ids`, `reported_ids`, `is_subscription`, `theliveapp_status`, `zodiac_sign_id`, `created_at`, `updated_at`, `deleted_at`) VALUES
(1, 'Shankar', 'nath', 'shiv', NULL, 'Test@yopmail.com', 2, '86907', '2024-10-23 08:28:08', '$2a$10$iUt8qpiOWW0P.SI1a/K9kO61pd9ndAwAh4TXi4mzpQ.LmhygsU2nG', 0, NULL, 25, '2', 1996, 'male', NULL, 'in a relationship', 'Straight', NULL, NULL, NULL, NULL, NULL, 0, 0, NULL, NULL, 0, 1, NULL, '2024-10-23 08:18:08', '2024-10-28 11:59:40', NULL),
(2, NULL, NULL, NULL, NULL, 'Test1@yopmail.com', 2, '47037', '2024-10-23 10:24:03', '$2a$10$ueSUgRuWUhrLYg91MMAA9eeL4rfFuW3/VIwbyhrU85iq2hs0A0mAG', 0, NULL, NULL, NULL, NULL, NULL, NULL, NULL, NULL, NULL, NULL, NULL, NULL, NULL, 0, 0, NULL, NULL, 0, 1, NULL, '2024-10-23 10:14:03', '2024-10-23 10:14:03', NULL),
(3, NULL, NULL, NULL, NULL, 'Test2@yopmail.com', 2, '82793', '2024-10-23 10:30:56', '$2a$10$NhRsnorMI2O9BTnsxL6zSeOEUDsh97okO7wthhZAU52FYp5fwlvle', 0, NULL, NULL, NULL, NULL, NULL, NULL, NULL, NULL, NULL, NULL, NULL, NULL, NULL, 0, 0, NULL, NULL, 0, 1, NULL, '2024-10-23 10:20:56', '2024-10-23 10:20:56', NULL),
(4, NULL, NULL, NULL, NULL, 'Test3@yopmail.com', 2, '29187', '2024-10-23 10:35:07', '$2a$10$aQHu4IiUZTJXMr0Y4F1EVOxlYYbGr54EQLhP8jla6AZ1tj6/lfMiS', 0, NULL, NULL, NULL, NULL, NULL, NULL, NULL, NULL, NULL, NULL, NULL, NULL, NULL, 0, 0, NULL, NULL, 0, 1, NULL, '2024-10-23 10:25:07', '2024-10-23 10:25:07', NULL),
(6, 'Shankar', 'nath', 'shiv', NULL, 'Test7@yopmail.com', 2, '94072', '2024-10-23 10:37:36', '$2a$10$Fx5k6ggHpXLsanxJgVlqIO4pAg8XNyRTJ3bk4m8HfIWQ3/T0HKbVi', 0, NULL, 25, '2', 1996, 'male', 'checkkk', 'in a relationship', 'Straight', '', '', 'jkhsdhdhaskj', NULL, '{\"address_name\":\"C200, Phase 8B, Industrial Area, Sector 74, Sahibzada Ajit Singh Nagar, Punjab 140308, India\",\"formatted_address\":\"C200, Phase 8B, Industrial Area, Sector 74, Sahibzada Ajit Singh Nagar, Punjab 140308, India\",\"latitude\":\"30.706175\",\"longitude\":\"76.68553899999999\",\"city\":\"Sahibzada Ajit Singh Nagar\",\"state\":\"Punjab\",\"country\":\"India\",\"zipcode\":\"140308\"}', 1, 0, NULL, '\"[6,18]\"', 0, 1, NULL, '2024-10-23 10:27:36', '2025-01-02 05:00:58', NULL),
(7, NULL, NULL, NULL, NULL, 'Test8@yopmail.com', 2, '71294', '2024-10-23 10:39:18', '$2a$10$D5jd7pccLrvqcWr5Kmi80OaLRukAc5lPKf2ZKK12rk/zDD1dHusUK', 0, NULL, NULL, NULL, NULL, NULL, NULL, NULL, NULL, NULL, NULL, NULL, NULL, NULL, 0, 0, NULL, NULL, 0, 1, NULL, '2024-10-23 10:29:18', '2024-10-23 10:29:18', NULL),
(8, NULL, NULL, NULL, NULL, 'Test9@yopmail.com', 2, '67458', '2024-10-23 10:41:27', '$2a$10$4BopMGBRn5cjBVLIPrsxMeP60F4/mtQLXmQ9QTecvNMiU09YheAjK', 0, NULL, NULL, NULL, NULL, NULL, NULL, NULL, NULL, NULL, NULL, NULL, NULL, NULL, 0, 0, NULL, NULL, 0, 1, NULL, '2024-10-23 10:31:27', '2024-10-23 10:31:27', NULL),
(9, NULL, NULL, NULL, NULL, 'Test10@yopmail.com', 2, '64160', '2024-10-23 10:48:17', '$2a$10$IdQ3PqkYQaj7yDCuEGJYw.gVw9nfLbAF1yi1ncDMjY1wczexVwxrC', 0, NULL, NULL, NULL, NULL, NULL, NULL, NULL, NULL, NULL, NULL, NULL, NULL, NULL, 0, 0, NULL, NULL, 0, 1, NULL, '2024-10-23 10:38:17', '2024-10-23 10:38:17', NULL),
(10, NULL, NULL, NULL, NULL, 'Test11@yopmail.com', 2, '85612', '2024-10-23 10:48:34', '$2a$10$E3AuBYsInu3YPdkFlkM70evA76R12QsUNigLr/ejDkb2brhacNOdK', 0, NULL, NULL, NULL, NULL, NULL, NULL, NULL, NULL, NULL, NULL, NULL, NULL, NULL, 0, 0, NULL, NULL, 0, 1, NULL, '2024-10-23 10:38:34', '2024-10-23 10:38:34', NULL),
(11, 'radhe', 'krishna', 'krishn', 'radhe krishna', 'Test13@yopmail.com', 2, '60652', '2024-10-23 10:54:24', '$2a$10$ux5SjPe/o8movuGTMceB1OIV1BLGQNfpEdgkl4C6Drq.eYe9oqvgG', 0, NULL, NULL, NULL, NULL, NULL, NULL, NULL, NULL, NULL, NULL, NULL, NULL, NULL, 0, 0, NULL, NULL, 0, 1, NULL, '2024-10-23 10:44:24', '2024-10-23 10:44:24', NULL),
(12, NULL, NULL, NULL, NULL, 'Test5@yopmail.com', 2, '15654', '2024-10-23 11:08:55', '$2a$10$EDqhZ/YUYAW1gd2t1twpZufkt333VS9KpJ5/EOjIt10RN5uPgTJcG', 0, NULL, NULL, NULL, NULL, NULL, NULL, NULL, NULL, NULL, NULL, NULL, NULL, NULL, 0, 0, NULL, NULL, 0, 1, NULL, '2024-10-23 10:58:55', '2024-10-23 10:58:55', NULL),
(13, NULL, NULL, NULL, NULL, 'Test6@yopmail.com', 2, '52926', '2024-10-23 11:23:17', '$2a$10$9xKve6HP9r2gMSKCqqwlVOw1w15r7USsgTShwVCbFefch8NjbCc5m', 0, NULL, NULL, NULL, NULL, NULL, NULL, NULL, NULL, NULL, NULL, NULL, NULL, NULL, 0, 0, NULL, NULL, 0, 1, NULL, '2024-10-23 11:13:17', '2024-10-23 11:13:17', NULL),
(14, NULL, NULL, NULL, NULL, 'Test61@yopmail.com', 2, NULL, NULL, '$2a$10$wZm2KQZT1viTQ7xHVALlCuMV5hWiu00VmmV6drlCoMzpfVyHYMKVq', 1, NULL, NULL, NULL, NULL, NULL, NULL, NULL, NULL, NULL, NULL, NULL, NULL, NULL, 0, 0, NULL, NULL, 0, 1, NULL, '2024-10-23 11:14:54', '2024-10-23 11:15:18', NULL),
(15, 'Shankar', 'nath', 'shiv', NULL, 'Test62@yopmail.com', 2, NULL, NULL, '$2a$10$wmdGo1z72HyCHq/392hfBeQJTHVaq.ebyIkQXAodMkpWO1U1Zv1qK', 1, NULL, 25, '2', 1996, 'male', 'checkkk', 'in a relationship', 'Straight', '', '', 'jkhsdhdhaskj', NULL, '{\"address_name\":\"C200, Phase 8B, Industrial Area, Sector 74, Sahibzada Ajit Singh Nagar, Punjab 140308, India\",\"formatted_address\":\"C200, Phase 8B, Industrial Area, Sector 74, Sahibzada Ajit Singh Nagar, Punjab 140308, India\",\"latitude\":\"30.706175\",\"longitude\":\"76.68553899999999\",\"city\":\"Sahibzada Ajit Singh Nagar\",\"state\":\"Punjab\",\"country\":\"India\",\"zipcode\":\"140308\"}', 1, 0, NULL, NULL, 0, 1, NULL, '2024-10-23 11:16:09', '2024-12-16 06:49:42', NULL),
(16, NULL, NULL, NULL, NULL, 'Test1111@yopmail.com', 2, NULL, NULL, '$2a$10$./b/f.4IPs1ORN1QSziz5.c254W2zNtbfK1IVmkalADPX9pR9oet6', 1, NULL, NULL, NULL, NULL, NULL, NULL, NULL, NULL, NULL, NULL, NULL, NULL, NULL, 0, 0, NULL, NULL, 0, 1, NULL, '2024-10-23 11:31:21', '2024-10-23 11:31:49', NULL),
(17, NULL, NULL, NULL, NULL, 'dev@yopmail.com', 2, NULL, NULL, '$2a$10$wXw4DJLlt.iVcAarxp2QAOHDPmmoJvg1fH.c1cehmuLWhOFsqUNQK', 1, NULL, NULL, NULL, NULL, NULL, NULL, NULL, NULL, NULL, NULL, NULL, NULL, NULL, 0, 0, NULL, NULL, 0, 1, NULL, '2024-10-23 11:52:49', '2024-10-23 11:53:15', NULL),
(18, NULL, NULL, NULL, NULL, 'Test1010@yopmail.com', 2, '53945', '2024-10-23 12:17:01', '$2a$10$CHD6cWNYxFp7ikq3aUr38ulA1P8snJ7p88BXXA19qLOjX26N7LKsm', 0, NULL, NULL, NULL, NULL, NULL, NULL, NULL, NULL, NULL, NULL, NULL, NULL, NULL, 0, 0, NULL, '\"[]\"', 0, 0, NULL, '2024-10-23 12:07:01', '2025-01-02 11:33:31', NULL),
(19, NULL, NULL, NULL, NULL, 'Test1011@yopmail.com', 2, '15624', '2024-10-23 12:20:11', '$2a$10$oehRw3VbO3r7a54lKG4Pa.VOnVRvvcvnmnzu4vPu0ipDN5I2eFKuW', 0, NULL, NULL, NULL, NULL, NULL, NULL, NULL, NULL, NULL, NULL, NULL, NULL, NULL, 0, 0, NULL, NULL, 0, 1, NULL, '2024-10-23 12:10:11', '2024-10-23 12:10:11', NULL),
(20, NULL, NULL, NULL, NULL, 'Test0@yopmail.com', 2, '65241', '2024-10-23 12:50:20', '$2a$10$8XUuraCK0XuuaYb6IbdfdewDOGH8joZD4tPBiyGLcrjTfsB1IQxhG', 0, NULL, NULL, NULL, NULL, NULL, NULL, NULL, NULL, NULL, NULL, NULL, NULL, NULL, 0, 0, NULL, NULL, 0, 1, NULL, '2024-10-23 12:15:37', '2024-10-23 12:40:22', NULL),
(21, NULL, NULL, NULL, NULL, 'Jaiqi@yopmail.com', 2, '44888', '2024-10-23 12:52:21', '$2a$10$5PfghH/d649mcxYkVn3Tv.YbgxZ05EbA9aojhw6r1KWEoIUTrnDVy', 0, NULL, NULL, NULL, NULL, NULL, NULL, NULL, NULL, NULL, NULL, NULL, NULL, NULL, 0, 0, NULL, NULL, 0, 1, NULL, '2024-10-23 12:42:21', '2024-10-23 12:42:21', NULL),
(22, NULL, NULL, NULL, NULL, 'dev1@yopmail.com', 2, '58953', '2024-10-23 13:05:10', '$2a$10$KTeAr4ymgqMuXUXJ341ABek2sUAvLEO3mywKLGXTwIym9qeJE1UfK', 0, NULL, NULL, NULL, NULL, NULL, NULL, NULL, NULL, NULL, NULL, NULL, NULL, NULL, 0, 0, NULL, NULL, 0, 1, NULL, '2024-10-23 12:55:10', '2024-10-23 12:55:10', NULL),
(23, NULL, NULL, NULL, NULL, 'dev3@yopmail.com', 2, '56387', '2024-10-23 13:33:21', '$2a$10$2YdLGOqv6TOoeqbtuxpKcu60kQ34jvkizcN.oDI.MaL0WmUwoU9eC', 0, NULL, NULL, NULL, NULL, NULL, NULL, NULL, NULL, NULL, NULL, NULL, NULL, NULL, 0, 0, NULL, NULL, 0, 1, NULL, '2024-10-23 13:23:21', '2024-10-23 13:23:21', NULL),
(25, NULL, NULL, NULL, NULL, 'dev10@yopmail.com', 2, NULL, NULL, '$2a$10$mSYsuPef0o5rVfGasWraDOTM5/yRlBB5xX81cZl13sQA7WsT6VpkC', 1, NULL, NULL, NULL, NULL, NULL, NULL, NULL, NULL, NULL, NULL, NULL, NULL, NULL, 0, 0, NULL, NULL, 0, 1, NULL, '2024-10-23 14:48:22', '2024-10-23 14:51:32', NULL),
(26, NULL, NULL, NULL, NULL, 'dev11@yopmail.com', 2, NULL, NULL, '$2a$10$Fu04fRLjFyzJOqqeqyvdO.eJLcx8i1EslBgTXgeyGyfKeMnx8X.E.', 1, NULL, NULL, NULL, NULL, NULL, NULL, NULL, NULL, NULL, NULL, NULL, NULL, NULL, 0, 0, NULL, NULL, 0, 1, NULL, '2024-10-23 14:54:17', '2024-10-23 14:55:10', NULL),
(27, NULL, NULL, NULL, NULL, 'dev12@yopmail.com', 2, '86336', '2024-10-23 15:14:03', '$2a$10$HY9VJo4AiuVai0V6DecTVeVgGkGKN8e817v8lek2NBgkKvrzQFWDG', 0, NULL, NULL, NULL, NULL, NULL, NULL, NULL, NULL, NULL, NULL, NULL, NULL, NULL, 0, 0, NULL, NULL, 0, 1, NULL, '2024-10-23 15:02:38', '2024-10-23 15:04:05', NULL),
(28, 'pratima ', 'sharma', 'pari', NULL, 'Pratima@yopmail.com', 2, NULL, NULL, '$2a$10$ifqyE3FDIFNwVex2M7ATK.LA8U/Sv8vzl8DT.tKoliop2I8ibKSGq', 1, NULL, 3, 'Mar', 1998, 'Female', NULL, 'Single', 'Straight', 'Khadi chawal', 'Tcctfvthtgvttc', 'Mustang, nepal', NULL, NULL, 0, 0, NULL, NULL, 1, 1, NULL, '2024-10-24 05:31:11', '2024-11-11 07:29:19', NULL),
(29, NULL, NULL, NULL, NULL, 'Pratima1@yopmail.com', 2, '24634', '2024-10-24 05:46:54', '$2a$10$sBPn356iXDrTyop6Sqy5fO3lsJ/yFxAVyn4jpgI8b6wUIVA4UJmee', 0, NULL, NULL, NULL, NULL, NULL, NULL, NULL, NULL, NULL, NULL, NULL, NULL, NULL, 0, 0, NULL, NULL, 0, 1, NULL, '2024-10-24 05:36:54', '2024-10-24 05:36:54', NULL),
(30, NULL, NULL, NULL, NULL, 'Pratima2@yopmail.com', 2, '81988', '2024-10-24 05:47:53', '$2a$10$2FfX6obFPVS1rcnm2ZWWRu33jPGsJOJcZ.uXupZ/cDSlCpoeWbLYa', 0, NULL, NULL, NULL, NULL, NULL, NULL, NULL, NULL, NULL, NULL, NULL, NULL, NULL, 0, 0, NULL, NULL, 0, 1, NULL, '2024-10-24 05:37:53', '2024-10-24 05:37:53', NULL),
(31, NULL, NULL, NULL, NULL, 'Pratima3@yopmail.com', 2, '39996', '2024-10-24 05:50:04', '$2a$10$I5mbBME375ko6xxs91K.auim5kPo8.iDQfNTr/WOmSU4HhFXnCHym', 0, NULL, NULL, NULL, NULL, NULL, NULL, NULL, NULL, NULL, NULL, NULL, NULL, NULL, 0, 0, NULL, NULL, 0, 1, NULL, '2024-10-24 05:40:04', '2024-10-24 05:40:04', NULL),
(32, NULL, NULL, NULL, NULL, 'Pratima4@yopmail.com', 2, '47929', '2024-10-24 05:50:50', '$2a$10$KNHLA0XgBOdiP/SQ.zzb/uBCMcKiKAE1UxgKjYHaQ5C8SZ8BiTetK', 0, NULL, NULL, NULL, NULL, NULL, NULL, NULL, NULL, NULL, NULL, NULL, NULL, NULL, 0, 0, NULL, NULL, 0, 1, NULL, '2024-10-24 05:40:50', '2024-10-24 05:40:50', NULL),
(33, NULL, NULL, NULL, NULL, 'Pratima5@yopmail.com', 2, '76124', '2024-10-24 05:53:38', '$2a$10$qSGdlfL5.flCGPoPB.2utuUQZ5BYy4beJSwJgxyR4o38nC5Zq0gDW', 0, NULL, NULL, NULL, NULL, NULL, NULL, NULL, NULL, NULL, NULL, NULL, NULL, NULL, 0, 0, NULL, NULL, 0, 1, NULL, '2024-10-24 05:43:38', '2024-10-24 05:43:38', NULL),
(34, NULL, NULL, NULL, NULL, 'Pratima6@yopmail.com', 2, '63235', '2024-10-24 05:53:49', '$2a$10$6fPW6c.dXdfbxYQB/OjESOt6zGVYwB918lKqmopLqb0I/dKmWPNuG', 0, NULL, NULL, NULL, NULL, NULL, NULL, NULL, NULL, NULL, NULL, NULL, NULL, NULL, 0, 0, NULL, NULL, 0, 1, NULL, '2024-10-24 05:43:49', '2024-10-24 05:43:49', NULL),
(35, NULL, NULL, NULL, NULL, 'Pratima7@yopmail.com', 2, '19238', '2024-10-24 05:54:05', '$2a$10$lsJ2gfAuLciqDcMauaudduNy0HR.MJtodqh9fnY5gIIpu/wPCmtX2', 0, NULL, NULL, NULL, NULL, NULL, NULL, NULL, NULL, NULL, NULL, NULL, NULL, NULL, 0, 0, NULL, NULL, 0, 1, NULL, '2024-10-24 05:44:05', '2024-10-24 05:44:05', NULL),
(36, NULL, NULL, NULL, NULL, 'Pratima8@yopmail.com', 2, '13792', '2024-10-24 05:56:40', '$2a$10$Vo9wqFlOTY5vjg0RD9xyVu7h9wLjukG826lHHRCCURHouMMHcUGNu', 0, NULL, NULL, NULL, NULL, NULL, NULL, NULL, NULL, NULL, NULL, NULL, NULL, NULL, 0, 0, NULL, NULL, 0, 1, NULL, '2024-10-24 05:46:40', '2024-10-24 05:46:40', NULL),
(37, NULL, NULL, NULL, NULL, 'Shiv@yopmail.com', 2, NULL, NULL, '$2a$10$HnrD12.zk1SmSXbo/7NkfOeUhvlEyLkacD/cjQDGZCJkFRU.ccGmm', 1, NULL, NULL, NULL, NULL, NULL, NULL, NULL, NULL, NULL, NULL, NULL, NULL, NULL, 0, 0, NULL, NULL, 0, 1, NULL, '2024-10-24 05:52:17', '2024-10-24 05:52:51', NULL),
(38, NULL, NULL, NULL, NULL, 'shiv1@yopmail.com', 2, NULL, NULL, '$2a$10$Nma3tFfxbvDFPmeyG5NIZOH.idrjITymYQaha9wVuIAOcffHgTZGS', 1, NULL, NULL, NULL, NULL, NULL, NULL, NULL, NULL, NULL, NULL, NULL, NULL, NULL, 0, 0, NULL, NULL, 0, 1, NULL, '2024-10-24 06:18:10', '2024-10-24 06:18:52', NULL),
(39, NULL, NULL, NULL, NULL, 'devansh@yopmail.com', 2, NULL, NULL, '$2a$10$Mj8F3YwZ9PmJTDfW/4bi5e2o5CW4NcTxNh8GqGm5gPGvwoItPHK8S', 1, NULL, NULL, NULL, NULL, NULL, NULL, NULL, NULL, NULL, NULL, NULL, NULL, NULL, 0, 0, NULL, NULL, 0, 1, NULL, '2024-10-24 06:59:06', '2024-10-24 07:00:14', NULL),
(40, NULL, NULL, NULL, NULL, 'devTest@yopmail.com', 2, NULL, NULL, '$2a$10$6e0Aa/49fgJRtoU2AKBmB.6nu5yK67NpnS8bcoTglmfAk73tJOLqu', 1, NULL, NULL, NULL, NULL, NULL, NULL, NULL, NULL, NULL, NULL, NULL, NULL, NULL, 0, 0, NULL, NULL, 0, 1, NULL, '2024-10-24 07:14:40', '2024-10-24 07:15:05', NULL),
(41, NULL, NULL, NULL, NULL, 'devTest1@yopmail.com', 2, NULL, NULL, '$2a$10$z6uRTx0momb.mqSPOt1M.uCgYr9jSSp1HOVDRggI1XNiOb6.uoni.', 1, NULL, NULL, NULL, NULL, NULL, NULL, NULL, NULL, NULL, NULL, NULL, NULL, NULL, 0, 0, NULL, NULL, 0, 1, NULL, '2024-10-24 07:18:33', '2024-10-24 07:18:56', NULL),
(42, NULL, NULL, NULL, NULL, 'sunny@yopmail.com', 2, NULL, NULL, '$2a$10$pOTwaBGjuAkS/3I5ZhrNAOyAt1.4AeU/VzFnW4kH96lRrOKGwccN2', 1, NULL, NULL, NULL, NULL, NULL, NULL, NULL, NULL, NULL, NULL, NULL, NULL, NULL, 0, 0, NULL, NULL, 0, 1, NULL, '2024-10-24 07:55:44', '2024-10-24 07:56:27', NULL),
(43, NULL, NULL, NULL, NULL, 'sunny1@yopmail.com', 2, NULL, NULL, '$2a$10$HTEJEA0eNENVRKZknSUFD.r34RR6qAwgOdeyC1HwJKU37tNYjpDzi', 1, NULL, NULL, NULL, NULL, NULL, NULL, NULL, NULL, NULL, NULL, NULL, NULL, NULL, 0, 0, NULL, NULL, 0, 1, NULL, '2024-10-24 07:59:41', '2024-10-24 08:00:13', NULL),
(44, NULL, NULL, NULL, NULL, 'rapid@yopmail.com', 2, NULL, NULL, '$2a$10$C71VgVqv3Y56fieOigtwBeoEM/2AdEgb5/xResieTfu7G8xnE60Au', 1, NULL, NULL, NULL, NULL, NULL, NULL, NULL, NULL, NULL, NULL, NULL, NULL, NULL, 0, 0, NULL, NULL, 0, 1, NULL, '2024-10-24 09:47:51', '2024-10-24 09:48:53', NULL),
(45, NULL, NULL, NULL, NULL, 'rapidsoft@yopmail.com', 2, NULL, NULL, '$2a$10$P7jo6uDETe.RO6SzB3kZH.gdb/nNHhc3nC4RSN3ui/WUpk1u2izjG', 1, NULL, NULL, NULL, NULL, NULL, NULL, NULL, NULL, NULL, NULL, NULL, NULL, NULL, 0, 0, NULL, NULL, 0, 1, NULL, '2024-10-24 10:16:22', '2024-10-24 10:17:24', NULL),
(46, NULL, NULL, NULL, NULL, 'shetty@yopmail.com', 2, NULL, NULL, '$2a$10$E/1cRP0C4w3xibLKnSYcC.36qnUMatc46UagdzBEkvVfr6tKG.p26', 1, NULL, NULL, NULL, NULL, NULL, NULL, NULL, NULL, NULL, NULL, NULL, NULL, NULL, 0, 0, NULL, NULL, 0, 1, NULL, '2024-10-24 10:35:12', '2024-10-24 10:36:18', NULL),
(47, NULL, NULL, NULL, NULL, 'thkur@yopmail.com', 2, '99158', '2024-10-24 11:25:38', '$2a$10$8Itny9WUbxeWDlNmfpXkMufqenGSetgBjLvpseavIl0ls40.yyE3.', 0, NULL, NULL, NULL, NULL, NULL, NULL, NULL, NULL, NULL, NULL, NULL, NULL, NULL, 0, 0, NULL, NULL, 0, 1, NULL, '2024-10-24 11:15:38', '2024-10-24 11:15:38', NULL),
(48, NULL, NULL, NULL, NULL, 'Jai11111@yopmail.com', 2, '82676', '2024-10-24 11:26:26', '$2a$10$xe0txQ27JjlCCzV7fOPijOaS22PmoVybsqznaHw0cDQeLCIwtmSVy', 0, NULL, NULL, NULL, NULL, NULL, NULL, NULL, NULL, NULL, NULL, NULL, NULL, NULL, 0, 0, NULL, NULL, 0, 1, NULL, '2024-10-24 11:16:26', '2024-10-24 11:16:26', NULL),
(49, NULL, NULL, NULL, NULL, 'gamer@yopmail.com', 2, NULL, NULL, '$2a$10$CcPkH1TPutRKjIAc5v2IOOZaohwWer2ATzT3ZgMihdj.VlwhW/pna', 1, NULL, NULL, NULL, NULL, NULL, NULL, NULL, NULL, NULL, NULL, NULL, NULL, NULL, 0, 0, NULL, NULL, 0, 1, NULL, '2024-10-24 11:29:46', '2024-10-24 11:31:09', NULL),
(50, NULL, NULL, NULL, NULL, 'dev123@yopmail.com', 2, '94240', '2024-10-24 12:45:35', '$2a$10$/RZ/WzkRs76OMrLt74TsbeC.L1atl5tgJrQIvbpXWt02XrH5d.vRi', 0, NULL, NULL, NULL, NULL, NULL, NULL, NULL, NULL, NULL, NULL, NULL, NULL, NULL, 0, 0, NULL, NULL, 0, 1, NULL, '2024-10-24 12:35:35', '2024-10-24 12:35:35', NULL),
(51, NULL, NULL, NULL, NULL, 'dev1234@yopmail.com', 2, NULL, NULL, '$2a$10$lE9Viykkb.cQwjWZuIVFWetnr7rhF2BC9oaXMfbOllm.2pI.xbXFK', 1, NULL, NULL, NULL, NULL, NULL, NULL, NULL, NULL, NULL, NULL, NULL, NULL, NULL, 0, 0, NULL, NULL, 0, 1, NULL, '2024-10-24 12:37:46', '2024-10-24 12:38:36', NULL),
(52, NULL, NULL, NULL, NULL, 'diwali@yopmail.com', 2, NULL, NULL, '$2a$10$KQE6SndfNPfrPoJozv7htu0lnrkqJOLzo7GVbRxBpw.OqeWyJsfLi', 1, NULL, NULL, NULL, NULL, NULL, NULL, NULL, NULL, NULL, NULL, NULL, NULL, NULL, 0, 0, NULL, NULL, 0, 1, NULL, '2024-10-24 12:40:56', '2024-10-24 12:42:03', NULL),
(53, NULL, NULL, NULL, NULL, 'diwali1@yopmail.com', 2, '40844', '2024-10-24 12:59:38', '$2a$10$g8YYaD9d9eXo.HhOc5XGIuVQ8HRLoFtzt/CcGzxoQE15N0QLsWc9q', 0, NULL, NULL, NULL, NULL, NULL, NULL, NULL, NULL, NULL, NULL, NULL, NULL, NULL, 0, 0, NULL, NULL, 0, 1, NULL, '2024-10-24 12:49:38', '2024-10-24 12:49:38', NULL),
(54, NULL, NULL, NULL, NULL, 'diwali2@yopmail.com', 2, '97982', '2024-10-24 13:04:22', '$2a$10$nbI06oO0DT83iZo3VWuNd.A1ZnGgi2PXTcdH5cgMufCN1FZSKrIya', 0, NULL, NULL, NULL, NULL, NULL, NULL, NULL, NULL, NULL, NULL, NULL, NULL, NULL, 0, 0, NULL, NULL, 0, 1, NULL, '2024-10-24 12:54:22', '2024-10-24 12:54:22', NULL),
(55, NULL, NULL, NULL, NULL, 'diwali3@yopmail.com', 2, '76192', '2024-10-24 13:05:00', '$2a$10$cMQrer.Y2xp6LAnkFGtIOetcSg5sGd2hSqWbLKWU3tW8ohT8TaIGm', 0, NULL, NULL, NULL, NULL, NULL, NULL, NULL, NULL, NULL, NULL, NULL, NULL, NULL, 0, 0, NULL, NULL, 0, 1, NULL, '2024-10-24 12:55:00', '2024-10-24 12:55:00', NULL),
(56, NULL, NULL, NULL, NULL, 'diwali4@yopmail.com', 2, '79872', '2024-10-24 13:06:43', '$2a$10$iz33G7y.SWd234dykKub.u5ySNE7DB0hiQdDh3xgGuNEoOKELCaY.', 0, NULL, NULL, NULL, NULL, NULL, NULL, NULL, NULL, NULL, NULL, NULL, NULL, NULL, 0, 0, NULL, NULL, 0, 1, NULL, '2024-10-24 12:56:43', '2024-10-24 12:56:43', NULL),
(57, NULL, NULL, NULL, NULL, 'diwali5@yopmail.com', 2, '86523', '2024-10-24 13:07:18', '$2a$10$so/OtPlUHGJ03bTO4sWMxuAMZX/VAUWQtdZQTgS8XImxHrwrsAJsK', 0, NULL, NULL, NULL, NULL, NULL, NULL, NULL, NULL, NULL, NULL, NULL, NULL, NULL, 0, 0, NULL, NULL, 0, 1, NULL, '2024-10-24 12:57:18', '2024-10-24 12:57:18', NULL),
(58, NULL, NULL, NULL, NULL, 'diwali6@yopmail.com', 2, '25432', '2024-10-24 13:10:07', '$2a$10$GWLqbc.8WEK7KoxqNIWxZOkk5i2px8AHfLzx7I/4HnyR/bcQfYIIS', 0, NULL, NULL, NULL, NULL, NULL, NULL, NULL, NULL, NULL, NULL, NULL, NULL, NULL, 0, 0, NULL, NULL, 0, 1, NULL, '2024-10-24 13:00:07', '2024-10-24 13:00:07', NULL),
(59, NULL, NULL, NULL, NULL, 'diwali7@yopmail.com', 2, '14558', '2024-10-24 13:12:42', '$2a$10$1whc1qaHMLlF1opTfceHze0GUJmWpNspD41Objqk9HZEEDLlrgYWC', 0, NULL, NULL, NULL, NULL, NULL, NULL, NULL, NULL, NULL, NULL, NULL, NULL, NULL, 0, 0, NULL, NULL, 0, 1, NULL, '2024-10-24 13:02:42', '2024-10-24 13:02:42', NULL),
(60, NULL, NULL, NULL, NULL, 'diwali8@yopmail.com', 2, '98599', '2024-10-24 13:13:40', '$2a$10$vh89EBvatljP5vzBYyNGceY.2cPCvoEP3zhgSZOyAK/L0IGmvOuIa', 0, NULL, NULL, NULL, NULL, NULL, NULL, NULL, NULL, NULL, NULL, NULL, NULL, NULL, 0, 0, NULL, NULL, 0, 1, NULL, '2024-10-24 13:03:40', '2024-10-24 13:03:40', NULL),
(61, NULL, NULL, NULL, NULL, 'diwali9@yopmail.com', 2, '75137', '2024-10-24 13:14:17', '$2a$10$uWWm1X6Y5x4w6MYFge/NG.rT1Vd85JLfbvr9jv4VPz4NbNHtu7Azi', 0, NULL, NULL, NULL, NULL, NULL, NULL, NULL, NULL, NULL, NULL, NULL, NULL, NULL, 0, 0, NULL, NULL, 0, 1, NULL, '2024-10-24 13:04:17', '2024-10-24 13:04:17', NULL),
(62, NULL, NULL, NULL, NULL, 'diwali10@yopmail.com', 2, '52993', '2024-10-24 13:17:31', '$2a$10$1.KKtFpHQyjW3Xoa0xdwg.v7jn64wDm/EJB3./eZoqcGEVyHXFVFu', 0, NULL, NULL, NULL, NULL, NULL, NULL, NULL, NULL, NULL, NULL, NULL, NULL, NULL, 0, 0, NULL, NULL, 0, 1, NULL, '2024-10-24 13:07:31', '2024-10-24 13:07:31', NULL),
(63, NULL, NULL, NULL, NULL, 'diwali11@yopmail.com', 2, '47780', '2024-10-24 13:20:23', '$2a$10$3neH2pq63VjBoy8W0EPzze.17Q/xk0DY/1MfNdXjt39IuUBhTaF0y', 0, NULL, NULL, NULL, NULL, NULL, NULL, NULL, NULL, NULL, NULL, NULL, NULL, NULL, 0, 0, NULL, NULL, 0, 1, NULL, '2024-10-24 13:10:23', '2024-10-24 13:10:23', NULL),
(64, 'div', 'div', 'div', NULL, 'diwali12@yopmail.com', 2, NULL, NULL, '$2a$10$AgNjiTRrz2POPYFR6S7YAuVpv7w0lAIFTwxMdKTrFJ1hnL.YuBMre', 1, NULL, NULL, NULL, NULL, NULL, NULL, NULL, NULL, NULL, NULL, NULL, NULL, NULL, 0, 0, NULL, NULL, 0, 1, NULL, '2024-10-24 13:17:41', '2024-10-24 13:57:11', NULL),
(65, NULL, NULL, NULL, NULL, 'div@yopmail.com', 2, NULL, NULL, '$2a$10$8u3v/tEk98LrVY7VGjcwOuuUXlYM5nuUkO/IPmCXwdGTnRiy3Rz0G', 1, NULL, NULL, NULL, NULL, NULL, NULL, NULL, NULL, NULL, NULL, NULL, NULL, NULL, 0, 0, NULL, NULL, 0, 1, NULL, '2024-10-24 13:27:21', '2024-10-24 13:29:12', NULL),
(66, NULL, NULL, NULL, NULL, 'kanchan@yopmail.com', 2, NULL, NULL, '$2a$10$dGLVItaM3p41fI9GJLNRf.bCXU1RHYG.VzXqbjBeMmZz9zF6PFMEy', 1, NULL, NULL, NULL, NULL, NULL, NULL, NULL, NULL, NULL, NULL, NULL, NULL, NULL, 0, 0, NULL, NULL, 0, 1, NULL, '2024-10-24 14:45:38', '2024-10-24 14:47:23', NULL),
(67, NULL, NULL, NULL, NULL, 'kanchan1@yopmail.com', 2, NULL, NULL, '$2a$10$0c9FotQRwEYkw7wm7xOOeudz8DKj1ekB8U728Xit9fQdi2MZ9ZswK', 1, NULL, NULL, NULL, NULL, NULL, NULL, NULL, NULL, NULL, NULL, NULL, NULL, NULL, 0, 0, NULL, NULL, 0, 1, NULL, '2024-10-24 14:57:58', '2024-10-24 15:00:07', NULL),
(68, NULL, NULL, NULL, NULL, 'kanchan2@yopmail.com', 2, NULL, NULL, '$2a$10$OcJaBe3WP79oJ59Bg6SSJ.X8JNXhfylMoLvsB0by5pDfh9X2VLCWi', 1, NULL, NULL, NULL, NULL, NULL, NULL, NULL, NULL, NULL, NULL, NULL, NULL, NULL, 0, 0, NULL, NULL, 0, 1, NULL, '2024-10-24 15:00:43', '2024-10-24 15:01:16', NULL),
(69, NULL, NULL, NULL, NULL, 'kanchan3@yopmail.com', 2, NULL, NULL, '$2a$10$6vEozX/tLuXy8WcjGBkAnOPuRvHtVhmEWodpIpEdnd/4wI8lNVlVe', 1, NULL, NULL, NULL, NULL, NULL, NULL, NULL, NULL, NULL, NULL, NULL, NULL, NULL, 0, 0, NULL, NULL, 0, 1, NULL, '2024-10-24 15:07:48', '2024-10-24 15:09:26', NULL),
(70, NULL, NULL, NULL, NULL, 'kanchan4@yopmail.com', 2, NULL, NULL, '$2a$10$bCsv0rQ5DW4WPQ90H0o0MODu7xOsLwfiA2p8PJ5v4CqAFH7jcuyUG', 1, NULL, NULL, NULL, NULL, NULL, NULL, NULL, NULL, NULL, NULL, NULL, NULL, NULL, 0, 0, NULL, NULL, 0, 1, NULL, '2024-10-24 15:14:04', '2024-10-24 15:15:21', NULL),
(71, 'Shankar', 'nath', 'shiv', NULL, 'sakshi@yopmail.com', 2, NULL, NULL, '$2a$10$5MBWTwaJ2VyLhUeab2GFB.aJqUKTkJqciNAKjVo7DIC18fZUhg8Cq', 1, NULL, 25, '2', 1996, 'male', NULL, 'in a relationship', 'Straight', NULL, NULL, NULL, NULL, NULL, 0, 0, NULL, NULL, 0, 1, NULL, '2024-10-26 06:56:18', '2024-10-26 06:59:12', NULL),
(72, 'Shankar', 'nath', 'shiv', NULL, 'sakshi1@yopmail.com', 2, NULL, NULL, '$2a$10$jWJVfI3tTNBb8NUjbS6FueOyH5IHsIdz5llZF1q2/Co0pvm2AsGgC', 1, NULL, 25, '2', 1996, 'male', NULL, 'in a relationship', 'Straight', NULL, NULL, NULL, NULL, NULL, 0, 0, NULL, NULL, 0, 1, NULL, '2024-10-26 07:32:33', '2024-10-26 07:36:41', NULL),
(73, NULL, NULL, NULL, NULL, 'sakshi2@yopmail.com', 2, NULL, NULL, '$2a$10$26Gaw/17bG1oLWHY5J6jn.fsx9Z3WXB5DJ1LhCMqxHL7Y3EspLnEW', 1, NULL, NULL, NULL, NULL, NULL, NULL, NULL, NULL, NULL, NULL, NULL, NULL, NULL, 0, 0, NULL, NULL, 0, 1, NULL, '2024-10-26 07:55:53', '2024-10-26 07:56:23', NULL),
(74, NULL, NULL, NULL, NULL, 'sakshi3@yopmail.com', 2, NULL, NULL, '$2a$10$hTibK/mKfCjlAhI7XveLOe.GIiD2suquf.8vgp8C671wigGkyo1Yy', 1, NULL, NULL, NULL, NULL, NULL, NULL, NULL, NULL, NULL, NULL, NULL, NULL, NULL, 0, 0, NULL, NULL, 0, 1, NULL, '2024-10-26 08:14:42', '2024-10-26 08:15:07', NULL),
(75, 'bdbs', 'vv', '  gg', 'bdbs vv', 'yogesh@yopmail.com', 2, NULL, NULL, '$2a$10$k9FaDMQ8KTTc3xSYFr0nQ.Hr8PAvMOeKmFBTJ5hFrW.pM9hxYGrHO', 1, NULL, 2, 'Mar', 2022, 'Male', 'cde5916770f69df78398841068aa990b', 'Single', 'Straight', 'Bb', NULL, 'Hb', NULL, NULL, 0, 0, NULL, NULL, 0, 1, NULL, '2024-10-26 09:44:48', '2025-05-02 13:05:46', NULL),
(76, 'Shankar', 'nath', 'cdcdcdddd', NULL, 'yogesh1@yopmail.com', 2, NULL, NULL, '$2a$10$cfY7pY6Rfk8hwgWdYcDQ.OPSatAiWmL1UX8azOWwkdByviuocMf5.', 1, NULL, 25, '2', 1996, 'male', NULL, 'in a relationship', 'Straight', 'E2e2', 'dsahdaksdjahsjd', 'E2e2', NULL, NULL, 0, 0, NULL, NULL, 0, 1, NULL, '2024-10-26 09:53:54', '2024-11-08 11:11:34', NULL),
(77, 'shyam', 'shyam', 'shyam', NULL, 'yogesh2@yopmail.com', 2, NULL, NULL, '$2a$10$Qo2udVLYSg18qwrwbqGcI.bP2xmr.YAZnurfW5q6fHk7WSJk8DSSi', 1, NULL, 1, '1', 1900, 'Male', NULL, 'Single', NULL, NULL, NULL, NULL, NULL, NULL, 0, 0, NULL, NULL, 0, 1, NULL, '2024-10-26 10:09:46', '2024-10-28 05:08:04', NULL),
(78, 'hi', 'hi', 'hi', NULL, 'yogesh3@yopmail.com', 2, NULL, NULL, '$2a$10$EJ1KNXhHP5INEZHy9KWuCugCqXF.Bs6kE5zb7/ytJhTl/pz8Wu3JG', 1, NULL, NULL, NULL, NULL, NULL, NULL, NULL, NULL, NULL, NULL, NULL, NULL, NULL, 0, 0, NULL, NULL, 0, 1, NULL, '2024-10-26 10:23:19', '2024-10-26 10:29:39', NULL),
(79, NULL, NULL, NULL, NULL, 'yogesh4@yopmail.com', 2, NULL, NULL, '$2a$10$MSfTC4sq6S3ZjtTlQ6vqjO4TJjmYhOMz63dW3lFGZsqlzNamuvS1W', 1, NULL, NULL, NULL, NULL, NULL, NULL, NULL, NULL, NULL, NULL, NULL, NULL, NULL, 0, 0, NULL, NULL, 0, 1, NULL, '2024-10-26 10:37:24', '2024-10-26 10:38:14', NULL),
(80, NULL, NULL, NULL, NULL, 'yogesh5@yopmail.com', 2, NULL, NULL, '$2a$10$d.Evlh1WvnQxCWZ4oJnCPuM851J4kEbGg6CUniOChc0FDQT2VERkW', 1, NULL, NULL, NULL, NULL, NULL, NULL, NULL, NULL, NULL, NULL, NULL, NULL, NULL, 0, 0, NULL, NULL, 0, 1, NULL, '2024-10-26 10:53:22', '2024-10-26 10:54:58', NULL),
(81, NULL, NULL, NULL, NULL, 'yogesh6@yopmail.com', 2, '24974', '2024-10-26 11:13:50', '$2a$10$8j/BANaFwCP4arXa15bUnuNzxBfCwHEXliqZiK5E1jWSLbNtnKhi6', 0, NULL, NULL, NULL, NULL, NULL, NULL, NULL, NULL, NULL, NULL, NULL, NULL, NULL, 0, 0, NULL, NULL, 0, 1, NULL, '2024-10-26 11:03:50', '2024-10-26 11:03:50', NULL),
(82, 'hello', 'hello', 'hello', NULL, 'yogesh7@yopmail.com', 2, NULL, NULL, '$2a$10$M.ThbSmZXGmwN.6ZdSLKeOhGWDC4YF9kiBv8ZlwnpktegFEhnGOyi', 1, NULL, NULL, NULL, NULL, NULL, NULL, NULL, NULL, NULL, NULL, NULL, NULL, NULL, 0, 0, NULL, NULL, 0, 1, NULL, '2024-10-26 11:04:32', '2024-10-26 11:22:20', NULL),
(83, NULL, NULL, NULL, NULL, 'yogesh9@yopmail.com', 2, NULL, NULL, '$2a$10$Gz7nobzpZpqUoVZSkZZ33.d5ZfHfOC9d0Di0dOiTF4lWeFKV87vB.', 1, NULL, NULL, NULL, NULL, NULL, NULL, NULL, NULL, NULL, NULL, NULL, NULL, NULL, 0, 0, NULL, NULL, 0, 1, NULL, '2024-10-26 11:10:47', '2024-10-26 11:12:02', NULL),
(84, 'hello', 'hello', 'hello', NULL, 'yogesh10@yoail.com', 2, '59961', '2024-10-26 11:33:57', '$2a$10$R/nOqt/dwfqtm0ID.BpxVOYJ4/9VhYiq8p2JlLLwQphFhTQD8K00S', 0, NULL, NULL, NULL, NULL, NULL, NULL, NULL, NULL, NULL, NULL, NULL, NULL, NULL, 0, 0, NULL, NULL, 0, 1, NULL, '2024-10-26 11:23:57', '2024-10-26 11:31:57', NULL),
(85, NULL, NULL, NULL, NULL, 'yogesh12@yopmail.com', 2, NULL, NULL, '$2a$10$L1FKgjy.yRSVJCV1i/q0MukztyzrqD9uT.Q89IbS3.nMtN44GbGSK', 1, NULL, NULL, NULL, NULL, NULL, NULL, NULL, NULL, NULL, NULL, NULL, NULL, NULL, 0, 0, NULL, NULL, 0, 1, NULL, '2024-10-26 11:28:33', '2024-10-26 11:29:41', NULL),
(86, NULL, NULL, NULL, NULL, 'yogesh13@yopmail.com', 2, NULL, NULL, '$2a$10$9zgI4r/7KklP.FT93lW5PeqK79YspPDulJLdycA6dYQDigObLvVvK', 1, NULL, NULL, NULL, NULL, NULL, NULL, NULL, NULL, NULL, NULL, NULL, NULL, NULL, 0, 0, NULL, NULL, 0, 1, NULL, '2024-10-26 11:34:14', '2024-10-26 11:35:22', NULL),
(87, NULL, NULL, NULL, NULL, 'yogesh14@yopmail.com', 2, NULL, NULL, '$2a$10$8uWVRn/80JdSfhh.F..DpOvxmTiq6KCdWE63wa3HDFP.glac8IXAS', 1, NULL, NULL, NULL, NULL, NULL, NULL, NULL, NULL, NULL, NULL, NULL, NULL, NULL, 0, 0, NULL, NULL, 0, 1, NULL, '2024-10-26 11:37:51', '2024-10-26 11:40:04', NULL),
(88, NULL, NULL, NULL, NULL, 'yogesh15@yopmail.com', 2, '87631', '2024-10-26 12:06:21', '$2a$10$uKxcuFpl86SVEikX4haiRucNNmekq3nRlaNYezP4F5I7Bwx1yvEZa', 0, NULL, NULL, NULL, NULL, NULL, NULL, NULL, NULL, NULL, NULL, NULL, NULL, NULL, 0, 0, NULL, NULL, 0, 1, NULL, '2024-10-26 11:56:21', '2024-10-26 11:56:21', NULL),
(89, NULL, NULL, NULL, NULL, 'yogesh16@yopmail.com', 2, '46787', '2024-10-26 12:15:14', '$2a$10$UXPW7MXmIkGd0EPxFfakoe1sEbfDWf9SUewOhfytODjDqZLJemEXG', 0, NULL, NULL, NULL, NULL, NULL, NULL, NULL, NULL, NULL, NULL, NULL, NULL, NULL, 0, 0, NULL, NULL, 0, 1, NULL, '2024-10-26 12:05:14', '2024-10-26 12:05:14', NULL),
(90, NULL, NULL, NULL, NULL, 'yogesh17@yopmail.com', 2, NULL, NULL, '$2a$10$ualNLjmNmnW0BcqnL6qn6ORD4OcqnZyhSfncyyaGJ07/gSLi/TbzO', 1, NULL, NULL, NULL, NULL, NULL, NULL, NULL, NULL, NULL, NULL, NULL, NULL, NULL, 0, 0, NULL, NULL, 0, 1, NULL, '2024-10-26 12:05:25', '2024-10-26 12:05:48', NULL),
(91, NULL, NULL, NULL, NULL, 'yogesh20@yopmail.com', 2, NULL, NULL, '$2a$10$Kq5tGfFYcT2vId1OdDg84e1FaR50EZpYHrBITpCwx/RMTGwPqaTgq', 1, NULL, NULL, NULL, NULL, NULL, NULL, NULL, NULL, NULL, NULL, NULL, NULL, NULL, 0, 0, NULL, NULL, 0, 1, NULL, '2024-10-26 12:11:52', '2024-10-26 12:12:25', NULL),
(92, NULL, NULL, NULL, NULL, 'yogesh21@yopmail.com', 2, NULL, NULL, '$2a$10$8ffjRSpJoh940djvAtvabODvQDN2VNnqqcSW2OIqXLSgKcnCI9OoW', 1, NULL, NULL, NULL, NULL, NULL, NULL, NULL, NULL, NULL, NULL, NULL, NULL, NULL, 0, 0, NULL, NULL, 0, 1, NULL, '2024-10-26 12:18:57', '2024-10-26 12:19:21', NULL),
(93, NULL, NULL, NULL, NULL, 'yogesh23@yopmail.com', 2, NULL, NULL, '$2a$10$CWjNVIAk5n4GU0zNIcHcU.E51Xicr4LwEw7Uhjz9X2tP348kVdxza', 1, NULL, NULL, NULL, NULL, NULL, NULL, NULL, NULL, NULL, NULL, NULL, NULL, NULL, 0, 0, NULL, NULL, 0, 1, NULL, '2024-10-26 12:28:11', '2024-10-26 12:29:20', NULL),
(94, NULL, NULL, NULL, NULL, 'yogesh24@yopmail.com', 2, NULL, NULL, '$2a$10$EQde7zyyK8BJ/wPRHeRV3udN16IxmWd0ak8Bq9URCM5qgQxzBhkde', 1, NULL, NULL, NULL, NULL, NULL, NULL, NULL, NULL, NULL, NULL, NULL, NULL, NULL, 0, 0, NULL, NULL, 0, 1, NULL, '2024-10-26 12:42:27', '2024-10-26 12:42:53', NULL),
(95, NULL, NULL, NULL, NULL, 'yogesh25@yopmail.com', 2, '73661', '2024-10-26 13:29:29', '$2a$10$kgx2ZP9PkfuJoDieYbWLzuSNWfw73Z5lokoQDB2ZrabGCS4tu64fO', 0, NULL, NULL, NULL, NULL, NULL, NULL, NULL, NULL, NULL, NULL, NULL, NULL, NULL, 0, 0, NULL, NULL, 0, 1, NULL, '2024-10-26 13:19:29', '2024-10-26 13:19:29', NULL),
(96, 'hi', 'hi', 'hi', NULL, 'yogesh26@yopmail.com', 2, NULL, NULL, '$2a$10$hbtPx0UWLKtMe6wFT1V6EuFy4MaLI9sJG/FZjb95SoTnktMpMWN0i', 1, NULL, NULL, NULL, NULL, NULL, NULL, NULL, NULL, NULL, NULL, NULL, NULL, NULL, 0, 0, NULL, NULL, 0, 1, NULL, '2024-10-26 13:19:42', '2024-10-26 13:20:52', NULL),
(97, 'hi', 'hi', 'hi', NULL, 'sadhna@yopmail.com', 2, NULL, NULL, '$2a$10$JJegW51L99xL4k/YK.Ettu6r02utqipSB0XPFv/Q4/l7U9cdEparS', 1, NULL, NULL, NULL, NULL, NULL, NULL, NULL, NULL, NULL, NULL, NULL, NULL, NULL, 0, 0, NULL, NULL, 0, 1, NULL, '2024-10-27 11:50:45', '2024-10-27 11:54:26', NULL),
(98, 'hi', 'hi', 'hi', NULL, 'karm1@yopmail.com', 2, NULL, NULL, '$2a$10$.iNkWT6MkepqMUbtkQPHmepMUkI6ppYx0bZ2Lpr8McQWjIhm2LM9u', 1, NULL, 1, '1', 1900, 'Male', NULL, 'Single', 'Straight', NULL, NULL, NULL, NULL, NULL, 0, 0, NULL, NULL, 0, 1, NULL, '2024-10-27 11:59:19', '2024-10-27 12:01:09', NULL),
(99, 'hi', 'hi', 'hi', NULL, 'karm2@yopmail.com', 2, NULL, NULL, '$2a$10$Lx8GmWW45twoyeSZY7CWEOh4ra8u19cqdSNgUQM3CB1QEMI2rGwSu', 1, NULL, 1, '1', 1900, 'Male', NULL, 'Single', 'Straight', NULL, NULL, NULL, NULL, NULL, 0, 0, NULL, NULL, 0, 1, NULL, '2024-10-27 12:03:59', '2024-10-27 12:16:45', NULL),
(100, NULL, NULL, NULL, NULL, 'hello@yopmail.com', 2, '91129', '2024-10-27 12:37:52', '$2a$10$/pLCXWv9hawZiu9Fx8zD5u84XDRMXRTnYbx6tUO7yxELaNbLAvCJe', 0, NULL, NULL, NULL, NULL, NULL, NULL, NULL, NULL, NULL, NULL, NULL, NULL, NULL, 0, 0, NULL, NULL, 0, 1, NULL, '2024-10-27 12:27:52', '2024-10-27 12:27:52', NULL),
(101, NULL, NULL, NULL, NULL, 'hello1@yopmail.com', 2, '79590', '2024-10-27 12:38:23', '$2a$10$Dpr6KEUocAhbZyKe//vliORSVjCd8Fy.6.HF3qPPXmQ9MjWs6aGIC', 0, NULL, NULL, NULL, NULL, NULL, NULL, NULL, NULL, NULL, NULL, NULL, NULL, NULL, 0, 0, NULL, NULL, 0, 1, NULL, '2024-10-27 12:28:23', '2024-10-27 12:28:23', NULL),
(102, NULL, NULL, NULL, NULL, 'hello2@yopmail.com', 2, NULL, NULL, '$2a$10$RUIOVIw.NBDK2V0BShVCw.X6Pc/nOBm/RO/pijyM0fg87H1hBhKXe', 1, NULL, NULL, NULL, NULL, NULL, NULL, NULL, NULL, NULL, NULL, NULL, NULL, NULL, 0, 0, NULL, NULL, 0, 1, NULL, '2024-10-27 12:30:18', '2024-10-27 12:30:54', NULL),
(103, '1', 'gf', 'ss', NULL, 'hello3@yopmail.com', 2, NULL, NULL, '$2a$10$IAKrPbbuHIt8dtXTv9Dm/e3ZoZXIhlawEavqaQCdP7bhIA620siOy', 1, NULL, NULL, NULL, NULL, NULL, NULL, NULL, NULL, NULL, NULL, NULL, NULL, NULL, 0, 0, NULL, NULL, 0, 1, NULL, '2024-10-27 12:31:21', '2024-10-27 12:35:22', NULL),
(104, NULL, NULL, NULL, NULL, 'hello4@yopmail.com', 2, '78737', '2024-10-27 12:58:00', '$2a$10$C9/Y0s7M/S4BM105TUCFr.XyO3yANJVL2kyLY/bcprPRMATGfNrX6', 0, NULL, NULL, NULL, NULL, NULL, NULL, NULL, NULL, NULL, NULL, NULL, NULL, NULL, 0, 0, NULL, NULL, 0, 1, NULL, '2024-10-27 12:48:00', '2024-10-27 12:48:00', NULL),
(105, NULL, NULL, NULL, NULL, 'hello5@yopmail.com', 2, '45769', '2024-10-27 13:01:39', '$2a$10$fI/1ZhaRHhRXLUJLQCThleggeEUK8SrLaDNGvtoE4kwa9ye2N23F.', 0, NULL, NULL, NULL, NULL, NULL, NULL, NULL, NULL, NULL, NULL, NULL, NULL, NULL, 0, 0, NULL, NULL, 0, 1, NULL, '2024-10-27 12:51:39', '2024-10-27 12:51:39', NULL),
(106, NULL, NULL, NULL, NULL, 'hello6@yopmail.com', 2, '48656', '2024-10-27 13:06:40', '$2a$10$PUc4YB.yKoQHgHeMfimOL.jzLV2ChAK6adwxBdR3NVW5KeVVvOL1O', 0, NULL, NULL, NULL, NULL, NULL, NULL, NULL, NULL, NULL, NULL, NULL, NULL, NULL, 0, 0, NULL, NULL, 0, 1, NULL, '2024-10-27 12:56:40', '2024-10-27 12:56:40', NULL),
(107, NULL, NULL, NULL, NULL, 'hello10@yopmail.com', 2, NULL, NULL, '$2a$10$tY6uLw7tDRNcv/AQzdsXG.sChdVTcEfB8aAYqFT6AwnyukUu.dYj6', 1, NULL, NULL, NULL, NULL, NULL, NULL, NULL, NULL, NULL, NULL, NULL, NULL, NULL, 0, 0, NULL, NULL, 0, 1, NULL, '2024-10-27 13:25:49', '2024-10-27 13:27:03', NULL),
(108, 'hi', 'hi', 'hi', NULL, 'hello11@yopmail.com', 2, NULL, NULL, '$2a$10$y814x8abZ9lAgoL4I38.7eyZ/IzB1vynG0LOluhsVOiJqCKGJj/l.', 1, NULL, NULL, NULL, NULL, NULL, NULL, NULL, NULL, NULL, NULL, NULL, NULL, NULL, 0, 0, NULL, NULL, 0, 1, NULL, '2024-10-27 13:31:12', '2024-10-27 13:32:06', NULL),
(109, NULL, NULL, NULL, NULL, 'Test12@yopmail.com', 2, NULL, NULL, '$2a$10$0gQseynWELrci3vRV/32m.cJIE/9Sqlfm06dkU5uoPPiCgLJ5UCpe', 1, NULL, NULL, NULL, NULL, NULL, NULL, NULL, NULL, NULL, NULL, NULL, NULL, NULL, 0, 0, NULL, NULL, 0, 1, NULL, '2024-10-28 04:48:45', '2024-10-28 04:53:38', NULL),
(110, NULL, NULL, NULL, NULL, 'Test130@yopmail.com', 2, NULL, NULL, '$2a$10$MeWc.NGkMfGsezW/2AqgDeW0qw5JKPLDm4YufcNo18fLgDUcZ9eHO', 1, NULL, NULL, NULL, NULL, NULL, NULL, NULL, NULL, NULL, NULL, NULL, NULL, NULL, 0, 0, NULL, NULL, 0, 1, NULL, '2024-10-28 04:58:55', '2024-10-28 04:59:34', NULL),
(111, NULL, NULL, NULL, NULL, 'Shyam@yopmail.com', 2, NULL, NULL, '$2a$10$6IUPYY5Jq2OkSH4zpcJdxOI3.KXVlTIdpUHOglJPLDlverXcvKf9i', 1, NULL, NULL, NULL, NULL, NULL, NULL, NULL, NULL, NULL, NULL, NULL, NULL, NULL, 0, 0, NULL, NULL, 0, 1, NULL, '2024-10-28 05:05:00', '2024-10-28 05:05:45', NULL),
(112, 'shyam', 'shyam', 'shyam', NULL, 'Shyam1@yopmail.com', 2, NULL, NULL, '$2a$10$nokFPiGTS0eQxUl4werheu2y9mknDup07DX.Mhu9lNCbCQZwIh3JG', 1, NULL, NULL, NULL, NULL, NULL, NULL, NULL, NULL, NULL, NULL, NULL, NULL, NULL, 0, 0, NULL, NULL, 0, 1, NULL, '2024-10-28 05:27:25', '2024-10-28 05:28:05', NULL),
(113, 'shyam2', 'shyam2', 'shyam2', NULL, 'shyam2@yopmail.com', 2, NULL, NULL, '$2a$10$e30H4qIGrJ.61RawHB.SCuyQXMb4oY6Xmyz46YjDKj1ee7hZKBaqO', 1, NULL, NULL, NULL, NULL, NULL, NULL, NULL, NULL, NULL, NULL, NULL, NULL, NULL, 0, 0, NULL, NULL, 0, 1, NULL, '2024-10-28 05:31:36', '2024-10-28 05:32:24', NULL),
(114, 'hi3', 'hi3', 'hi3', NULL, 'shyam3@yopmail.com', 2, NULL, NULL, '$2a$10$zZMlG4/3ms5x1L.SpO0B8e9/sEGUzZaL0X0FEAs2nWtG2K2ioAwL2', 1, NULL, NULL, NULL, NULL, NULL, NULL, NULL, NULL, NULL, NULL, NULL, NULL, NULL, 0, 0, NULL, NULL, 0, 1, NULL, '2024-10-28 05:48:13', '2024-10-28 05:48:51', NULL),
(115, NULL, NULL, NULL, NULL, 'shyam4@yopmail.com', 2, NULL, NULL, '$2a$10$ykjaJikNPxCvktUCxGurOemMQLpIa35kXQpLMer0LZK01R7D0/s7m', 1, NULL, NULL, NULL, NULL, NULL, NULL, NULL, NULL, NULL, NULL, NULL, NULL, NULL, 0, 0, NULL, NULL, 0, 1, NULL, '2024-10-28 05:49:40', '2024-10-28 05:50:00', NULL),
(116, NULL, NULL, NULL, NULL, 'shyam5@yopmail.com', 2, NULL, NULL, '$2a$10$4H9X8SgACzSfbxakK00BVOd5eqI/4v2awAFoJVfo7Dt33biVibqGu', 1, NULL, NULL, NULL, NULL, NULL, NULL, NULL, NULL, NULL, NULL, NULL, NULL, NULL, 0, 0, NULL, NULL, 0, 1, NULL, '2024-10-28 05:53:34', '2024-10-28 05:54:16', NULL),
(117, NULL, NULL, NULL, NULL, 'shyam6@yopmail.com', 2, NULL, NULL, '$2a$10$bhxWTzUjddmmySXemzRMLOlW.SRKmWOPclFaFgmkfiF4Kd5CXon..', 1, NULL, NULL, NULL, NULL, NULL, NULL, NULL, NULL, NULL, NULL, NULL, NULL, NULL, 0, 0, NULL, NULL, 0, 1, NULL, '2024-10-28 05:55:01', '2024-10-28 05:55:18', NULL),
(118, NULL, NULL, NULL, NULL, 'shyam7@yopmail.com', 2, NULL, NULL, '$2a$10$WfYrdIVd62nJ.nnuekLQmOlyT3p7AufeKgE12WCqbgSZhJ3MI9iL2', 1, NULL, NULL, NULL, NULL, NULL, NULL, NULL, NULL, NULL, NULL, NULL, NULL, NULL, 0, 0, NULL, NULL, 0, 1, NULL, '2024-10-28 05:56:07', '2024-10-28 05:56:24', NULL),
(119, 'shyam9', 'shyam9', 'shyam9', NULL, 'shyam9@yopmail.com', 2, NULL, NULL, '$2a$10$KDUUDzvKF5zR0VDGh2Llke6Y80yQs9uyegQN2Vu17A9Z1/UTrSrA2', 1, NULL, NULL, NULL, NULL, NULL, NULL, NULL, NULL, NULL, NULL, NULL, NULL, NULL, 0, 0, NULL, NULL, 0, 1, NULL, '2024-10-28 05:58:34', '2024-10-28 06:00:47', NULL),
(120, NULL, NULL, NULL, NULL, 'shyam10@yopmail.com', 2, NULL, NULL, '$2a$10$MZzfWwa2JEU2CIaeEOTXyuWGabIPd/psBVt.mWgNzbUTiHK4pb28W', 1, NULL, NULL, NULL, NULL, NULL, NULL, NULL, NULL, NULL, NULL, NULL, NULL, NULL, 0, 0, NULL, NULL, 0, 1, NULL, '2024-10-28 06:01:27', '2024-10-28 06:01:47', NULL),
(121, NULL, NULL, NULL, NULL, 'shyam11@yopmail.com', 2, NULL, NULL, '$2a$10$N2Kxu/./bS9UKsuznflgE.QMyWdPhE9OgtjGmQCYaMyt/Sgd9MqTK', 1, NULL, NULL, NULL, NULL, NULL, NULL, NULL, NULL, NULL, NULL, NULL, NULL, NULL, 0, 0, NULL, NULL, 0, 1, NULL, '2024-10-28 06:09:11', '2024-10-28 06:09:32', NULL),
(122, '12', '12', '12', NULL, 'shyam12@yopmail.com', 2, NULL, NULL, '$2a$10$xFqcnVa.2./eZx34jSYxNORLJUNc7yKnkfOZXjoH1Z1edBFzxE26.', 1, NULL, NULL, NULL, NULL, NULL, NULL, NULL, NULL, NULL, NULL, NULL, NULL, NULL, 0, 0, NULL, NULL, 0, 1, NULL, '2024-10-28 06:14:33', '2024-10-28 06:15:07', NULL),
(123, NULL, NULL, NULL, NULL, 'shyam13@yopmail.com', 2, '26909', '2024-10-28 06:26:18', '$2a$10$V29LIT1dm5MITINyoDjYSOZB2TK1MvMzyPS71U34iuU/BN8S1ueIu', 0, NULL, NULL, NULL, NULL, NULL, NULL, NULL, NULL, NULL, NULL, NULL, NULL, NULL, 0, 0, NULL, NULL, 0, 1, NULL, '2024-10-28 06:16:18', '2024-10-28 06:16:18', NULL),
(124, NULL, NULL, NULL, NULL, 'shyam14@yopmail.com', 2, NULL, NULL, '$2a$10$2jwNexy9ocAXCMkiCV9fluxiZcXhRtoC6KZCeV2uB80WCl/27SxTq', 1, NULL, NULL, NULL, NULL, NULL, NULL, NULL, NULL, NULL, NULL, NULL, NULL, NULL, 0, 0, NULL, NULL, 0, 1, NULL, '2024-10-28 06:16:30', '2024-10-28 06:16:46', NULL),
(125, NULL, NULL, NULL, NULL, 'shyam18@yopmail.com', 2, NULL, NULL, '$2a$10$BSnQDGQ8CXuARpI6ijaKWuY0a9lqh5j54CwqYjcjvOgJ37zlis3DK', 1, NULL, NULL, NULL, NULL, NULL, NULL, NULL, NULL, NULL, NULL, NULL, NULL, NULL, 0, 0, NULL, NULL, 0, 1, NULL, '2024-10-28 06:20:19', '2024-10-28 06:20:38', NULL),
(126, NULL, NULL, NULL, NULL, 'shyam20@yopmail.com', 2, NULL, NULL, '$2a$10$3P7pTyt7xmerMkt46OsvZeDKEAPpDYsGPTg32nkbf8Po2M7dubMfu', 1, NULL, NULL, NULL, NULL, NULL, NULL, NULL, NULL, NULL, NULL, NULL, NULL, NULL, 0, 0, NULL, NULL, 0, 1, NULL, '2024-10-28 06:23:13', '2024-10-28 06:23:33', NULL),
(127, 'hi', 'hi', 'ho', NULL, 'shyam21@yopmail.com', 2, NULL, NULL, '$2a$10$52oCZ1P79HuAWgi8IOvlCO9sAy1r6QfV3j8641tMQYcBt8uFI2Ile', 1, NULL, NULL, NULL, NULL, NULL, NULL, NULL, NULL, NULL, NULL, NULL, NULL, NULL, 0, 0, NULL, NULL, 0, 1, NULL, '2024-10-28 06:29:45', '2024-10-28 06:30:37', NULL),
(128, NULL, NULL, NULL, NULL, 'shyam22@yopmail.com', 2, NULL, NULL, '$2a$10$ACk8fvAeSbBnFcCZQ7wUy.LuaCziuib1fn8Su2QjbrI/EzB6xsz6K', 1, NULL, NULL, NULL, NULL, NULL, NULL, NULL, NULL, NULL, NULL, NULL, NULL, NULL, 0, 0, NULL, NULL, 0, 1, NULL, '2024-10-28 06:38:47', '2024-10-28 06:39:08', NULL),
(129, NULL, NULL, NULL, NULL, 'shyam23@yopmail.com', 2, NULL, NULL, '$2a$10$kCUnGnEh/PuQi7tp0vlSVuiX5yQq.W5bpObxpb9yMJ/4ploq6JIqy', 1, NULL, NULL, NULL, NULL, NULL, NULL, NULL, NULL, NULL, NULL, NULL, NULL, NULL, 0, 0, NULL, NULL, 0, 1, NULL, '2024-10-28 06:40:28', '2024-10-28 06:40:53', NULL),
(130, 'hi', 'hi', 'hi', NULL, 'shyam24@yopmail.com', 2, NULL, NULL, '$2a$10$J1CrdUFtz.3K5w9emATGdOcErsHUh4XMeqiBjaZymF6isPrMxNhy.', 1, NULL, NULL, NULL, NULL, NULL, NULL, NULL, NULL, NULL, NULL, NULL, NULL, NULL, 0, 0, NULL, NULL, 0, 1, NULL, '2024-10-28 06:47:15', '2024-10-28 06:48:13', NULL),
(131, 'hi', 'hi', 'hi', NULL, 'shyam25@yopmail.com', 2, NULL, NULL, '$2a$10$CHFQiv5d0YhRN.z8OQaQqepqZCXifhBX.oKNGtCCcRZ2vBhijy0aC', 1, NULL, NULL, NULL, NULL, NULL, NULL, NULL, NULL, NULL, NULL, NULL, NULL, NULL, 0, 0, NULL, NULL, 0, 1, NULL, '2024-10-28 06:48:53', '2024-10-28 06:49:27', NULL),
(132, NULL, NULL, NULL, NULL, 'hey@yopmail.com', 2, NULL, NULL, '$2a$10$F2PZxhaNXwvaEgP2qCjye.YKaPsqDzGAQ6dAoPLpOvL0O33xu8z5K', 1, NULL, NULL, NULL, NULL, NULL, NULL, NULL, NULL, NULL, NULL, NULL, NULL, NULL, 0, 0, NULL, NULL, 0, 1, NULL, '2024-10-28 06:53:58', '2024-10-28 06:54:18', NULL),
(133, NULL, NULL, NULL, NULL, 'hey1@yopmail.com', 2, NULL, NULL, '$2a$10$WsYPUNBveYBrELvtjMYyY.ze2GL8dhlbZD5UQ4PXwXsWolXm1640y', 1, NULL, NULL, NULL, NULL, NULL, NULL, NULL, NULL, NULL, NULL, NULL, NULL, NULL, 0, 0, NULL, NULL, 0, 1, NULL, '2024-10-28 06:57:38', '2024-10-28 06:58:00', NULL),
(134, NULL, NULL, NULL, NULL, 'hey3@yopmail.com', 2, NULL, NULL, '$2a$10$.8SmgY20kblLYskIf5Rhv.0Gok62Dkcnu4W3q5C69bTrgw3pX9nPe', 1, NULL, NULL, NULL, NULL, NULL, NULL, NULL, NULL, NULL, NULL, NULL, NULL, NULL, 0, 0, NULL, NULL, 0, 1, NULL, '2024-10-28 07:04:51', '2024-10-28 07:05:18', NULL),
(135, NULL, NULL, NULL, NULL, 'hey4@yopmail.com', 2, NULL, NULL, '$2a$10$gqbucHmm.s9v9PsyNbwqA.e01g3ZlzzE59BJEwNzYIttjo9MGTaEK', 1, NULL, NULL, NULL, NULL, NULL, NULL, NULL, NULL, NULL, NULL, NULL, NULL, NULL, 0, 0, NULL, NULL, 0, 1, NULL, '2024-10-28 07:07:18', '2024-10-28 07:07:39', NULL),
(136, 'hi', 'hi', 'hi', NULL, 'hey5@yopmail.com', 2, NULL, NULL, '$2a$10$kUAGkMYmqo82v74LhpUccObMXUVdOBOhUX8edfYzU40w2NOxZjlGa', 1, NULL, 1, '1', 1900, 'Male', NULL, 'Single', NULL, NULL, NULL, NULL, NULL, NULL, 0, 0, NULL, NULL, 0, 1, NULL, '2024-10-28 07:13:35', '2024-10-28 07:15:27', NULL),
(137, NULL, NULL, NULL, NULL, 'hey6@yopmail.com', 2, '69906', '2024-10-28 07:37:43', '$2a$10$IBMq8/DASuUyteU/OP9P0ewFr3kAA3loD4o9QatLLZyDtZuKd0UCa', 0, NULL, NULL, NULL, NULL, NULL, NULL, NULL, NULL, NULL, NULL, NULL, NULL, NULL, 0, 0, NULL, NULL, 0, 1, NULL, '2024-10-28 07:27:43', '2024-10-28 07:27:43', NULL),
(138, NULL, NULL, NULL, NULL, 'hey7@yopmail.com', 2, '52045', '2024-10-28 07:39:49', '$2a$10$uXPD4bdrq3yuClfaZpM3T.PWy62n52Pp5PZGvZyu0.n3GUspTSKNy', 0, NULL, NULL, NULL, NULL, NULL, NULL, NULL, NULL, NULL, NULL, NULL, NULL, NULL, 0, 0, NULL, NULL, 0, 1, NULL, '2024-10-28 07:29:49', '2024-10-28 07:29:49', NULL),
(139, NULL, NULL, NULL, NULL, 'hey10@yopmail.com', 2, NULL, NULL, '$2a$10$RGXL.M6lbhhaiaR53vJRH.84sMuce.gsLxpQqaNB9UGCDYzJFXZ5G', 1, NULL, NULL, NULL, NULL, NULL, NULL, NULL, NULL, NULL, NULL, NULL, NULL, NULL, 0, 0, NULL, NULL, 0, 1, NULL, '2024-10-28 07:30:18', '2024-10-28 07:30:37', NULL),
(140, NULL, NULL, NULL, NULL, 'hey11@yopmail.com', 2, '90184', '2024-10-28 07:42:40', '$2a$10$Zp8JLd267shBm1Ce/6y8zew210UnHZtXd3DkVfxIGH/R154/bri3e', 0, NULL, NULL, NULL, NULL, NULL, NULL, NULL, NULL, NULL, NULL, NULL, NULL, NULL, 0, 0, NULL, NULL, 0, 1, NULL, '2024-10-28 07:32:40', '2024-10-28 07:32:40', NULL),
(141, NULL, NULL, NULL, NULL, 'hey12@yopmail.com', 2, NULL, NULL, '$2a$10$X35bSNYyt1jyKfCj9t4Lze3/7zW0q13Qxu4rQiChsQ5Q2e35mk9J6', 1, NULL, NULL, NULL, NULL, NULL, NULL, NULL, NULL, NULL, NULL, NULL, NULL, NULL, 0, 0, NULL, NULL, 0, 1, NULL, '2024-10-28 07:33:19', '2024-10-28 07:33:40', NULL),
(142, NULL, NULL, NULL, NULL, 'vinod@yopmail.com', 2, '72355', '2024-10-28 08:24:04', '$2a$10$/ioUcqpuS4IYcFFc1hiZ6OCMqJ3lfXGgECY/bLdkg/wykvRQ8kBmW', 0, NULL, NULL, NULL, NULL, NULL, NULL, NULL, NULL, NULL, NULL, NULL, NULL, NULL, 0, 0, NULL, NULL, 0, 1, NULL, '2024-10-28 08:14:04', '2024-10-28 08:14:04', NULL),
(143, NULL, NULL, NULL, NULL, 'vinod1@yopmail.com', 2, NULL, NULL, '$2a$10$xm8cokdLgKdfJzoBJWMaQuQAeXooMykpOBvRjWvITGAhi7sYWtvw6', 1, NULL, NULL, NULL, NULL, NULL, NULL, NULL, NULL, NULL, NULL, NULL, NULL, NULL, 0, 0, NULL, NULL, 0, 1, NULL, '2024-10-28 08:14:53', '2024-10-28 08:15:22', NULL),
(144, NULL, NULL, NULL, NULL, 'vinod2@yopmail.com', 2, '46806', '2024-10-28 08:31:34', '$2a$10$kgXiFX.MRehDDSJkDwOrBOY3.8ZEp.X/JorRHPwz/0GceKRvGyVLW', 0, NULL, NULL, NULL, NULL, NULL, NULL, NULL, NULL, NULL, NULL, NULL, NULL, NULL, 0, 0, NULL, NULL, 0, 1, NULL, '2024-10-28 08:21:34', '2024-10-28 08:21:34', NULL),
(145, NULL, NULL, NULL, NULL, 'vinod3@yopmail.com', 2, '31638', '2024-10-28 08:34:42', '$2a$10$l0HtzouduAM6NFZMor9CK.T9b6EoPpUqh4d7gYM4bw3YWqeMv.Aeq', 0, NULL, NULL, NULL, NULL, NULL, NULL, NULL, NULL, NULL, NULL, NULL, NULL, NULL, 0, 0, NULL, NULL, 0, 1, NULL, '2024-10-28 08:24:42', '2024-10-28 08:24:42', NULL),
(146, NULL, NULL, NULL, NULL, 'vinod4@yopmail.com', 2, '87639', '2024-10-28 08:38:04', '$2a$10$snKrlnb7GUONB1.ihzgxjukaI9D0dnfAwgUwMtHE2v7It2ouoC3cO', 0, NULL, NULL, NULL, NULL, NULL, NULL, NULL, NULL, NULL, NULL, NULL, NULL, NULL, 0, 0, NULL, NULL, 0, 1, NULL, '2024-10-28 08:28:04', '2024-10-28 08:28:04', NULL),
(147, 'newuser', 'newuser', 'newuser', NULL, 'Newuser@yopmail.com', 2, NULL, NULL, '$2a$10$JDKogYu6xKrP4bQLtiKrCOWpsywNxtZdMjcqWIzwHYO6SW3hoJs0W', 1, NULL, 1, '1', 1900, 'Male', NULL, 'Single', NULL, NULL, NULL, NULL, NULL, NULL, 0, 0, NULL, NULL, 0, 1, NULL, '2024-10-28 09:53:26', '2024-10-28 09:54:29', NULL),
(149, NULL, NULL, NULL, NULL, 'thk@yopmail.com', 2, '35592', '2024-10-28 12:19:52', '$2a$10$K5Nous58atC6h.vxMPb4B.L7U0w9ZPDBbMaVbgILN8aQcKcLSf.86', 0, NULL, NULL, NULL, NULL, NULL, NULL, NULL, NULL, NULL, NULL, NULL, NULL, NULL, 0, 0, NULL, NULL, 0, 1, NULL, '2024-10-28 12:09:52', '2024-10-28 12:09:52', NULL),
(150, NULL, NULL, NULL, NULL, 'dhdbh@yopmail.com', 2, '71274', '2024-10-28 12:57:33', '$2a$10$a41FbleU97mYCjSsX.5OBOBT4kCWpQPbU5A0gJvk7nTwNCDWVYhtq', 0, NULL, NULL, NULL, NULL, NULL, NULL, NULL, NULL, NULL, NULL, NULL, NULL, NULL, 0, 0, NULL, NULL, 0, 1, NULL, '2024-10-28 12:47:33', '2024-10-28 12:47:33', NULL),
(151, NULL, NULL, NULL, NULL, 'hel@yopmail.com', 2, '44515', '2024-10-28 13:06:07', '$2a$10$/8sM6VppdDkDBC.HsLLEGecpew/A7nhwUhaW01IGtxxnSCGr9LkgK', 0, NULL, NULL, NULL, NULL, NULL, NULL, NULL, NULL, NULL, NULL, NULL, NULL, NULL, 0, 0, NULL, NULL, 0, 1, NULL, '2024-10-28 12:56:07', '2024-10-28 12:56:07', NULL),
(152, NULL, NULL, NULL, NULL, 'Test222@yopmail.com', 2, '27944', '2024-10-28 13:13:22', '$2a$10$jpYfYAhq7oRUf..nrANPXecCn8F01Npf/rXDN7/qe4td.8PCR6uMC', 0, NULL, NULL, NULL, NULL, NULL, NULL, NULL, NULL, NULL, NULL, NULL, NULL, NULL, 0, 0, NULL, NULL, 0, 1, NULL, '2024-10-28 13:03:22', '2024-10-28 13:03:22', NULL),
(153, NULL, NULL, NULL, NULL, 'Tes22@yopmail.com', 2, '14639', '2024-10-28 13:16:39', '$2a$10$gWMUj7UOozZuvMQ2t67Y0.Ru1U6eh6VzC5RiZzqPosOXxPVieAcvC', 0, NULL, NULL, NULL, NULL, NULL, NULL, NULL, NULL, NULL, NULL, NULL, NULL, NULL, 0, 0, NULL, NULL, 0, 1, NULL, '2024-10-28 13:06:39', '2024-10-28 13:06:39', NULL),
(154, NULL, NULL, NULL, NULL, 'Test111111@gmail.com', 2, '20197', '2024-10-28 13:39:23', '$2a$10$y6EGlN8PJmY0HgoxRPMVP.XOKoUFcLJ6DfmBZzkF0oUNgeZphL656', 0, NULL, NULL, NULL, NULL, NULL, NULL, NULL, NULL, NULL, NULL, NULL, NULL, NULL, 0, 0, NULL, NULL, 0, 1, NULL, '2024-10-28 13:29:23', '2024-10-28 13:29:23', NULL),
(155, NULL, NULL, NULL, NULL, 'Test611@yopmail.com', 2, '75798', '2024-10-28 13:50:36', '$2a$10$jWcfELN0AP69TliocQ6IROTEwWYrMBvMGLlZgu8Vl2/KEbsX7svf2', 0, NULL, NULL, NULL, NULL, NULL, NULL, NULL, NULL, NULL, NULL, NULL, NULL, NULL, 0, 0, NULL, NULL, 0, 1, NULL, '2024-10-28 13:40:36', '2024-10-28 13:40:36', NULL),
(156, NULL, NULL, NULL, NULL, 'heyy@yopmail.com', 2, '73693', '2024-10-28 14:21:13', '$2a$10$b/sgtSkpuX8fwcMiK17Wmu7ZyUmHA.tT6dT9scLeMDYhswJmtXujq', 0, NULL, NULL, NULL, NULL, NULL, NULL, NULL, NULL, NULL, NULL, NULL, NULL, NULL, 0, 0, NULL, NULL, 0, 1, NULL, '2024-10-28 14:11:13', '2024-10-28 14:11:13', NULL),
(157, NULL, NULL, NULL, NULL, 'heyyy@yopmail.com', 2, '42273', '2024-10-28 14:23:06', '$2a$10$EzRX88hJiJr6o6e.dzA9eOt4GsZEJ12l.WdOvXNpeUPmZZT.PXCJO', 0, NULL, NULL, NULL, NULL, NULL, NULL, NULL, NULL, NULL, NULL, NULL, NULL, NULL, 0, 0, NULL, NULL, 0, 1, NULL, '2024-10-28 14:13:06', '2024-10-28 14:13:06', NULL),
(158, NULL, NULL, NULL, NULL, 'heyyyy@yopmail.com', 2, '13729', '2024-10-28 14:31:47', '$2a$10$mPJfzMI0UUJPJ8mfOnWlBeUcPF7gKxMkdskIRC.hPWINmZjqjbKpq', 0, NULL, NULL, NULL, NULL, NULL, NULL, NULL, NULL, NULL, NULL, NULL, NULL, NULL, 0, 0, NULL, NULL, 0, 1, NULL, '2024-10-28 14:21:47', '2024-10-28 14:21:47', NULL),
(159, NULL, NULL, NULL, NULL, 'h@yopmail.com', 2, '92154', '2024-10-28 14:32:26', '$2a$10$35QPRtsTq3RbkXSVw20x3uEUZech2WrOAafJvIBDbP2CG4bU5gwzG', 0, NULL, NULL, NULL, NULL, NULL, NULL, NULL, NULL, NULL, NULL, NULL, NULL, NULL, 0, 0, NULL, NULL, 0, 1, NULL, '2024-10-28 14:22:26', '2024-10-28 14:22:26', NULL),
(160, NULL, NULL, NULL, NULL, 'hellol@yopmail.com', 2, '24569', '2024-10-28 14:33:12', '$2a$10$YaFKY3AZDTl8aZ/OyGGYPOgnMpbu/qUz9dE062GExSjmbZaCo.h8K', 0, NULL, NULL, NULL, NULL, NULL, NULL, NULL, NULL, NULL, NULL, NULL, NULL, NULL, 0, 0, NULL, NULL, 0, 1, NULL, '2024-10-28 14:23:12', '2024-10-28 14:23:12', NULL),
(161, NULL, NULL, NULL, NULL, 'jr@yopmail.com', 2, '86317', '2024-10-28 14:52:52', '$2a$10$1SvVwqhaTsCFZwL7hvTRWOPaDM6KjpMj9y5fyon6SSgm.vhnyty7e', 0, NULL, NULL, NULL, NULL, NULL, NULL, NULL, NULL, NULL, NULL, NULL, NULL, NULL, 0, 0, NULL, NULL, 0, 1, NULL, '2024-10-28 14:42:52', '2024-10-28 14:42:52', NULL),
(162, NULL, NULL, NULL, NULL, 'd@yopmail.com', 2, '29455', '2024-10-28 14:56:15', '$2a$10$1tLTv8J21xw.GWJXgWAn3.1eTqzS0T4EOedgvFNi4ZgxnIC5rxkSO', 0, NULL, NULL, NULL, NULL, NULL, NULL, NULL, NULL, NULL, NULL, NULL, NULL, NULL, 0, 0, NULL, NULL, 0, 1, NULL, '2024-10-28 14:46:15', '2024-10-28 14:46:15', NULL);
INSERT INTO `users` (`id`, `legal_first_name`, `legal_last_name`, `nickname`, `username`, `email`, `role`, `email_otp`, `email_otp_expiration`, `password`, `is_email_verified`, `pasword_reset_token`, `birth_day`, `birth_month`, `birth_year`, `gender`, `face_token`, `relationship_status`, `sexual_identity`, `fav_food`, `about_me`, `fav_place`, `astrology`, `check_in_location`, `shared_to_everyone`, `is_verified`, `blocked_ids`, `reported_ids`, `is_subscription`, `theliveapp_status`, `zodiac_sign_id`, `created_at`, `updated_at`, `deleted_at`) VALUES
(163, NULL, NULL, NULL, NULL, 'j@yopmail.com', 2, '96835', '2024-10-28 14:58:01', '$2a$10$Nu4miKCDKSCacTeLEsrhxuwZ5nTU.SKIn4mY6zvheg0PnHemQoJZ2', 0, NULL, NULL, NULL, NULL, NULL, NULL, NULL, NULL, NULL, NULL, NULL, NULL, NULL, 0, 0, NULL, NULL, 0, 1, NULL, '2024-10-28 14:48:01', '2024-10-28 14:48:01', NULL),
(164, NULL, NULL, NULL, NULL, 'hu@yopmail.com', 2, '62179', '2024-10-29 04:17:41', '$2a$10$k3BhywrFu4cRCBaRveE2H.rQePSBrjGRxIKaZ0nws4MuP4axE5EB.', 0, NULL, NULL, NULL, NULL, NULL, NULL, NULL, NULL, NULL, NULL, NULL, NULL, NULL, 0, 0, NULL, NULL, 0, 1, NULL, '2024-10-29 04:07:41', '2024-10-29 04:07:41', NULL),
(165, NULL, NULL, NULL, NULL, 'y@yopmail.com', 2, '65050', '2024-10-29 04:28:31', '$2a$10$60H1fsg852SXHXm3mH8BF.lxvBqC/IkZH4ILaMTS0DHfg.MnXOXDq', 0, NULL, NULL, NULL, NULL, NULL, NULL, NULL, NULL, NULL, NULL, NULL, NULL, NULL, 0, 0, NULL, NULL, 0, 1, NULL, '2024-10-29 04:18:31', '2024-10-29 04:18:31', NULL),
(166, NULL, NULL, NULL, NULL, 'haj@yopmail.com', 2, '27021', '2024-10-29 04:30:35', '$2a$10$cElOMqAMoLuAwrsgF9O2rumP85YnPkHDWeoAy44iHh8B7qDI6h4Gm', 0, NULL, NULL, NULL, NULL, NULL, NULL, NULL, NULL, NULL, NULL, NULL, NULL, NULL, 0, 0, NULL, NULL, 0, 1, NULL, '2024-10-29 04:20:35', '2024-10-29 04:20:35', NULL),
(167, NULL, NULL, NULL, NULL, 'devtest12@yopmail.com', 2, '71250', '2024-10-29 04:38:35', '$2a$10$tgaxicb3NV5h0lIBVPMPP..JxlMk0OV4hERAzqc3upTJs7HTzJb92', 0, NULL, NULL, NULL, NULL, NULL, NULL, NULL, NULL, NULL, NULL, NULL, NULL, NULL, 0, 0, NULL, NULL, 0, 1, NULL, '2024-10-29 04:28:35', '2024-10-29 04:28:35', NULL),
(168, NULL, NULL, NULL, NULL, 'shree@yopmail.com', 2, '27248', '2024-10-29 04:55:20', '$2a$10$Vi5gAG.yqrM4ILC9H7Xj3OWFQhopr12.j7y9xRDqaXvfuAjP1MaQ6', 0, NULL, NULL, NULL, NULL, NULL, NULL, NULL, NULL, NULL, NULL, NULL, NULL, NULL, 0, 0, NULL, NULL, 0, 1, NULL, '2024-10-29 04:45:20', '2024-10-29 04:45:20', NULL),
(169, NULL, NULL, NULL, NULL, 'hy@yopmail.com', 2, '48348', '2024-10-29 04:57:04', '$2a$10$nzM/lvxd3LG.bTsllGaEneeP6Lu7H5U18HgbCWLHAZc74l9LgA0du', 0, NULL, NULL, NULL, NULL, NULL, NULL, NULL, NULL, NULL, NULL, NULL, NULL, NULL, 0, 0, NULL, NULL, 0, 1, NULL, '2024-10-29 04:47:04', '2024-10-29 04:47:04', NULL),
(170, NULL, NULL, NULL, NULL, 'hope@yopmail.com', 2, '43118', '2024-10-29 05:01:32', '$2a$10$HWrY6TXJBvZKAX7ierEnLuvT0uN5kddKW9OLEFb9AN1NicSGqU2Gy', 0, NULL, NULL, NULL, NULL, NULL, NULL, NULL, NULL, NULL, NULL, NULL, NULL, NULL, 0, 0, NULL, NULL, 0, 1, NULL, '2024-10-29 04:51:32', '2024-10-29 04:51:32', NULL),
(171, NULL, NULL, NULL, NULL, 'jell@yopmail.com', 2, '74038', '2024-10-29 05:13:16', '$2a$10$Dpanc61aNyA9mFuxdHv0b.//yVb0hfBf9w0/ImWpRgDTksyvLrQmu', 0, NULL, NULL, NULL, NULL, NULL, NULL, NULL, NULL, NULL, NULL, NULL, NULL, NULL, 0, 0, NULL, NULL, 0, 1, NULL, '2024-10-29 05:03:16', '2024-10-29 05:03:16', NULL),
(172, NULL, NULL, NULL, NULL, 'hii@yopmail.com', 2, '23167', '2024-10-29 05:16:52', '$2a$10$SLC/ZbFdIPb5PF36UAE3tuHPEqab/MG56.p6rHx5PWxYI/rQsU3Om', 0, NULL, NULL, NULL, NULL, NULL, NULL, NULL, NULL, NULL, NULL, NULL, NULL, NULL, 0, 0, NULL, NULL, 0, 1, NULL, '2024-10-29 05:06:52', '2024-10-29 05:06:52', NULL),
(173, NULL, NULL, NULL, NULL, 'help@yopmail.com', 2, '98845', '2024-10-29 05:19:21', '$2a$10$eGaoTO958sdbJ4ivE8CGCOk.xua2zld9DBZjknc11WRzijzIr7kFa', 0, NULL, NULL, NULL, NULL, NULL, NULL, NULL, NULL, NULL, NULL, NULL, NULL, NULL, 0, 0, NULL, NULL, 0, 1, NULL, '2024-10-29 05:09:21', '2024-10-29 05:09:21', NULL),
(174, 'Testt', 'Testt', 'Testt', NULL, 'Testt@yopmail.com', 2, NULL, NULL, '$2a$10$kDLA4uZHSyyaN7dRsW.LauOeW27xdjs0SP6NrahxrDukINC6VReim', 1, NULL, 1, '2', 1900, 'Male', NULL, 'Single', NULL, NULL, NULL, NULL, NULL, NULL, 0, 0, NULL, NULL, 0, 1, NULL, '2024-10-29 05:51:59', '2024-10-29 05:53:22', NULL),
(175, NULL, NULL, NULL, NULL, 'layman@yopmail.com', 2, NULL, NULL, '$2a$10$xfqcjYIjO4lJ7eKWcsef0ug/m8K.gam/uvzUmGRguWUrHTVtNMV2e', 1, NULL, NULL, NULL, NULL, NULL, NULL, NULL, NULL, NULL, NULL, NULL, NULL, NULL, 0, 0, NULL, NULL, 0, 1, NULL, '2024-10-29 07:13:55', '2024-10-29 07:16:36', NULL),
(176, NULL, NULL, NULL, NULL, 'layman2@yopmail.com', 2, '53689', '2024-10-29 07:31:33', '$2a$10$Dt4bm/9v3XRVmQKzIrDJF.0rPskmBBCH/g8f9O/Av9ZAJ9ryOVPQG', 0, NULL, NULL, NULL, NULL, NULL, NULL, NULL, NULL, NULL, NULL, NULL, NULL, NULL, 0, 0, NULL, NULL, 0, 1, NULL, '2024-10-29 07:21:33', '2024-10-29 07:21:33', NULL),
(177, NULL, NULL, NULL, NULL, 'layman3@yopmail.com', 2, '74211', '2024-10-29 07:32:22', '$2a$10$FHlczCOp6oqyaLWbdVe4S.nsKTLIjizzRVNLdfKPBFxa6XHwSDIti', 0, NULL, NULL, NULL, NULL, NULL, NULL, NULL, NULL, NULL, NULL, NULL, NULL, NULL, 0, 0, NULL, NULL, 0, 1, NULL, '2024-10-29 07:22:22', '2024-10-29 07:22:22', NULL),
(178, NULL, NULL, NULL, NULL, 'layman4@yopmail.com', 2, '45107', '2024-10-29 07:33:27', '$2a$10$moI9O5r5m5HNGTexbukImeX1CSyuDjTEyXcl617eAkD.s0LWcDMbS', 0, NULL, NULL, NULL, NULL, NULL, NULL, NULL, NULL, NULL, NULL, NULL, NULL, NULL, 0, 0, NULL, NULL, 0, 1, NULL, '2024-10-29 07:23:27', '2024-10-29 07:23:27', NULL),
(179, NULL, NULL, NULL, NULL, 'layman5@yopmail.com', 2, '70417', '2024-10-29 07:37:37', '$2a$10$.cXzTpetH3Z4P0wnNB.Or.9P1S3NoAv0iIEW5K9nFHXE5BQG9yFbi', 0, NULL, NULL, NULL, NULL, NULL, NULL, NULL, NULL, NULL, NULL, NULL, NULL, NULL, 0, 0, NULL, NULL, 0, 1, NULL, '2024-10-29 07:27:37', '2024-10-29 07:27:37', NULL),
(180, NULL, NULL, NULL, NULL, 'hay@yopmail.com', 2, '61391', '2024-10-29 09:47:05', '$2a$10$PQEbfyVIFOEDqTgCN2B7oONS1gvyY3rr.17BME31Fq6fmARgbgOrK', 0, NULL, NULL, NULL, NULL, NULL, NULL, NULL, NULL, NULL, NULL, NULL, NULL, NULL, 0, 0, NULL, NULL, 0, 1, NULL, '2024-10-29 09:37:05', '2024-10-29 09:37:05', NULL),
(181, NULL, NULL, NULL, NULL, 'hay1@yopmail.com', 2, '88914', '2024-10-29 09:49:00', '$2a$10$kDQxnSib3/hw6OS6mXh6Juh.MNvR/7zaEiWJAv1eG3qvUWfuA.Qlu', 0, NULL, NULL, NULL, NULL, NULL, NULL, NULL, NULL, NULL, NULL, NULL, NULL, NULL, 0, 0, NULL, NULL, 0, 1, NULL, '2024-10-29 09:39:00', '2024-10-29 09:39:00', NULL),
(182, NULL, NULL, NULL, NULL, 'Hay12@yopmail.com', 2, '22147', '2024-10-29 09:49:51', '$2a$10$ujxYV.bOqp8367398AwXRuP9UP/Tz9mOGwurngaUOAI5ERqxWE5p.', 0, NULL, NULL, NULL, NULL, NULL, NULL, NULL, NULL, NULL, NULL, NULL, NULL, NULL, 0, 0, NULL, NULL, 0, 1, NULL, '2024-10-29 09:39:51', '2024-10-29 09:39:51', NULL),
(183, NULL, NULL, NULL, NULL, 'vibhusharma@yopmail.com', 2, '24210', '2024-10-29 10:07:46', '$2a$10$E7pNvtgTd.g.OtOguPh3TOnHtLgDaowHtFFaghJQ9wjD5vn4z0aS6', 0, NULL, NULL, NULL, NULL, NULL, NULL, NULL, NULL, NULL, NULL, NULL, NULL, NULL, 0, 0, NULL, NULL, 0, 1, NULL, '2024-10-29 09:57:46', '2024-10-29 09:57:46', NULL),
(184, NULL, NULL, NULL, NULL, 'vibhusharma1@yopmail.com', 2, '34049', '2024-10-29 10:09:10', '$2a$10$TmI9WJqpo9KXiaMmg3pNuOWCVh9d.JgRIl4/2GbW/rhLCdE644jYC', 0, NULL, NULL, NULL, NULL, NULL, NULL, NULL, NULL, NULL, NULL, NULL, NULL, NULL, 0, 0, NULL, NULL, 0, 1, NULL, '2024-10-29 09:59:10', '2024-10-29 09:59:10', NULL),
(185, NULL, NULL, NULL, NULL, 'vibhusharma12@yopmail.com', 2, '79181', '2024-10-29 10:11:41', '$2a$10$8uQqQBHBrdXNbDMioLP3y.LuqEolVSdmlw6fRiEw6Z4CILo3CU72.', 0, NULL, NULL, NULL, NULL, NULL, NULL, NULL, NULL, NULL, NULL, NULL, NULL, NULL, 0, 0, NULL, NULL, 0, 1, NULL, '2024-10-29 10:01:41', '2024-10-29 10:01:41', NULL),
(186, NULL, NULL, NULL, NULL, 'vibhusharma13@yopmail.com', 2, NULL, NULL, '$2a$10$A5d3c9E1FRaF9zupMj5NoOr3RGRlMCMgxigGdtuwhPmf9KRrD0Fxe', 1, NULL, NULL, NULL, NULL, NULL, NULL, NULL, NULL, NULL, NULL, NULL, NULL, NULL, 0, 0, NULL, NULL, 0, 1, NULL, '2024-10-29 10:02:31', '2024-10-29 10:03:14', NULL),
(187, NULL, NULL, NULL, NULL, 'vibhu14@yopmail.com', 2, '37741', '2024-10-29 10:31:01', '$2a$10$cZLyD4xWP.BdOCGd9QxwpuwtobPeN/ZyYu0lJpxIWDFMM6Lbs43VS', 0, NULL, NULL, NULL, NULL, NULL, NULL, NULL, NULL, NULL, NULL, NULL, NULL, NULL, 0, 0, NULL, NULL, 0, 1, NULL, '2024-10-29 10:21:01', '2024-10-29 10:21:01', NULL),
(188, NULL, NULL, NULL, NULL, 'vibhu145@yopmail.com', 2, '42583', '2024-10-29 10:32:05', '$2a$10$0JOJSB3LXAeAXv1RlgMNlODxiFHuphFvSkl.X0lY0ogdmsUvSHrF2', 0, NULL, NULL, NULL, NULL, NULL, NULL, NULL, NULL, NULL, NULL, NULL, NULL, NULL, 0, 0, NULL, NULL, 0, 1, NULL, '2024-10-29 10:22:05', '2024-10-29 10:22:05', NULL),
(189, NULL, NULL, NULL, NULL, 'vibhu21@yopmail.com', 2, '41781', '2024-10-29 10:33:40', '$2a$10$u0yOow7OBr151zJxS1ifn.GmeNPXVtxSmkdn.rQbdI1YtmCN3oRl2', 0, NULL, NULL, NULL, NULL, NULL, NULL, NULL, NULL, NULL, NULL, NULL, NULL, NULL, 0, 0, NULL, NULL, 0, 1, NULL, '2024-10-29 10:23:40', '2024-10-29 10:23:40', NULL),
(190, NULL, NULL, NULL, NULL, 'vi@yopmail.com', 2, '90196', '2024-10-29 10:35:15', '$2a$10$NmmVdYjd1QiLsVEa.SnUEOkxKzWQSKkzhJJef0L5Bl2Q0K5fxUKRm', 0, NULL, NULL, NULL, NULL, NULL, NULL, NULL, NULL, NULL, NULL, NULL, NULL, NULL, 0, 0, NULL, NULL, 0, 1, NULL, '2024-10-29 10:25:15', '2024-10-29 10:25:15', NULL),
(191, NULL, NULL, NULL, NULL, 'vii@yopmail.com', 2, '88279', '2024-10-29 10:44:11', '$2a$10$Ruuec3sVAmcYsYS/Jr3XSO5LzZ2PAy9NiGgdQqUtToJ85TFY/Ngyi', 0, NULL, NULL, NULL, NULL, NULL, NULL, NULL, NULL, NULL, NULL, NULL, NULL, NULL, 0, 0, NULL, NULL, 0, 1, NULL, '2024-10-29 10:34:11', '2024-10-29 10:34:11', NULL),
(192, NULL, NULL, NULL, NULL, 'yogi@yopmail.com', 2, '62719', '2024-10-29 11:02:08', '$2a$10$T7SVqeZJa9EymwWrXD4ZLuKJskzRCLYaulNCd0RVMtjCS7mZ5nWHK', 0, NULL, NULL, NULL, NULL, NULL, NULL, NULL, NULL, NULL, NULL, NULL, NULL, NULL, 0, 0, NULL, NULL, 0, 1, NULL, '2024-10-29 10:52:08', '2024-10-29 10:52:08', NULL),
(193, NULL, NULL, NULL, NULL, 'yogi1@yopmail.com', 2, '68818', '2024-10-29 11:05:12', '$2a$10$qHbwNlgcsJDl4A5d9SRZc.Rq0DbPEj3WEWuEyA989nkqMCMVXxWjy', 0, NULL, NULL, NULL, NULL, NULL, NULL, NULL, NULL, NULL, NULL, NULL, NULL, NULL, 0, 0, NULL, NULL, 0, 1, NULL, '2024-10-29 10:55:12', '2024-10-29 10:55:12', NULL),
(194, NULL, NULL, NULL, NULL, 'yogi3@yopmail.com', 2, '16159', '2024-10-29 11:07:35', '$2a$10$GyxmdbxXH9yWYDPdcU5fuOA6fpMWvMVdY/hZxjA1eElavf5Wi3XnG', 0, NULL, NULL, NULL, NULL, NULL, NULL, NULL, NULL, NULL, NULL, NULL, NULL, NULL, 0, 0, NULL, NULL, 0, 1, NULL, '2024-10-29 10:57:35', '2024-10-29 10:57:35', NULL),
(195, NULL, NULL, NULL, NULL, 'yog@yopmail.com', 2, '86536', '2024-10-29 11:21:53', '$2a$10$7eLO7YHKCAzwAkli53vqI.d.fvDM417gX6DIy4f6Prw40CD3jHimW', 0, NULL, NULL, NULL, NULL, NULL, NULL, NULL, NULL, NULL, NULL, NULL, NULL, NULL, 0, 0, NULL, NULL, 0, 1, NULL, '2024-10-29 11:11:53', '2024-10-29 11:11:53', NULL),
(196, NULL, NULL, NULL, NULL, 'yog2@yopmail.com', 2, '67785', '2024-10-29 11:33:28', '$2a$10$uI6dQpNMf1ijSYwHh9faKuZZcFrnWkie47VEWiKXoo5o8bcdGFEai', 0, NULL, NULL, NULL, NULL, NULL, NULL, NULL, NULL, NULL, NULL, NULL, NULL, NULL, 0, 0, NULL, NULL, 0, 1, NULL, '2024-10-29 11:23:28', '2024-10-29 11:23:28', NULL),
(197, NULL, NULL, NULL, NULL, 'yoga@yopmail.com', 2, NULL, NULL, '$2a$10$M95WLuqlBOIFnFVBKz8ih.886TuCqnaAIFpgZIucQtBJPqWi7mLji', 1, NULL, NULL, NULL, NULL, NULL, NULL, NULL, NULL, NULL, NULL, NULL, NULL, NULL, 0, 0, NULL, NULL, 0, 1, NULL, '2024-10-29 11:32:47', '2024-10-29 11:33:29', NULL),
(198, NULL, NULL, NULL, NULL, 'yogender@yopmail.com', 2, NULL, NULL, '$2a$10$e7bOX9S1gX.CZGaT.hnXpOu0uKVVSvcq0RhzkcDJWdwXhgikc/KNi', 1, NULL, NULL, NULL, NULL, NULL, NULL, NULL, NULL, NULL, NULL, NULL, NULL, NULL, 0, 0, NULL, NULL, 0, 1, NULL, '2024-11-04 09:55:59', '2024-11-04 09:57:14', NULL),
(199, NULL, NULL, NULL, NULL, 'yogender1@yopmail.com', 2, NULL, NULL, '$2a$10$NBPOLX87POLMKoeMRB9OqeT.SmhgHjXuKJ.0VBFP2vMEzMExg2HPq', 1, NULL, NULL, NULL, NULL, NULL, NULL, NULL, NULL, NULL, NULL, NULL, NULL, NULL, 0, 0, NULL, NULL, 0, 1, NULL, '2024-11-04 10:00:03', '2024-11-04 10:00:58', NULL),
(200, 'yogi2', 'yogi2', 'yogi2', NULL, 'yogi2@yopmail.com', 2, NULL, NULL, '$2a$10$xlL33VdY1Q7Ml.Kkqhfo/.dig59VSIQlj5W2o.WYzCWuUTjDeb.lG', 1, NULL, 1, '1', 1900, 'Male', NULL, 'Single', NULL, NULL, NULL, NULL, NULL, NULL, 0, 0, NULL, NULL, 0, 1, NULL, '2024-11-04 10:06:39', '2024-11-04 10:08:19', NULL),
(201, NULL, NULL, NULL, NULL, 'yogi4@yopmail.com', 2, '11779', '2024-11-04 16:01:09', '$2a$10$mX9KNJhU/knef.zi4UFSge5X040csDs0S3igkvlz1R.hzkNPv5iqO', 0, NULL, NULL, NULL, NULL, NULL, NULL, NULL, NULL, NULL, NULL, NULL, NULL, NULL, 0, 0, NULL, NULL, 0, 1, NULL, '2024-11-04 15:51:09', '2024-11-04 15:51:09', NULL),
(202, NULL, NULL, NULL, NULL, 'yogi5@yopmail.com', 2, '90260', '2024-11-04 16:02:50', '$2a$10$q0cdzfs1BSTbiY1LNE8ey.gSO8HR4rUAk0Sev.WM0yTqm5fyKqkvm', 0, NULL, NULL, NULL, NULL, NULL, NULL, NULL, NULL, NULL, NULL, NULL, NULL, NULL, 0, 0, NULL, NULL, 0, 1, NULL, '2024-11-04 15:52:50', '2024-11-04 15:52:50', NULL),
(203, NULL, NULL, NULL, NULL, 'raman123@yopmail.com', 2, '12870', '2024-11-06 07:26:47', '$2a$10$vHJOxLypUefmQUxra6M8YeuQNXsPMGhTIElCv8OAE5f9y55EbVUru', 0, NULL, NULL, NULL, NULL, NULL, NULL, NULL, NULL, NULL, NULL, NULL, NULL, NULL, 0, 0, NULL, NULL, 0, 1, NULL, '2024-11-06 07:16:47', '2024-11-06 07:16:47', NULL),
(204, NULL, NULL, NULL, NULL, 'raman12@yopmail.com', 2, NULL, NULL, '$2a$10$MF5P1oePijA0uGptgYT7n.2OfDYYcXvaZG.EfgLEe3jseybKK3L0W', 1, NULL, NULL, NULL, NULL, NULL, NULL, NULL, NULL, NULL, NULL, NULL, NULL, NULL, 0, 0, NULL, NULL, 0, 1, NULL, '2024-11-06 10:36:32', '2024-11-06 12:23:59', NULL),
(205, NULL, NULL, NULL, NULL, 'raman1@yopmail.com', 2, '17621', '2024-11-06 10:48:28', '$2a$10$JMN3wm27leaWe226m3fomOojSmYoRXBaWXWKy29hYYkHm5VSYeu6G', 0, NULL, NULL, NULL, NULL, NULL, NULL, NULL, NULL, NULL, NULL, NULL, NULL, NULL, 0, 0, NULL, NULL, 0, 1, NULL, '2024-11-06 10:38:28', '2024-11-06 10:38:28', NULL),
(206, NULL, NULL, NULL, NULL, 'raman23@yopmail.com', 2, '27285', '2024-11-06 10:54:15', '$2a$10$s9HpvxF9NlwmNbbSbDUCN.xtxF6vUV9yRYB9QqxJ65tDRvRSKGNIm', 0, NULL, NULL, NULL, NULL, NULL, NULL, NULL, NULL, NULL, NULL, NULL, NULL, NULL, 0, 0, NULL, NULL, 0, 1, NULL, '2024-11-06 10:44:15', '2024-11-06 10:44:15', NULL),
(207, NULL, NULL, NULL, NULL, 'raman45@yopmail.com', 2, '85415', '2024-11-06 10:55:05', '$2a$10$qO35t78aQU9SsJGvUkh.IuBU8WbCIj4cqHgMo1OABhg2pkujZLOCK', 0, NULL, NULL, NULL, NULL, NULL, NULL, NULL, NULL, NULL, NULL, NULL, NULL, NULL, 0, 0, NULL, NULL, 0, 1, NULL, '2024-11-06 10:45:05', '2024-11-06 10:45:05', NULL),
(208, NULL, NULL, NULL, NULL, 'raman0@yopmail.com', 2, '67299', '2024-11-06 11:38:03', '$2a$10$sywcwb8nQMLLbu5qORPVI.DPNRmIpN/ZJpeIXOY7GTBU1fwFMV9hG', 0, NULL, NULL, NULL, NULL, NULL, NULL, NULL, NULL, NULL, NULL, NULL, NULL, NULL, 0, 0, NULL, NULL, 0, 1, NULL, '2024-11-06 11:28:03', '2024-11-06 11:28:03', NULL),
(210, 'dsdsdsd', 'sds', 'dsd', 'dsdsdsd sds', 'rishpal@yopmail.com', 2, NULL, NULL, '$2a$10$mJB8huzR55NqQ7cyqhNEA.xqNoitGArXepDW0hS14xp6MplvckSFq', 1, NULL, 2, 'Mar', 2019, 'Male', 'd6e0fe8368cbe39a365784bf1327f596', 'Talking to someone', 'Lesbian', 'Eewdw', NULL, 'T5t5', NULL, NULL, 0, 0, NULL, NULL, 1, 1, NULL, '2024-11-08 16:48:45', '2024-12-30 06:52:46', NULL),
(211, 'ritika', 'patiyal', 'riti', NULL, 'Tester@yopmail.com', 2, NULL, NULL, '$2a$10$TtCaLJoI/gND.99Pk.5u9ODwUUDHMuWlByoN0YL6mTOjDBnljkheC', 1, NULL, 2, 'Mar', 2017, 'Non-Binary', NULL, 'Talking to someone', 'Straight', 'Secret ', NULL, 'Secret ', NULL, NULL, 0, 0, NULL, NULL, 1, 1, NULL, '2024-11-11 05:20:34', '2024-11-11 06:13:32', NULL),
(212, 'ritika', 'patiyal', 'ritikaa', NULL, 'ritika@yopmail.com', 2, NULL, NULL, '$2a$10$jBsMJdcaKzesY58l9WK6VOjT.f4nvk6vESwlUxD9zRC.CIgE0RTLi', 1, NULL, 1, 'Feb', 2022, 'Male', NULL, 'Talking to someone', 'Straight', 'Null', NULL, 'Null', NULL, NULL, 0, 0, NULL, NULL, 1, 1, NULL, '2024-11-11 06:02:17', '2024-11-11 06:05:36', NULL),
(213, 'dora', 'doe', 'dory123', NULL, 'dora@yopmail.com', 2, NULL, NULL, '$2a$10$HsI8JFAfEEGTRpytPeF5UesM.EHjZyR6xQJBYCB4eRjQ/xl/7CNDG', 1, NULL, 2, 'Mar', 2024, 'nndn', NULL, 'Single', 'Straight', 'Null ', NULL, 'Null', NULL, NULL, 0, 0, NULL, NULL, 1, 1, NULL, '2024-11-11 06:17:46', '2024-11-11 06:28:23', NULL),
(214, 'ritika', 'ritika', 'test ', NULL, 'swift@yopmail.com', 2, NULL, NULL, '$2a$10$Isx4PcnFZkw.ebO2pHJsIeIDfwxTGW51rQXGcS0f.rR5yXo/LpMSq', 1, NULL, 2, 'Mar', 2022, 'Female', NULL, 'Single', 'Straight', 'Test', NULL, 'Test', NULL, NULL, 0, 0, NULL, '\"[243]\"', 1, 1, NULL, '2024-11-11 06:30:31', '2025-01-01 12:04:22', NULL),
(215, NULL, NULL, NULL, NULL, 'devanshu@mailimator.com', 2, '99578', '2024-11-11 11:00:05', '$2a$10$/pqpV1mwWcR0NZvjNvc3quqfms6yThbObVkZ3u9O9VU6JZ5QM1NfW', 0, NULL, NULL, NULL, NULL, NULL, NULL, NULL, NULL, NULL, NULL, NULL, NULL, NULL, 0, 0, NULL, NULL, 0, 1, NULL, '2024-11-11 10:44:19', '2024-11-11 10:50:07', NULL),
(216, 'devandhu', 'sangra', 'dg', 'devandhu sangra', 'devanshu@yopmail.com', 2, NULL, NULL, '$2a$10$Pcf3UQa0SR84YN9GEAix2.5GEMhE774eq1sqcbj1oIwKl9xWqSPsu', 1, NULL, 2, 'Mar', 2021, 'Female', 'c762882fa4cc32a9e6b076c0801a7462', 'Talking to someone', 'Lesbian', 'Vv', NULL, 'Vh', NULL, NULL, 0, 0, '\"[]\"', NULL, 1, 1, NULL, '2024-11-11 10:51:22', '2025-01-09 06:16:11', NULL),
(217, NULL, NULL, NULL, NULL, 'sethtest1@yahoo.com', 2, '35784', '2024-11-15 21:16:44', '$2a$10$7a4q8bggxydZRTDjNfGILOZfamMQDiHK8nnmuKV617RKgjLD9AVJm', 0, NULL, NULL, NULL, NULL, NULL, NULL, NULL, NULL, NULL, NULL, NULL, NULL, NULL, 0, 0, NULL, NULL, 0, 1, NULL, '2024-11-15 21:06:44', '2024-11-15 21:06:44', NULL),
(219, 'sethtest8', 'eight', 'sethtest8', 'sethtest8 eight', 'sethtest8@yahoo.com', 2, NULL, NULL, '$2a$10$hAO383EtF7wkK8ysxNrva.3hhwjM/BQdWdBzOJB7BH18AnIyI2JLa', 1, NULL, 3, 'Apr', 2009, 'Male', '1f6de98f7d61ba3de3dadde353bd46f9', 'Single', 'Straight', 'Chips!', '', 'Here', NULL, NULL, 0, 0, '\"[]\"', '\"[233]\"', 1, 0, NULL, '2024-11-15 21:17:13', '2025-01-20 22:28:50', NULL),
(220, 'andrew', 'demski', 'andrew', NULL, 'acka3a5@gmail.com', 2, NULL, NULL, '$2a$10$cgX95BZIk1AC7TIGuoNZZ.e6tsuM.2rflCPoFoKqhmnHB92IYKMPy', 1, NULL, 1, 'Jan', 1987, 'Male', '65ca4ea6654438d4a1ae25e01dfd1c17', 'In a relationship', 'Straight', 'Pizza', NULL, 'Ny', NULL, NULL, 0, 0, NULL, NULL, 1, 1, NULL, '2024-11-19 14:20:58', '2024-12-16 21:37:58', NULL),
(221, NULL, NULL, NULL, NULL, 'smith@yopmail.com', 2, NULL, NULL, '$2a$10$FX6tJEIn6xneLbVOB7UJUu6r5TNFA1W548FhQbQLJDswwllJTZjJu', 1, NULL, NULL, NULL, NULL, NULL, NULL, NULL, NULL, NULL, NULL, NULL, NULL, NULL, 0, 0, NULL, NULL, 0, 1, NULL, '2024-11-21 07:08:33', '2024-11-21 07:17:18', NULL),
(222, 'Shankar', 'nath', 'shiv', NULL, 'bhole@yopmail.com', 2, '63044', '2024-12-25 04:39:44', '$2a$10$yqfitlZagrEbkye40C7OV.YB3LP0X1NoFeHHwa5FVSwVZ0O/Dy8Ya', 0, NULL, 25, '2', 1996, 'male', 'checkkk', 'in a relationship', 'Straight', '', '', 'jkhsdhdhaskj', NULL, 'radhe radhe', 0, 0, NULL, NULL, 0, 1, NULL, '2024-11-21 07:29:31', '2024-12-25 04:30:25', NULL),
(223, NULL, NULL, NULL, NULL, 'bho@yopmail.com', 2, '37444', '2024-11-21 07:40:42', '$2a$10$8wKK1oPIatbYxFbVcfoufuqOIFKS/XeLk/MIZviQtjpmn5fQHkVc.', 0, NULL, NULL, NULL, NULL, NULL, NULL, NULL, NULL, NULL, NULL, NULL, NULL, NULL, 0, 0, NULL, NULL, 0, 1, NULL, '2024-11-21 07:30:42', '2024-11-21 07:30:42', NULL),
(224, 'Shankar', 'nath', 'shiv', NULL, 'bhola@yopmail.com', 2, NULL, NULL, '$2a$10$PLamhjAE69kY3Z9qH0DeseKOfJU2g/iq1md45xhM.ozh9T6zLWKe.', 1, NULL, 25, '2', 1996, 'male', NULL, 'in a relationship', 'Straight', 'dhsdhjs', '', 'jkhsdhdhaskj', NULL, NULL, 0, 0, NULL, NULL, 0, 1, NULL, '2024-11-21 07:31:22', '2025-05-02 04:36:57', NULL),
(225, NULL, NULL, NULL, NULL, 'smith1@yopmail.com', 2, '22904', '2024-11-21 08:22:11', '$2a$10$oAvhTvRJm.Gw//Xwy1ax..qqEPsFwJW0echJsLfS5BTkuTnDzRhsO', 0, NULL, NULL, NULL, NULL, NULL, NULL, NULL, NULL, NULL, NULL, NULL, NULL, NULL, 0, 0, NULL, NULL, 0, 1, NULL, '2024-11-21 08:12:11', '2024-11-21 08:12:11', NULL),
(226, NULL, NULL, NULL, NULL, 'sam@yopmail.com', 2, '31133', '2024-11-21 12:44:23', '$2a$10$R6EX5C/MF2jCBkmqjTV0Cuco82i4YXPamXXGxrwaacNlFWoMQmyzy', 0, NULL, NULL, NULL, NULL, NULL, NULL, NULL, NULL, NULL, NULL, NULL, NULL, NULL, 0, 0, NULL, NULL, 0, 1, NULL, '2024-11-21 12:34:23', '2024-11-21 12:34:23', NULL),
(227, NULL, NULL, NULL, NULL, 'sameee@yopmail.com', 2, '45503', '2024-11-21 12:56:55', '$2a$10$kQsXjNUWcD5cstUGFvKCVu9YSGjabJIzhZfgCj88bnj8wrdWNiGMa', 0, NULL, NULL, NULL, NULL, NULL, NULL, NULL, NULL, NULL, NULL, NULL, NULL, NULL, 0, 0, NULL, NULL, 0, 1, NULL, '2024-11-21 12:46:55', '2024-11-21 12:46:55', NULL),
(228, NULL, NULL, NULL, NULL, 'samee@yopmail.com', 2, '28721', '2024-11-21 12:57:39', '$2a$10$q9zeBjMWuGJ/TPeWIDtm5.es30i/Q4yBHuVMBDuppJErpgozVPpw.', 0, NULL, NULL, NULL, NULL, NULL, NULL, NULL, NULL, NULL, NULL, NULL, NULL, NULL, 0, 0, NULL, NULL, 0, 1, NULL, '2024-11-21 12:47:39', '2024-11-21 12:47:39', NULL),
(229, NULL, NULL, NULL, NULL, 'same@yopmail.com', 2, '49860', '2024-11-21 12:58:05', '$2a$10$ATOYgn8ZXzGpNsa4TNKgROZEwrzOhZnpiz3U4I/xubiHpqANgIota', 0, NULL, NULL, NULL, NULL, NULL, NULL, NULL, NULL, NULL, NULL, NULL, NULL, NULL, 0, 0, NULL, NULL, 0, 1, NULL, '2024-11-21 12:48:05', '2024-11-21 12:48:05', NULL),
(230, NULL, NULL, NULL, NULL, 'sameoo@yopmail.com', 2, '45599', '2024-11-21 13:02:20', '$2a$10$ljyFpupd77u2S4.y7LZnZuYdffPVNBY9CxhT28JKtHAYGJ2Jrdwq2', 0, NULL, NULL, NULL, NULL, NULL, NULL, NULL, NULL, NULL, NULL, NULL, NULL, NULL, 0, 0, NULL, NULL, 0, 1, NULL, '2024-11-21 12:52:20', '2024-11-21 12:52:20', NULL),
(231, NULL, NULL, NULL, NULL, 'smith12@yopmail.com', 2, '18135', '2024-11-21 13:09:27', '$2a$10$xTKoI7oJwCIdVsrDjH81AOvBwBSzz6lMfPiqHJjJLkGeKCs3C2LOy', 0, NULL, NULL, NULL, NULL, NULL, NULL, NULL, NULL, NULL, NULL, NULL, NULL, NULL, 0, 0, NULL, NULL, 0, 1, NULL, '2024-11-21 12:59:27', '2024-11-21 13:00:23', NULL),
(232, 'sethtest', 'nine', 'sethtest9', NULL, 'sethtest9@yahoo.com', 2, NULL, NULL, '$2a$10$l/JVY23GmtPLE98RszQ5XOpojMDYT01l9l7pJmUDZESCnZBJbK5VC', 1, NULL, 3, 'Mar', 2013, 'Male', '7301efcdbf16a99b56c988598f99e9d9', 'Single', 'Straight', 'Chicken', NULL, 'Here', NULL, NULL, 0, 0, '\"[250]\"', '\"[250]\"', 1, 1, NULL, '2024-11-22 21:56:47', '2025-04-04 21:33:36', NULL),
(233, 'sethtest', 'ten', 'sethtest10', NULL, 'sethtest10@yahoo.com', 2, NULL, NULL, '$2a$10$K7x8nqu2Hm8IjefbebiQJuFR65VBZE/wKFw.yLpiaDVqz85TpeL2K', 1, NULL, 3, 'Mar', 2008, 'Male', 'b3747a5dfabcb59da7cc53a0c23b10e2', 'Single', 'Straight', 'Chips', 'B', 'Here', NULL, NULL, 0, 0, NULL, NULL, 1, 1, NULL, '2024-11-22 22:01:02', '2025-04-09 13:40:13', NULL),
(234, 'Regina ', 'DeBellis', 'Gina', 'Regina  DeBellis', 'ny14878@me.com', 2, NULL, NULL, '$2a$10$gljP2LWjEv6HfR/2f5AaTOJkz3dIomEKOpfQxaCDvQ/xCHicR.1hy', 1, NULL, 7, 'Jul', 1972, 'Female', '4d94a11c1cc57ea490fce3b8dbc4c86b', 'Single', 'Straight', 'Pizza', 'I am a 52 year old woman building an app for a new way to socialize. My goal is to help people stay safe in a completely new way. ', 'The beach', NULL, '{\"address_name\":\"2 World Financial Ctr, New York, NY 10281, USA\",\"formatted_address\":\"2 World Financial Ctr, New York, NY 10281, USA\",\"latitude\":\"40.71442529999999\",\"longitude\":\"-74.0161035\",\"city\":\"New York\",\"state\":\"New York\",\"country\":\"United States\",\"zipcode\":\"10281\"}', 1, 0, NULL, NULL, 1, 1, NULL, '2024-11-25 20:26:42', '2025-05-06 14:45:25', NULL),
(235, NULL, NULL, NULL, NULL, 'sahil@gmail.com', 2, '73142', '2024-11-28 13:05:39', '$2a$10$xrILM9fNRhVgk8EcdbwTSuJlkmXlmmhE82thFrZvjMTdivkbyRxNu', 0, NULL, NULL, NULL, NULL, NULL, NULL, NULL, NULL, NULL, NULL, NULL, NULL, NULL, 0, 0, NULL, NULL, 0, 1, NULL, '2024-11-28 12:37:13', '2024-11-28 12:55:40', NULL),
(236, 'Sahil', 'Samerya', 'sd', NULL, 'sahilsamerya@gmail.com', 2, NULL, NULL, '$2a$10$OFhKaX5y2sd5Zqvy5Tlf8.7//wQ5oj4pTvW4eKhiONu4CJgdKrU8K', 1, NULL, 2, 'Feb', 1990, 'Male', NULL, 'Single', 'Straight', 'Wqwq', 'W', 'Qa', NULL, NULL, 0, 0, NULL, NULL, 1, 1, NULL, '2024-11-28 13:05:47', '2024-11-28 13:15:06', NULL),
(237, NULL, NULL, NULL, NULL, 'bhole01@yopmail.com', 2, '22958', '2024-12-04 12:26:26', '$2a$10$X0vNwp6bY7DJLkn0waAfyuaYcrIUjon0MOJITgbQ5kA/zV8Y1BQCG', 0, NULL, NULL, NULL, NULL, NULL, NULL, NULL, NULL, NULL, NULL, NULL, NULL, NULL, 0, 0, NULL, NULL, 0, 1, NULL, '2024-12-04 12:16:26', '2024-12-04 12:16:26', NULL),
(238, 'test', 'dev', 'tst', NULL, 'test@mailinator.com', 2, NULL, NULL, '$2a$10$tOlF55Cf0yNbb3toquQO.uNNTHFHlcbdEUBPvKKDEWwy7dhMKQvTK', 1, NULL, 2, 'Apr', 2020, 'Male', '0bec12cf9ce8fb9aeca5da466c54338c', 'Talking to someone', 'Lesbian', 'D CNN', NULL, 'Cc', NULL, NULL, 0, 0, NULL, NULL, 1, 1, NULL, '2024-12-06 11:08:28', '2024-12-06 11:18:29', NULL),
(242, NULL, NULL, NULL, NULL, 'test123@yopmail.com', 2, '14021', '2024-12-10 11:14:04', '$2a$10$osTBdISUE1F2xE1qdoSG3OwaGtNizvqCk6KmPGnPo8yWJGdP47i9u', 0, NULL, NULL, NULL, NULL, NULL, NULL, NULL, NULL, NULL, NULL, NULL, NULL, NULL, 0, 0, NULL, NULL, 0, 1, NULL, '2024-12-10 11:01:40', '2024-12-10 11:04:05', NULL),
(245, NULL, NULL, NULL, NULL, 'riyu@yopmail.com', 2, '42050', '2024-12-23 06:43:08', '$2a$10$TWXO9wrLJi1gxnlannuaBeXRb6vtKt9b1h.tiB0L5xbGn7pe3EtgC', 0, NULL, NULL, NULL, NULL, NULL, NULL, NULL, NULL, NULL, NULL, NULL, NULL, NULL, 0, 0, NULL, NULL, 0, 1, NULL, '2024-12-23 06:33:08', '2024-12-23 06:33:08', NULL),
(246, 'sethtest', 'one three one', 'sethtest131', 'sethtest one three one', 'sethtest131@gmail.com', 2, NULL, NULL, '$2a$10$ViAnhCdXozaIHUwwksCviu.jkjt1rmi0/al6bscMOnZlbZbIDwLCa', 1, NULL, 1, 'Feb', 2000, 'Male', '88ba604dfd549face7ae5251fe9e2360', 'Single', 'Straight', 'Cheese', 'Blah blah blah', 'Here', NULL, NULL, 0, 0, NULL, NULL, 1, 1, NULL, '2025-01-04 01:02:45', '2025-01-13 19:23:11', NULL),
(247, 'test', 'ggg', 'gg', 'test ggg', 'rampal@yopmail.com', 2, NULL, NULL, '$2a$10$YZTJsbdlEDmm41Jm/mSOZenEsDsl98F6V6jgKL.Yg6cM16wjymEF.', 1, NULL, 2, 'Feb', 2024, 'Female', 'b2023f0873e448d86ee34cc83a7d84f2', 'Talking to someone', 'Lesbian', 'Gg', NULL, 'Gg', NULL, NULL, 0, 0, NULL, NULL, 1, 1, NULL, '2025-01-06 13:19:04', '2025-01-06 13:23:08', NULL),
(249, 'vvdhdh', 'bb', 'bbb', 'vvdhdh bb', 'g@yopmail.com', 2, NULL, NULL, '$2a$10$wC5AfnM.pEmkhFST.kiQyuxCvniWrID5nNXlVtQgIsfxg18sTcC1u', 1, NULL, 2, 'Feb', 2021, 'Female', 'd81d6166af1e7cfa96f6fdb2d616d8ba', 'Talking to someone', 'Straight', 'Vdb', NULL, 'Dv', NULL, NULL, 0, 0, NULL, NULL, 0, 1, NULL, '2025-01-09 08:05:54', '2025-01-21 07:10:21', NULL),
(250, 'sethtest', 'eleven', 'st11', 'sethtest eleven', 'sethtest11@yahoo.com', 2, NULL, NULL, '$2a$10$GgXw8gejneZ7jsIO7aSU.O9lOgDDUUUz3GkgsEanzdUaEwbK0k2Ve', 1, NULL, 2, 'Mar', 2023, 'Male', '2915c5b2f192ac72a5273d9791f98c58', 'Single', 'Straight', ' Cheese', '', 'Here', NULL, NULL, 0, 0, '\"[251]\"', '\"[233]\"', 0, 1, NULL, '2025-01-10 21:26:03', '2025-04-04 21:17:09', NULL),
(251, 'sethtest', 'one thirty two', 'st32jmoney', 'sethtest one thirty two', 'sethtest132@gmail.com', 2, NULL, NULL, '$2a$10$Ibzer5dz.L/EpyxK5gNiDuc5urNknp.1AIojsH8lKRXd62f0h5q96', 1, NULL, 1, 'Jan', 1995, 'Male', '136a13a0bdfde48b1bd8af22a1dd6b9e', 'Single', 'Straight', 'Pizza', 'Hey everyone! Im me of course!', 'Ymca', NULL, NULL, 0, 0, '\"[233]\"', NULL, 0, 1, NULL, '2025-01-13 18:39:51', '2025-05-01 13:58:43', NULL),
(252, 'sethtest', 'seven', 'st7', 'sethtest seven', 'sethtest7@yahoo.com', 2, NULL, NULL, '$2a$10$FCjSq8G2FJzhPUHy/ZpHJuGO.1HZUAFCPBEAyoQuFEje.3AqIh/Wq', 1, NULL, 2, 'Mar', 1993, 'Male', 'c01351a4b2e4379e744afbd55025e33b', 'Single', 'Straight', 'Steak', 'Hey!!!', 'Ballpark', NULL, NULL, 0, 0, NULL, NULL, 0, 1, NULL, '2025-01-13 19:39:28', '2025-01-13 23:02:43', NULL),
(253, 'utlkarsh', 'rai', 'utlarsh rai', 'utlkarsh rai', 'utkarsh@yopmail.com', 2, '42079', '2025-01-15 11:39:52', '$2a$10$ken3gboEzbzqfYi1kuGTL.gyFz9V3474mfwqkI.IagVX8q0JagPYm', 0, NULL, 2, 'Apr', 2024, 'Male', '54df376637f845c22803b7a30a117730', 'Talking to someone', 'Straight', 'Sgg', NULL, 'Hh', NULL, NULL, 0, 0, NULL, NULL, 0, 1, NULL, '2025-01-14 10:54:10', '2025-01-15 11:29:53', NULL),
(254, 'aaron', 'demski', 'aaron', 'aaron demski', 'developeraaron1@gmail.com', 2, NULL, NULL, '$2a$10$E59dCT.DJvRb7fQ0dk82q.BAf/A7botYNuNhtIGl5DRFKcH4PIIU2', 1, NULL, 3, 'Mar', 1987, 'Male', '2d71af4db3fb1e9a4b4d75c7058cef11', 'Talking to someone', 'Lesbian', 'Mac', NULL, 'Home', NULL, NULL, 0, 0, NULL, NULL, 0, 1, NULL, '2025-01-14 13:24:06', '2025-04-16 15:44:46', NULL),
(255, 'aaron', 'demski', 'aaron', 'aaron demski', 'developeraaron2@gmail.com', 2, NULL, NULL, '$2a$10$Jz/1tV8UE3hEFaqc.aEUxuLXaRNvUtggWPcWJukNicXSAmYLTZw12', 1, NULL, 19, 'Nov', 1994, 'Male', '35fd4d1919ba0a117c5ef5d1b79d98a0', 'Single', 'Straight', 'Rissotto', NULL, 'Japan', NULL, NULL, 0, 0, NULL, NULL, 0, 1, 8, '2025-01-14 13:30:11', '2025-01-15 14:46:10', NULL),
(256, NULL, NULL, NULL, NULL, 'aaron.demsk@demskigroupdev.com', 2, '87855', '2025-01-15 14:57:04', '$2a$10$jCMe40vZs9koW/KnB5ovyuDW7Y4i3F.YfwLiT3VhOJOVEKzQtqNUq', 0, NULL, NULL, NULL, NULL, NULL, NULL, NULL, NULL, NULL, NULL, NULL, NULL, NULL, 0, 0, NULL, NULL, 0, 1, NULL, '2025-01-15 14:46:40', '2025-01-15 14:47:05', NULL),
(257, NULL, NULL, NULL, NULL, 'developeraaron3@gmail.com', 2, NULL, NULL, '$2a$10$VLh7PB0RzBlQCRIHXTpedeG/HclvJk9.hmNpB5l2gBpmXlyV7nCP2', 1, NULL, NULL, NULL, NULL, NULL, NULL, NULL, NULL, NULL, NULL, NULL, NULL, NULL, 0, 0, NULL, NULL, 0, 1, NULL, '2025-01-15 15:03:14', '2025-01-15 15:03:37', NULL),
(258, 'vv', 'cv', 'vv', 'vv cv', 'utkarsh12@yopmail.com', 2, NULL, NULL, '$2a$10$GbCbChtMx62I03c56PWEd.tBrUVl.zaIqWUNkzoSjPGNQVqVjuwj6', 1, NULL, 2, 'Feb', 2024, 'Male', 'c680ec5ae130955b8faaac856ac3eef9', 'Talking to someone', 'Lesbian', 'Vv', NULL, 'Gv', NULL, NULL, 0, 0, NULL, NULL, 0, 1, NULL, '2025-01-16 07:29:10', '2025-01-28 09:34:10', NULL),
(259, NULL, NULL, NULL, NULL, 'sethtest130@yahoo.com', 2, '48451', '2025-01-16 23:31:47', '$2a$10$E4zsl8BOcPpk268aDsDiluXpOCGgdZSQrP4PngaDqrr8U4PyFt4EO', 0, NULL, NULL, NULL, NULL, NULL, NULL, NULL, NULL, NULL, NULL, NULL, NULL, NULL, 0, 0, NULL, NULL, 0, 1, NULL, '2025-01-16 23:20:48', '2025-01-16 23:21:48', NULL),
(263, 'sethtest', 'one thirty', 'st130', 'sethtest one thirty', 'sethtest130@gmail.com', 2, NULL, NULL, '$2a$10$OUOqHVCoIfgBRBbIbhAbu.HzPE6tM9e0/erWw9BW2rNzxNAkNgGmS', 1, NULL, 1, 'Mar', 2013, 'Male', 'b3f7f7abf4fa81ac87a286904e020fff', 'Single', 'Straight', 'Chips', 'Yeah!!!!', 'Here', NULL, NULL, 0, 0, NULL, NULL, 0, 1, NULL, '2025-01-21 21:25:03', '2025-05-01 14:04:43', NULL),
(264, NULL, NULL, NULL, NULL, 'utkarsh@gmail.com', 2, '70094', '2025-01-24 11:39:14', '$2a$10$Ioxpr5XFQ4yl.mhqVZC4x.6bgnQavNkzJLFCN4RN6RHC3/DcMdfju', 0, NULL, NULL, NULL, NULL, NULL, NULL, NULL, NULL, NULL, NULL, NULL, NULL, NULL, 0, 0, NULL, NULL, 0, 1, NULL, '2025-01-24 11:29:14', '2025-01-24 11:29:14', NULL),
(265, NULL, NULL, NULL, NULL, 'mail@mail.com', 2, '57473', '2025-01-28 10:26:31', '$2a$10$Dd7epGbQMt8Jk0Jk6bkpFOXH41PmqApy15ItM37N3zG6oW4P.x0I2', 0, NULL, NULL, NULL, NULL, NULL, NULL, NULL, NULL, NULL, NULL, NULL, NULL, NULL, 0, 0, NULL, NULL, 0, 1, NULL, '2025-01-28 10:16:31', '2025-01-28 10:16:31', NULL),
(266, 'arno', 'dorian', 'arno', 'arno dorian', 'sexoxor970@rykone.com', 2, NULL, NULL, '$2a$10$ou9IrL5C/44MfYS9T5ah5.PE1A35GBH6pCn.0HqUxwsIS4Rg3JV9C', 1, NULL, 3, 'Feb', 2024, 'Non-Binary', '7873ee54d928b4abe95c2adb25c8e852', 'Single', 'Gay', 'Sab', NULL, 'San', NULL, NULL, 0, 0, NULL, NULL, 0, 1, NULL, '2025-01-28 10:18:18', '2025-01-28 10:38:45', NULL),
(267, 'saurabh', 'sharma', 'saurabh', 'saurabh sharma', 'saurabh@yopmail.com', 2, NULL, NULL, '$2a$10$S2yRvzSNsDoHsHLyXgysX.dey6ignmJ/YeXPcKnrGlW65FtWP0IXe', 1, NULL, 2, 'Feb', 2003, 'Male', '30b888a8a13c05b02f89b95e47f1cd76', 'Single', 'Straight', 'Whgr', '', 'Gv', NULL, NULL, 0, 0, NULL, NULL, 0, 1, NULL, '2025-01-29 07:42:36', '2025-05-02 13:08:04', NULL),
(268, 'Katrina', 'Robbins', 'Katrina', 'Katrina Robbins', 'robbinskatrina@aol.com', 2, NULL, NULL, '$2a$10$fpTHtIjWKMNkau0KcYj3M.EmI35Si7j3rChJo5GU9kru5Uu9Q15le', 1, NULL, 17, 'May', 1994, 'Female', '246bdb0ca7fd520203c2c88157a8493f', 'Married', 'Straight', 'Pasta ', '30, married, mother to a\n\n\n beautiful daughter and one on the way. ', 'Beach ', NULL, NULL, 0, 0, NULL, NULL, 0, 1, NULL, '2025-01-29 18:43:51', '2025-01-29 21:53:07', NULL),
(269, 'seth', 'dev', 'sethdev', 'seth dev', 'seth.devries@demskigroupdev.com', 2, NULL, NULL, '$2a$10$hSzJ9ziHGzJvOKTHbC6r5.ZEwAmibzD9WT2HWQsjkc9KVcJL1KkIu', 1, NULL, 5, 'Oct', 2000, 'Male', '9eb3a155c8b0bc22d2fbce098b20f3cb', 'Single', 'Straight', 'Pizza', 'Stars', 'Home', NULL, NULL, 0, 0, NULL, NULL, 0, 1, NULL, '2025-01-30 22:35:37', '2025-01-30 22:40:43', NULL),
(270, NULL, NULL, NULL, NULL, 'ramankaran@yopmail.com', 2, NULL, NULL, '$2a$10$jMhAz4NGY8NAyueWGE/hQuJR/Z3RtrDtTK32FbOuahbaEdv7r5Ak6', 1, NULL, NULL, NULL, NULL, NULL, NULL, NULL, NULL, NULL, NULL, NULL, NULL, NULL, 0, 0, NULL, NULL, 0, 1, NULL, '2025-01-31 06:34:33', '2025-01-31 06:35:21', NULL),
(271, NULL, NULL, NULL, NULL, 'ramankaran12@gmail.com', 2, '87795', '2025-01-31 06:51:18', '$2a$10$0Vi1NRGXyXQmFy6YT25rzOv5kV2Z8we/qCPdDvatVz1yG9cVWKnGG', 0, NULL, NULL, NULL, NULL, NULL, NULL, NULL, NULL, NULL, NULL, NULL, NULL, NULL, 0, 0, NULL, NULL, 0, 1, NULL, '2025-01-31 06:41:18', '2025-01-31 06:41:18', NULL),
(272, NULL, NULL, NULL, NULL, 'ramankaran12@yopmail.com', 2, NULL, NULL, '$2a$10$x5byn8I0Q0FZNJTxZb5hxeThIWHdfM9tlM4.FEvu8YLGcT.lsBa6K', 1, NULL, NULL, NULL, NULL, NULL, NULL, NULL, NULL, NULL, NULL, NULL, NULL, NULL, 0, 0, NULL, NULL, 0, 1, NULL, '2025-01-31 06:44:16', '2025-01-31 06:44:31', NULL),
(274, 'bdv', 'vv', 'czv', 'bdv vv', 'bunty123@yopmail.com', 2, NULL, NULL, '$2a$10$1xgKbMmBEAllddJMjap7t.B1uJzDFc/vE12Unuqa46cppQeHXz4Zm', 1, NULL, 2, 'Mar', 2023, 'Male', 'c12a30a748da5581527fc994facd1295', 'Talking to someone', 'Straight', 'Fhsh', NULL, 'Gdhge', NULL, NULL, 0, 0, NULL, NULL, 0, 1, NULL, '2025-02-03 04:55:25', '2025-04-25 07:20:48', NULL),
(278, NULL, NULL, NULL, NULL, 'aarontest@mail.com', 2, '15880', '2025-04-07 13:33:33', '$2a$10$gH1NkSiLx0nTjIN0GiytHe3hzgaJpFuUafh6/wONBuxpQ4ljn.OCq', 0, NULL, NULL, NULL, NULL, NULL, NULL, NULL, NULL, NULL, NULL, NULL, NULL, NULL, 0, 0, NULL, NULL, 0, 1, NULL, '2025-04-07 13:23:33', '2025-04-07 13:23:33', NULL),
(279, 'aaron', 'test', 'aarno', 'aaron test', 'developeraaron4@gmail.com', 2, NULL, NULL, '$2a$10$NuI6ypRvVyzJWXpKL0gLu.FBPaBBxb52a0Ifk6bY4mWcTrALE7Rbu', 1, NULL, 4, 'Nov', 1994, 'Male', '5821cb3eedd04802712b8e0ab6882874', 'Single', 'Straight', 'Risotto', 'Bio', 'Olean', NULL, NULL, 0, 0, NULL, NULL, 0, 1, NULL, '2025-04-07 13:24:35', '2025-04-16 15:29:40', NULL),
(282, NULL, NULL, NULL, NULL, 'gg@yopmail.com', 2, '10235', '2025-04-10 12:32:23', '$2a$10$cshxQtu0abbUE0hLPw9d..0FaiMdvBWFiSOdx0EAkqHKKDUL/tQeK', 0, NULL, NULL, NULL, NULL, NULL, NULL, NULL, NULL, NULL, NULL, NULL, NULL, NULL, 0, 0, NULL, NULL, 0, 1, NULL, '2025-04-10 12:22:23', '2025-04-10 12:22:23', NULL),
(283, 'gsg', 'fff', 'gg', 'gsg fff', 'ggg@yopmail.com', 2, NULL, NULL, '$2a$10$yT1PAnGayqkRpp7Z6kpW6e73sefd09c8SuqtfzIBgxY9ILqzpizCu', 1, NULL, 1, 'Feb', 2024, 'Male', '8410f7def24378658e7ec216d8f5f33b', 'Single', 'Straight', NULL, NULL, NULL, NULL, NULL, 0, 0, NULL, NULL, 0, 1, NULL, '2025-04-10 12:23:08', '2025-04-10 12:24:26', NULL),
(284, 'v  v', ' g h', 'b  b', 'v  v  g h', 'saurabh12@yopmail.com', 2, NULL, NULL, '$2a$10$OzgoQa63FB6vVQE/.uLzyetAA0kXOgcr5UC8c.bLARNy9Yr6JMODK', 1, NULL, NULL, NULL, NULL, NULL, NULL, NULL, NULL, NULL, NULL, NULL, NULL, NULL, 0, 0, NULL, NULL, 0, 1, NULL, '2025-04-11 04:09:37', '2025-04-11 04:10:09', NULL),
(285, 'ted', 'jones', 'teddy', 'ted jones', 'me@richard-lee.co.uk', 2, NULL, NULL, '$2a$10$7tiYQx2beV0caz4sk8sPuOKClei6BIcCxg7q4.VzRvpzDw4YTmNH2', 1, NULL, 1, 'Jan', 2025, 'Male', 'd7c67b3e9240f5d0bda1e39f012ca5e0', 'In an open marriage', 'Gay', 'Pizza', 'Blah\n\n', 'Fuck knows ', NULL, '', 0, 0, NULL, NULL, 0, 1, NULL, '2025-04-15 20:29:36', '2025-04-16 14:54:48', NULL),
(288, 'Kelly', 'Coleman', 'Keke', 'Kelly Coleman', 'kellyc0226@gmail.com', 2, NULL, NULL, '$2a$10$Aj7LNf3SuE5F2CBeEqrkruS2PdU0hYr8LZWQcu9jHl1ql6HPpQxGS', 1, NULL, 11, 'Nov', 1972, 'Female', '3537ca4bc6bfb17e051dcfb67c398a8a', 'In a relationship', 'Straight', 'Lobster ', 'Love to socialize ', 'Florida ', NULL, '{\"address_name\":\"168 Texas Rd, Morganville, NJ 07751, USA\",\"formatted_address\":\"168 Texas Rd, Morganville, NJ 07751, USA\",\"latitude\":\"40.3898438\",\"longitude\":\"-74.2500635\",\"city\":\"Marlboro Township\",\"state\":\"New Jersey\",\"country\":\"United States\",\"zipcode\":\"07751\"}', 1, 0, NULL, NULL, 0, 1, NULL, '2025-04-17 20:46:13', '2025-04-18 23:57:58', NULL),
(289, NULL, NULL, NULL, NULL, 'test@gmail.com', 2, '23153', '2025-04-18 16:38:56', '$2a$10$9omrspkdqj00QOSEpblkMOpHZLYZj5WSEkYm0HB.fjwVG6tyfqiDq', 0, NULL, NULL, NULL, NULL, NULL, NULL, NULL, NULL, NULL, NULL, NULL, NULL, NULL, 0, 0, NULL, NULL, 0, 1, NULL, '2025-04-18 16:28:56', '2025-04-18 16:28:56', NULL),
(290, 'Qader', 'Jahangir', 'Fucktest', 'Qader Jahangir', 'qadarjahangir@gmail.com', 2, NULL, NULL, '$2a$10$4ixGSWNcBrt0V/h1qaISTuV3whNtvYDnWaXdZCKAvjAtLXoTuofQK', 1, NULL, 17, 'Apr', 2000, 'Male', 'f0204848161320298282aeaa0f8a9a60', 'Single', 'Straight', 'Biryani', NULL, 'Hdhifxvbhfghv', NULL, '{\"address_name\":\"8526 241st St, Jamaica, NY 11426, USA\",\"formatted_address\":\"8526 241st St, Jamaica, NY 11426, USA\",\"latitude\":\"40.7326399\",\"longitude\":\"-73.7255876\",\"state\":\"New York\",\"country\":\"United States\",\"zipcode\":\"11426\"}', 0, 0, NULL, NULL, 0, 1, NULL, '2025-04-18 16:30:31', '2025-04-29 04:18:00', NULL),
(292, NULL, NULL, NULL, NULL, 'ayushi.si@cisinlabs.com', 2, '44824', '2025-04-23 09:34:23', '$2a$10$IO08WHiN43STtbE/YIHuJeqpbJp/pOmoOA9sJFYQNLqyzY4KvBKIG', 0, NULL, NULL, NULL, NULL, NULL, NULL, NULL, NULL, NULL, NULL, NULL, NULL, NULL, 0, 0, NULL, NULL, 0, 1, NULL, '2025-04-23 09:24:23', '2025-04-23 09:24:23', NULL),
(293, 'Cis', 'Dev', 'CisDev', 'Cis Dev', 'cis@mailinator.com', 2, NULL, NULL, '$2a$10$DfX0z1ugvpW.2BmerN5tO./o0QXZDXS17rFs8S0774ajWuvmwllz6', 1, NULL, 3, 'Apr', 1996, 'Female', '7c08d85e05fe874b1e2fd94f8187b606', 'Single', 'Other', 'Indian', NULL, 'India', NULL, NULL, 0, 0, NULL, NULL, 0, 1, NULL, '2025-04-23 09:25:41', '2025-04-28 14:01:22', NULL),
(299, 'seth', 'test', 'st133', 'seth test', 'sethtest133@gmail.com', 2, NULL, NULL, '$2a$10$.OrsiKjyWsSxb7A.Hlj0YuvvJLHx9E.kwKpzNiO7LO2pZqTZ86c.S', 1, NULL, 6, 'Oct', 1992, 'Male', 'b90fd9ca4f3a648df714fba6a8f399b2', 'Single', 'Straight', 'Dominos', 'Ueah urah yeah ', 'Home', NULL, '{\"address_name\":\"9 Glenwood St, Warren, PA 16365, USA\",\"formatted_address\":\"9 Glenwood St, Warren, PA 16365, USA\",\"latitude\":\"41.8454146\",\"longitude\":\"-79.1358095\",\"city\":\"Warren\",\"state\":\"Pennsylvania\",\"country\":\"United States\",\"zipcode\":\"16365\"}', 1, 0, NULL, NULL, 0, 1, NULL, '2025-05-01 14:07:33', '2025-05-01 14:27:10', NULL),
(300, 'seth', 'dev', 'sethdev', 'seth dev', 'seth.devries@demskigroup.com', 2, NULL, NULL, '$2a$10$bq6o59S9PxkDUGaACc930Og4CDT94gSMyNhbZr/Fklwy7y9p2UwD.', 1, NULL, 10, 'May', 2000, 'Male', '1922a1b2d47da4a61922d2c0d01699d6', 'Single', 'Straight', 'Papa johns', 'Qwerty ', 'Office', NULL, '{\"address_name\":\"7 Glenwood St, Warren, PA 16365, USA\",\"formatted_address\":\"7 Glenwood St, Warren, PA 16365, USA\",\"latitude\":\"41.8453259\",\"longitude\":\"-79.1357724\",\"city\":\"Warren\",\"state\":\"Pennsylvania\",\"country\":\"United States\",\"zipcode\":\"16365\"}', 1, 0, NULL, NULL, 0, 1, NULL, '2025-05-01 14:12:37', '2025-05-01 14:28:23', NULL),
(303, NULL, NULL, NULL, NULL, 'admin@cadooga.com', 1, '11520', '2025-05-07 13:32:00', '$2a$10$xmUc0S6kfccWDITz4/62quPSw0vX0lZT6KY3LgFLyllh7I8mDjEri', 0, NULL, NULL, NULL, NULL, NULL, NULL, NULL, NULL, NULL, NULL, NULL, NULL, NULL, 0, 0, NULL, NULL, 0, 1, NULL, '2025-05-07 13:22:00', '2025-05-07 13:22:00', NULL);

-- --------------------------------------------------------

--
-- Table structure for table `user_addresses`
--

CREATE TABLE `user_addresses` (
  `id` int NOT NULL,
  `user_id` int DEFAULT NULL,
  `address_name` varchar(255) DEFAULT NULL,
  `formated_address` text,
  `city` varchar(255) DEFAULT NULL,
  `state` varchar(255) DEFAULT NULL,
  `zipcode` varchar(255) DEFAULT NULL,
  `country` varchar(255) DEFAULT NULL,
  `longitude` varchar(255) DEFAULT NULL,
  `latitude` varchar(255) DEFAULT NULL,
  `share_with` varchar(255) DEFAULT NULL,
  `created_at` datetime NOT NULL,
  `updated_at` datetime NOT NULL,
  `deleted_at` datetime DEFAULT NULL
) ENGINE=InnoDB DEFAULT CHARSET=utf8mb4 COLLATE=utf8mb4_0900_ai_ci;

--
-- Dumping data for table `user_addresses`
--

INSERT INTO `user_addresses` (`id`, `user_id`, `address_name`, `formated_address`, `city`, `state`, `zipcode`, `country`, `longitude`, `latitude`, `share_with`, `created_at`, `updated_at`, `deleted_at`) VALUES
(1, 1, 'dsdsdsdsd', NULL, NULL, NULL, NULL, NULL, '8554454', '7878787', NULL, '2024-10-24 12:02:29', '2024-10-26 06:59:12', NULL),
(2, 72, 'Hisar, Haryana, India', NULL, NULL, NULL, NULL, NULL, '75.7216527', '29.1491875', NULL, '2024-10-26 07:34:20', '2024-10-28 05:08:04', NULL),
(3, 99, 'Hisar, Haryana, India', NULL, NULL, NULL, NULL, NULL, '75.7216527', '29.1491875', NULL, '2024-10-27 12:16:45', '2024-10-27 12:16:45', NULL),
(4, 136, 'Hisar, Haryana, India', NULL, NULL, NULL, NULL, NULL, '75.7216527', '29.1491875', NULL, '2024-10-28 07:15:51', '2024-10-28 07:16:07', NULL),
(5, 139, 'Haiti', NULL, NULL, NULL, NULL, NULL, '-72.285215', '18.971187', NULL, '2024-10-28 07:30:54', '2024-10-28 07:30:54', NULL),
(6, 147, 'C200, Phase 8B, Industrial Area, Sector 74, Sahibzada Ajit Singh Nagar, Punjab 140308, India', NULL, NULL, NULL, NULL, NULL, '76.685564', '30.7060402', NULL, '2024-10-28 09:54:42', '2024-10-28 10:01:34', NULL),
(7, 76, 'dsdsdsdsd ededed', NULL, 'wsws', 'swsw', 'sws', 'sws', 'swsw', 'fefe', NULL, '2024-10-28 10:25:15', '2024-11-08 09:37:40', NULL),
(8, 200, 'Hong Kong', NULL, NULL, NULL, NULL, NULL, '114.1693611', '22.3193039', NULL, '2024-11-04 10:08:19', '2024-11-04 10:08:19', NULL),
(9, 6, 'thakur', '204', NULL, NULL, NULL, NULL, '45454', '5454', NULL, '2024-11-07 12:16:55', '2024-12-25 04:51:58', NULL),
(12, 210, 'dwdw', NULL, 'Barhi', NULL, '825405', 'India', '85.4180125', '24.3086165', NULL, '2024-11-08 18:50:39', '2024-11-11 10:23:05', NULL),
(13, 211, 'Sahibzada Ajit Singh Nagar, Punjab, India', NULL, 'Sahibzada Ajit Singh Nagar', NULL, NULL, 'India', '76.71787259999999', '30.7046486', NULL, '2024-11-11 05:25:13', '2024-11-11 05:25:13', NULL),
(14, 212, '3V77+JFP, G Block BKC, Bandra Kurla Complex, Bandra East, Mumbai, Maharashtra 400051, India', NULL, 'Mumbai', NULL, '400051', 'India', '72.86369479999999', '19.0640902', NULL, '2024-11-11 06:04:31', '2024-11-11 06:04:31', NULL),
(15, 213, 'Georgia', NULL, NULL, NULL, NULL, 'Georgia', '43.35689199999999', '42.315407', NULL, '2024-11-11 06:24:23', '2024-11-11 06:24:23', NULL),
(16, 214, 'Testaccio, Rome, Metropolitan City of Rome Capital, Ital', NULL, NULL, NULL, NULL, NULL, NULL, NULL, NULL, '2024-11-11 06:37:14', '2024-11-11 06:37:14', NULL),
(17, 28, 'Chigo', NULL, NULL, NULL, NULL, NULL, NULL, NULL, NULL, '2024-11-11 07:04:17', '2024-11-11 07:04:17', NULL),
(18, 216, 'C-201, Phase 8B, Industrial Area, Sector 74, Sahibzada Ajit Singh Nagar, Punjab 140308, India', NULL, 'Sahibzada Ajit Singh Nagar', NULL, '140308', 'India', '76.68568429999999', '30.7057719', NULL, '2024-11-11 11:39:40', '2024-11-11 11:39:40', NULL),
(20, 219, 'Hershey, PA, USA', NULL, 'Hershey', NULL, NULL, 'United States', '-76.65024679999999', '40.2859239', NULL, '2024-11-15 21:18:13', '2024-11-15 21:18:13', NULL),
(21, 220, 'New York, NY, USA', NULL, 'New York', NULL, NULL, 'United States', '-74.0059728', '40.7127753', NULL, '2024-11-19 14:21:58', '2024-11-19 14:21:58', NULL),
(23, 232, 'Hershey, PA, USA', NULL, 'Hershey', NULL, NULL, 'United States', '-76.65024679999999', '40.2859239', NULL, '2024-11-22 21:57:49', '2024-11-22 21:57:49', NULL),
(24, 233, 'Hershey, PA, USA', NULL, 'Hershey', NULL, NULL, 'United States', '-76.65024679999999', '40.2859239', NULL, '2024-11-22 22:02:32', '2024-11-22 22:02:32', NULL),
(25, 224, 'thakur', NULL, NULL, NULL, NULL, NULL, '45454', '5454', NULL, '2024-11-25 07:01:29', '2024-11-25 07:22:16', NULL),
(26, 234, 'Staten Island, NY, USA', NULL, NULL, NULL, NULL, 'United States', '-74.1502007', '40.5795317', NULL, '2024-11-25 20:32:46', '2025-01-29 16:23:53', NULL),
(27, 236, '602 Marlborough Gate, Milton Keynes MK9 3XS, UK', NULL, NULL, NULL, 'MK9 3XS', 'United Kingdom', '-0.7486110999999999', '52.0419444', NULL, '2024-11-28 13:14:29', '2024-11-28 13:14:29', NULL),
(28, 222, 'thakur', '204', NULL, NULL, NULL, NULL, '45454', '5454', NULL, '2024-12-03 06:23:22', '2024-12-25 04:30:25', NULL),
(29, 15, 'thakur', '204', NULL, NULL, NULL, NULL, '45454', '5454', NULL, '2024-12-04 12:17:12', '2024-12-16 06:49:42', NULL),
(30, 238, 'Valencia, Spain', NULL, 'Valencia', NULL, NULL, 'Spain', '-0.3756348', '39.4738338', NULL, '2024-12-06 11:11:49', '2024-12-06 11:11:49', NULL),
(36, 246, 'Warren, PA 16365, USA', NULL, 'Warren', NULL, '16365', 'United States', '-79.1450445', '41.8439486', NULL, '2025-01-04 01:04:07', '2025-01-04 01:04:07', NULL),
(37, 247, 'France', NULL, NULL, NULL, NULL, 'France', '2.213749', '46.227638', NULL, '2025-01-06 13:21:08', '2025-01-06 13:21:08', NULL),
(39, 250, 'Warren, PA 16365, USA', NULL, 'Warren', NULL, '16365', 'United States', '-79.1450445', '41.8439486', NULL, '2025-01-10 21:32:14', '2025-01-10 21:32:14', NULL),
(40, 251, 'Warren, PA 16365, USA', NULL, 'Warren', NULL, '16365', 'United States', '-79.1450445', '41.8439486', NULL, '2025-01-13 18:40:56', '2025-01-13 18:40:56', NULL),
(41, 252, 'Warren, PA 16365, USA', NULL, 'Warren', NULL, '16365', 'United States', '-79.1450445', '41.8439486', NULL, '2025-01-13 19:40:39', '2025-01-13 19:40:39', NULL),
(42, 253, 'Mauritius', NULL, NULL, NULL, NULL, 'Mauritius', '57.55215200000001', '-20.348404', NULL, '2025-01-14 10:56:32', '2025-01-14 10:56:32', NULL),
(43, 255, 'Warren, PA 16365, USA', NULL, 'Warren', NULL, '16365', 'United States', '-79.1450445', '41.8439486', NULL, '2025-01-14 13:32:39', '2025-01-14 13:32:39', NULL),
(44, 249, 'Vietnam', NULL, NULL, NULL, NULL, 'Vietnam', '108.277199', '14.058324', NULL, '2025-01-15 07:05:52', '2025-01-15 07:32:17', NULL),
(47, 254, '108 School St, Bradford, PA 16701, USA', NULL, 'Bradford', NULL, '16701', 'United States', '-78.6565174', '41.9597556', NULL, '2025-01-20 20:05:48', '2025-01-20 20:05:48', NULL),
(49, 263, 'Warren, PA 16365, USA', NULL, 'Warren', NULL, '16365', 'United States', '-79.1450445', '41.8439486', NULL, '2025-01-21 21:26:40', '2025-01-21 21:26:40', NULL),
(50, 258, 'Sahibzada Ajit Singh Nagar, Punjab, India', NULL, 'Sahibzada Ajit Singh Nagar', NULL, NULL, 'India', '76.71787259999999', '30.7046486', NULL, '2025-01-24 11:34:15', '2025-01-24 11:34:15', NULL),
(51, 266, 'Chandigarh, India', NULL, 'Chandigarh', NULL, NULL, 'India', '76.7794179', '30.7333148', NULL, '2025-01-28 10:24:14', '2025-01-28 10:24:14', NULL),
(52, 267, '100 S Sable Blvd, Aurora, CO 80012, USA', NULL, 'Aurora', NULL, '80012', 'United States', '-104.818077', '39.7154928', NULL, '2025-01-29 07:44:43', '2025-01-29 07:44:43', NULL),
(53, 268, 'Staten Island, NY, USA', NULL, NULL, NULL, NULL, 'United States', '-74.1502007', '40.5795317', NULL, '2025-01-29 18:48:08', '2025-01-29 18:48:08', NULL),
(54, 269, '9 Glenwood St, Warren, PA 16365, USA', NULL, 'Warren', NULL, '16365', 'United States', '-79.1358095', '41.8454146', NULL, '2025-01-30 22:36:56', '2025-01-30 22:36:56', NULL),
(59, 279, '108 Nolan Dr, Allegany, NY 14706, USA', NULL, 'Allegany', NULL, '14706', 'United States', '-78.4855291', '42.089726', NULL, '2025-04-07 13:26:59', '2025-04-07 13:26:59', NULL),
(60, 274, 'Bali, Indonesia', NULL, NULL, NULL, NULL, 'Indonesia', '115.188916', '-8.4095178', NULL, '2025-04-08 09:33:31', '2025-04-25 07:19:00', NULL),
(63, 283, 'Sajjan Rao Circle, Food St, Vishweshwarapura, Basavanagudi, Bengaluru, Karnataka 560004, India', NULL, 'Bengaluru', NULL, '560004', 'India', '77.5777413', '12.9509166', NULL, '2025-04-10 12:24:15', '2025-04-10 12:24:15', NULL),
(64, 285, 'Durham, UK', NULL, 'Durham', NULL, NULL, 'United Kingdom', '-1.584852', '54.77525', NULL, '2025-04-15 20:33:09', '2025-04-15 20:33:09', NULL),
(67, 288, 'Morganville, NJ 07751, USA', NULL, 'Marlboro Township', NULL, '07751', 'United States', '-74.2413102', '40.3828811', NULL, '2025-04-17 20:51:28', '2025-04-17 20:51:28', NULL),
(68, 290, 'Bellerose, NY 11001, USA', NULL, 'Bellerose', NULL, '11001', 'United States', '-73.71540139999999', '40.72437070000001', NULL, '2025-04-18 16:33:54', '2025-04-18 19:58:19', NULL),
(70, 293, 'India', NULL, NULL, NULL, NULL, 'India', '78.96288', '20.593684', NULL, '2025-04-23 09:38:41', '2025-04-23 09:38:41', NULL),
(71, NULL, 'Shahbad, Haryana 136135, India', NULL, 'Shahbad', NULL, '136135', 'India', '76.8697232', '30.1557114', NULL, '2025-04-25 07:28:39', '2025-04-25 07:28:39', NULL),
(76, 299, '123 Grant St, Warren, PA 16365, USA', NULL, 'Warren', NULL, '16365', 'United States', '-79.1247372', '41.8366076', NULL, '2025-05-01 14:09:35', '2025-05-01 14:09:35', NULL),
(77, 300, '123 Grant St, Warren, PA 16365, USA', NULL, 'Warren', NULL, '16365', 'United States', '-79.1247372', '41.8366076', NULL, '2025-05-01 14:14:13', '2025-05-01 14:14:13', NULL),
(80, NULL, 'Washington, DC, USA', NULL, 'Washington', NULL, NULL, 'United States', '-77.0368707', '38.9071923', NULL, '2025-05-02 08:17:32', '2025-05-02 08:17:32', NULL),
(81, 75, 'Balarba, Cemal Bey Cd. No:110, 34844 Maltepe/stanbul, Trkiye', NULL, NULL, NULL, '34844', 'Trkiye', '29.1492971', '40.9268215', NULL, '2025-05-02 13:04:09', '2025-05-02 13:04:09', NULL);

-- --------------------------------------------------------

--
-- Table structure for table `user_phones`
--

CREATE TABLE `user_phones` (
  `id` int NOT NULL,
  `phone_no` varchar(255) DEFAULT NULL,
  `otp` int DEFAULT NULL,
  `is_verified` tinyint(1) NOT NULL DEFAULT '0',
  `created_at` datetime NOT NULL DEFAULT CURRENT_TIMESTAMP,
  `updated_at` datetime DEFAULT CURRENT_TIMESTAMP ON UPDATE CURRENT_TIMESTAMP,
  `deleted_at` datetime DEFAULT NULL
) ENGINE=InnoDB DEFAULT CHARSET=utf8mb4 COLLATE=utf8mb4_0900_ai_ci;

-- --------------------------------------------------------

--
-- Table structure for table `user_pics`
--

CREATE TABLE `user_pics` (
  `id` int NOT NULL,
  `user_id` int DEFAULT NULL,
  `photo` text,
  `is_photo_verified` tinyint(1) DEFAULT NULL,
  `created_at` datetime NOT NULL,
  `updated_at` datetime NOT NULL,
  `deleted_at` datetime DEFAULT NULL
) ENGINE=InnoDB DEFAULT CHARSET=utf8mb4 COLLATE=utf8mb4_0900_ai_ci;

--
-- Dumping data for table `user_pics`
--

INSERT INTO `user_pics` (`id`, `user_id`, `photo`, `is_photo_verified`, `created_at`, `updated_at`, `deleted_at`) VALUES
(1, 11, 'https://cadooga-react-native-app.s3.us-east-2.amazonaws.com/1732178035655_Download%20from%20pngedits.com%20-%2042.png', NULL, '2024-11-21 08:33:55', '2024-11-21 08:33:55', NULL),
(4, 11, 'https://cadooga-react-native-app.s3.us-east-2.amazonaws.com/1732182593938_Download%20from%20pngedits.com%20-%2042.png', NULL, '2024-11-21 09:49:54', '2024-11-21 09:49:54', NULL),
(116, 232, 'https://cadooga-react-native-app.s3.us-east-2.amazonaws.com/1732312698433_3EA9011A-CBBF-4A40-A5B6-C53F4F783A9C.jpg', NULL, '2024-11-22 21:58:18', '2024-11-22 21:58:18', NULL),
(117, 232, 'https://cadooga-react-native-app.s3.us-east-2.amazonaws.com/1732312708415_3EAF12C8-3188-4D10-9210-8ED4403E8D8A.jpg', NULL, '2024-11-22 21:58:28', '2024-11-22 21:58:28', NULL),
(118, 232, 'https://cadooga-react-native-app.s3.us-east-2.amazonaws.com/1732312717104_01DCCD6B-21DE-4B4D-B534-3BF02F6B570C.jpg', NULL, '2024-11-22 21:58:37', '2024-11-22 21:58:37', NULL),
(119, 232, 'https://cadooga-react-native-app.s3.us-east-2.amazonaws.com/1732312727300_E31CD26F-40A0-4100-A316-A301314176E1.jpg', NULL, '2024-11-22 21:58:47', '2024-11-22 21:58:47', NULL),
(120, 232, 'https://cadooga-react-native-app.s3.us-east-2.amazonaws.com/1732312735087_70E652F3-D367-44F1-9ACB-A7BF2C811280.jpg', NULL, '2024-11-22 21:58:55', '2024-11-22 21:58:55', NULL),
(121, 233, 'https://cadooga-react-native-app.s3.us-east-2.amazonaws.com/1732312977312_1000000527.png', NULL, '2024-11-22 22:02:57', '2024-11-22 22:02:57', NULL),
(122, 233, 'https://cadooga-react-native-app.s3.us-east-2.amazonaws.com/1732312989948_1000000525.png', NULL, '2024-11-22 22:03:10', '2024-11-22 22:03:10', NULL),
(123, 233, 'https://cadooga-react-native-app.s3.us-east-2.amazonaws.com/1732312995007_1000000524.png', NULL, '2024-11-22 22:03:15', '2024-11-22 22:03:15', NULL),
(124, 233, 'https://cadooga-react-native-app.s3.us-east-2.amazonaws.com/1732313005134_1000000556.jpg', NULL, '2024-11-22 22:03:25', '2024-11-22 22:03:25', NULL),
(126, 233, 'https://cadooga-react-native-app.s3.us-east-2.amazonaws.com/1732313044683_1000000492.png', NULL, '2024-11-22 22:04:04', '2024-11-22 22:04:04', NULL),
(137, 236, 'https://cadooga-react-native-app.s3.us-east-2.amazonaws.com/1732799694620_076F8458-6CC3-47FB-98C2-34D5E4DDE580.jpg', NULL, '2024-11-28 13:14:54', '2024-11-28 13:14:54', NULL),
(138, 236, 'https://cadooga-react-native-app.s3.us-east-2.amazonaws.com/1732799696331_7574A1F8-5029-41C4-99C0-3F0631C2E211.jpg', NULL, '2024-11-28 13:14:56', '2024-11-28 13:14:56', NULL),
(139, 236, 'https://cadooga-react-native-app.s3.us-east-2.amazonaws.com/1732799697284_D16DA729-DD5A-4878-AE3B-5D393E631606.jpg', NULL, '2024-11-28 13:14:57', '2024-11-28 13:14:57', NULL),
(140, 236, 'https://cadooga-react-native-app.s3.us-east-2.amazonaws.com/1732799698595_0D723F8B-0C35-4BD7-A85A-602427EA64EE.jpg', NULL, '2024-11-28 13:14:58', '2024-11-28 13:14:58', NULL),
(141, 236, 'https://cadooga-react-native-app.s3.us-east-2.amazonaws.com/1732799698661_BE46500D-450A-4FE1-9F6C-ADB2272BABB6.jpg', NULL, '2024-11-28 13:14:58', '2024-11-28 13:14:58', NULL),
(148, 238, 'https://cadooga-react-native-app.s3.us-east-2.amazonaws.com/1733483698018_CEA3DB7E-9CD6-4A9A-9567-FA0F665162FE.jpg', NULL, '2024-12-06 11:14:58', '2024-12-06 11:14:58', NULL),
(149, 238, 'https://cadooga-react-native-app.s3.us-east-2.amazonaws.com/1733484267338_0E16C805-C6D2-43CD-A60F-5DFDED34A4A0.jpg', NULL, '2024-12-06 11:24:27', '2024-12-06 11:24:27', NULL),
(160, 219, 'https://cadooga-react-native-app.s3.us-east-2.amazonaws.com/1733513540244_81657DE0-CB08-4DB3-9C3A-E5D403A4DE37.jpg', NULL, '2024-12-06 19:32:20', '2024-12-06 19:32:20', NULL),
(161, 219, 'https://cadooga-react-native-app.s3.us-east-2.amazonaws.com/1733513567098_B8B4483A-69B3-4420-936F-B6A7C1B63161.jpg', NULL, '2024-12-06 19:32:47', '2024-12-06 19:32:47', NULL),
(162, 219, 'https://cadooga-react-native-app.s3.us-east-2.amazonaws.com/1733513582499_D04D47FE-D840-41D4-A24A-43C0FC57BB20.jpg', NULL, '2024-12-06 19:33:02', '2024-12-06 19:33:02', NULL),
(172, 247, 'https://cadooga-react-native-app.s3.us-east-2.amazonaws.com/1736169730678_rn_image_picker_lib_temp_10c9e0a9-852c-4067-97e9-f6e8a3b42f62.jpg', NULL, '2025-01-06 13:22:10', '2025-01-06 13:22:10', NULL),
(177, 250, 'https://cadooga-react-native-app.s3.us-east-2.amazonaws.com/1736544837787_9EEBDD9F-EEC5-4F0B-8A29-D3D36BD9AD80.jpg', NULL, '2025-01-10 21:33:57', '2025-01-10 21:33:57', NULL),
(178, 250, 'https://cadooga-react-native-app.s3.us-east-2.amazonaws.com/1736544851715_D3555DCD-51A4-43D2-B7C3-D53626E8BAF9.jpg', NULL, '2025-01-10 21:34:11', '2025-01-10 21:34:11', NULL),
(180, 250, 'https://cadooga-react-native-app.s3.us-east-2.amazonaws.com/1736544876233_7CAFA9DF-2E91-4E40-A35A-6B558C777551.jpg', NULL, '2025-01-10 21:34:36', '2025-01-10 21:34:36', NULL),
(181, 250, 'https://cadooga-react-native-app.s3.us-east-2.amazonaws.com/1736544894515_6149C742-BF1E-44FD-BA52-754446BE1B3C.jpg', NULL, '2025-01-10 21:34:54', '2025-01-10 21:34:54', NULL),
(182, 219, 'https://cadooga-react-native-app.s3.us-east-2.amazonaws.com/1736794193570_rn_image_picker_lib_temp_635be6d5-9a7c-4fa6-a4ae-a0e745e72b47.jpg', NULL, '2025-01-13 18:49:53', '2025-01-13 18:49:53', NULL),
(183, 251, 'https://cadooga-react-native-app.s3.us-east-2.amazonaws.com/1736794265426_rn_image_picker_lib_temp_f16ac023-f4f1-46b9-8493-7baa513bf698.jpg', NULL, '2025-01-13 18:51:05', '2025-01-13 18:51:05', NULL),
(184, 251, 'https://cadooga-react-native-app.s3.us-east-2.amazonaws.com/1736794278040_rn_image_picker_lib_temp_3146ad12-030f-4c96-ab87-d5c4c3423e9d.jpg', NULL, '2025-01-13 18:51:18', '2025-01-13 18:51:18', NULL),
(186, 251, 'https://cadooga-react-native-app.s3.us-east-2.amazonaws.com/1736794332826_rn_image_picker_lib_temp_324b6420-3c65-425b-8427-9e1f653a436d.jpg', NULL, '2025-01-13 18:52:12', '2025-01-13 18:52:12', NULL),
(190, 251, 'https://cadooga-react-native-app.s3.us-east-2.amazonaws.com/1736806938019_rn_image_picker_lib_temp_a2618864-e02f-414e-ab68-8f84f2c5cd81.jpg', NULL, '2025-01-13 22:22:18', '2025-01-13 22:22:18', NULL),
(193, 253, 'https://cadooga-react-native-app.s3.us-east-2.amazonaws.com/1736852232574_rn_image_picker_lib_temp_2d8ee61f-b3f1-4889-bb05-78f58a64c4a4.jpg', NULL, '2025-01-14 10:57:12', '2025-01-14 10:57:12', NULL),
(195, 253, 'https://cadooga-react-native-app.s3.us-east-2.amazonaws.com/1736854134758_rn_image_picker_lib_temp_da730c5a-3a37-471e-81ff-7aa03287a56d.jpg', NULL, '2025-01-14 11:28:54', '2025-01-14 11:28:54', NULL),
(196, 255, 'https://cadooga-react-native-app.s3.us-east-2.amazonaws.com/1736861922046_E52B23C0-FCC5-46D1-9E1F-820344FB97DB.jpg', NULL, '2025-01-14 13:38:42', '2025-01-14 13:38:42', NULL),
(197, 255, 'https://cadooga-react-native-app.s3.us-east-2.amazonaws.com/1736861930994_FAC50461-BBD2-4923-ABDC-42556454F145.png', NULL, '2025-01-14 13:38:51', '2025-01-14 13:38:51', NULL),
(199, 249, 'https://cadooga-react-native-app.s3.us-east-2.amazonaws.com/1736926248726_C85435FE-8B15-4703-8C2F-C69DE7FB1B19.jpg', NULL, '2025-01-15 07:30:48', '2025-01-15 07:30:48', NULL),
(219, 219, 'https://cadooga-react-native-app.s3.us-east-2.amazonaws.com/1737411274803_7DC4410C-751D-4BEE-8EBA-B514322CA171.jpg', NULL, '2025-01-20 22:14:34', '2025-01-20 22:14:34', NULL),
(223, 263, 'https://cadooga-react-native-app.s3.us-east-2.amazonaws.com/1737494822794_rn_image_picker_lib_temp_785a1b2b-c0be-4471-8265-ba02a94c675f.jpg', NULL, '2025-01-21 21:27:02', '2025-01-21 21:27:02', NULL),
(224, 258, 'https://cadooga-react-native-app.s3.us-east-2.amazonaws.com/1737718495839_76348CDD-0EDF-4E91-9A86-2C994F7A0F2B.jpg', NULL, '2025-01-24 11:34:55', '2025-01-24 11:34:55', NULL),
(225, 1, 'https://cadooga-react-native-app.s3.us-east-2.amazonaws.com/1737956345354_logo.png', NULL, '2025-01-27 05:39:05', '2025-01-27 05:39:05', NULL),
(226, 1, 'https://cadooga-react-native-app.s3.us-east-2.amazonaws.com/1737970191457_PM.png', NULL, '2025-01-27 09:29:51', '2025-01-27 09:29:51', NULL),
(227, 1, 'https://cadooga-react-native-app.s3.us-east-2.amazonaws.com/1737975016915_PM.png', NULL, '2025-01-27 10:50:17', '2025-01-27 10:50:17', NULL),
(228, 266, 'https://cadooga-react-native-app.s3.us-east-2.amazonaws.com/1738059952234_B0880661-04F9-479F-9789-84A45FC37EC5.jpg', NULL, '2025-01-28 10:25:52', '2025-01-28 10:25:52', NULL),
(229, 266, 'https://cadooga-react-native-app.s3.us-east-2.amazonaws.com/1738059975886_D3CE0CEC-8706-496E-9983-AF20CBFE73E5.jpg', NULL, '2025-01-28 10:26:16', '2025-01-28 10:26:16', NULL),
(230, 267, 'https://cadooga-react-native-app.s3.us-east-2.amazonaws.com/1738136716265_552A8083-20E0-43A4-8F77-FE6FEAB915E3.jpg', NULL, '2025-01-29 07:45:16', '2025-01-29 07:45:16', NULL),
(231, 234, 'https://cadooga-react-native-app.s3.us-east-2.amazonaws.com/1738175435081_8BB8A315-5594-4683-BC43-1A4A28C9FA46.jpg', NULL, '2025-01-29 18:30:35', '2025-01-29 18:30:35', NULL),
(232, 234, 'https://cadooga-react-native-app.s3.us-east-2.amazonaws.com/1738175472086_59EB69A8-2AFE-43F2-8D4E-A04192C493CA.jpg', NULL, '2025-01-29 18:31:12', '2025-01-29 18:31:12', NULL),
(233, 234, 'https://cadooga-react-native-app.s3.us-east-2.amazonaws.com/1738175510503_23585CEA-BE62-4BE2-AA39-A919FE5BA926.jpg', NULL, '2025-01-29 18:31:50', '2025-01-29 18:31:50', NULL),
(234, 234, 'https://cadooga-react-native-app.s3.us-east-2.amazonaws.com/1738175541056_1DAEADA7-0773-4411-A022-0181302E177C.jpg', NULL, '2025-01-29 18:32:21', '2025-01-29 18:32:21', NULL),
(235, 234, 'https://cadooga-react-native-app.s3.us-east-2.amazonaws.com/1738175717100_311367D6-6349-4781-BC84-15E51A67D75C.jpg', NULL, '2025-01-29 18:35:17', '2025-01-29 18:35:17', NULL),
(236, 268, 'https://cadooga-react-native-app.s3.us-east-2.amazonaws.com/1738185222844_67CF7C01-84E8-431B-AA11-5F3681FF0BF9.jpg', NULL, '2025-01-29 21:13:43', '2025-01-29 21:13:43', NULL),
(237, 268, 'https://cadooga-react-native-app.s3.us-east-2.amazonaws.com/1738185320852_E368F866-60D7-45C7-AC79-A39D1A57EF9B.jpg', NULL, '2025-01-29 21:15:20', '2025-01-29 21:15:20', NULL),
(238, 269, 'https://cadooga-react-native-app.s3.us-east-2.amazonaws.com/1738276667884_rn_image_picker_lib_temp_e8c0f256-cbd2-44df-91d7-2932b235ecd8.jpg', NULL, '2025-01-30 22:37:47', '2025-01-30 22:37:47', NULL),
(239, 269, 'https://cadooga-react-native-app.s3.us-east-2.amazonaws.com/1738276683781_1000000690.jpg', NULL, '2025-01-30 22:38:03', '2025-01-30 22:38:03', NULL),
(240, 269, 'https://cadooga-react-native-app.s3.us-east-2.amazonaws.com/1738276718618_rn_image_picker_lib_temp_50415c30-9bfd-4d14-ab3a-7fdbee7ab8b0.jpg', NULL, '2025-01-30 22:38:38', '2025-01-30 22:38:38', NULL),
(260, 279, 'https://cadooga-react-native-app.s3.us-east-2.amazonaws.com/1744032455282_45B4177F-E5CB-43E4-AE7D-055D7EEAA132.png', NULL, '2025-04-07 13:27:35', '2025-04-07 13:27:35', NULL),
(261, 279, 'https://cadooga-react-native-app.s3.us-east-2.amazonaws.com/1744032464933_A9AE7541-0D83-4E69-A7B8-F942818EE113.jpg', NULL, '2025-04-07 13:27:45', '2025-04-07 13:27:45', NULL),
(262, 279, 'https://cadooga-react-native-app.s3.us-east-2.amazonaws.com/1744032474526_6051C4E5-05A5-4617-B76F-B79BBD2B34EC.jpg', NULL, '2025-04-07 13:27:54', '2025-04-07 13:27:54', NULL),
(263, 279, 'https://cadooga-react-native-app.s3.us-east-2.amazonaws.com/1744032485636_D3A0CEC0-250D-42D6-A062-515E0DD72EE9.jpg', NULL, '2025-04-07 13:28:05', '2025-04-07 13:28:05', NULL),
(264, 279, 'https://cadooga-react-native-app.s3.us-east-2.amazonaws.com/1744032511532_741B9EB0-12B1-44D8-9E62-38E8CC0BE6EE.jpg', NULL, '2025-04-07 13:28:31', '2025-04-07 13:28:31', NULL),
(265, 274, 'https://cadooga-react-native-app.s3.us-east-2.amazonaws.com/1744104869944_95D77CDA-5C91-49B3-82B6-A696F54D981B.jpg', NULL, '2025-04-08 09:34:30', '2025-04-08 09:34:30', NULL),
(276, 1, 'https://cadooga-react-native-app.s3.us-east-2.amazonaws.com/1744261475646_image%20%281%29.png', NULL, '2025-04-10 05:04:35', '2025-04-10 05:04:35', NULL),
(277, 1, 'https://cadooga-react-native-app.s3.us-east-2.amazonaws.com/1744261511537_Screenshot%202025-03-10%20at%203.23.42%E2%80%AFPM.png', NULL, '2025-04-10 05:05:11', '2025-04-10 05:05:11', NULL),
(278, 1, 'https://cadooga-react-native-app.s3.us-east-2.amazonaws.com/1744261520174_Screenshot%202025-03-10%20at%203.23.42%E2%80%AFPM.png', NULL, '2025-04-10 05:05:20', '2025-04-10 05:05:20', NULL),
(279, 1, 'https://cadooga-react-native-app.s3.us-east-2.amazonaws.com/1744261610504_Screenshot%202025-03-10%20at%203.23.42%E2%80%AFPM.png', NULL, '2025-04-10 05:05:27', '2025-04-10 05:06:50', NULL),
(285, 283, 'https://cadooga-react-native-app.s3.us-east-2.amazonaws.com/1744287888759_1000000239.jpg', NULL, '2025-04-10 12:24:48', '2025-04-10 12:24:48', NULL),
(286, 283, 'https://cadooga-react-native-app.s3.us-east-2.amazonaws.com/1744287948819_1000000229.jpg', NULL, '2025-04-10 12:25:48', '2025-04-10 12:25:48', NULL),
(287, 283, 'https://cadooga-react-native-app.s3.us-east-2.amazonaws.com/1744288000724_1000000231.jpg', NULL, '2025-04-10 12:26:40', '2025-04-10 12:26:40', NULL),
(288, 283, 'https://cadooga-react-native-app.s3.us-east-2.amazonaws.com/1744288035981_1000000231.jpg', NULL, '2025-04-10 12:27:16', '2025-04-10 12:27:16', NULL),
(289, 283, 'https://cadooga-react-native-app.s3.us-east-2.amazonaws.com/1744288108591_rn_image_picker_lib_temp_4d4fdc6a-cf8b-40e0-ae4c-d0f52a05378a.jpg', NULL, '2025-04-10 12:28:28', '2025-04-10 12:28:28', NULL),
(290, 285, 'https://cadooga-react-native-app.s3.us-east-2.amazonaws.com/1744749282965_91520405-5C94-495F-B9F9-447B7D778A8F.jpg', NULL, '2025-04-15 20:34:43', '2025-04-15 20:34:43', NULL),
(291, 285, 'https://cadooga-react-native-app.s3.us-east-2.amazonaws.com/1744749313954_DDAAF170-5AEB-4AAC-A177-373A836F50CF.jpg', NULL, '2025-04-15 20:35:14', '2025-04-15 20:35:14', NULL),
(302, 288, 'https://cadooga-react-native-app.s3.us-east-2.amazonaws.com/1744923218900_9175645C-D35A-41F2-BAB4-87CD576F1D25.png', NULL, '2025-04-17 20:53:39', '2025-04-17 20:53:39', NULL),
(304, 290, 'https://cadooga-react-native-app.s3.us-east-2.amazonaws.com/1744994152307_A59AB230-17B6-4D86-ACB4-D9FAEBABB45A.jpg', NULL, '2025-04-18 16:35:52', '2025-04-18 16:35:52', NULL),
(305, 290, 'https://cadooga-react-native-app.s3.us-east-2.amazonaws.com/1744994182005_D57FE361-786D-47EC-AFAE-509C2507C68F.jpg', NULL, '2025-04-18 16:36:22', '2025-04-18 16:36:22', NULL),
(306, 290, 'https://cadooga-react-native-app.s3.us-east-2.amazonaws.com/1744995046021_755291F6-323F-4941-9EF4-1FAC9ABEFF10.jpg', NULL, '2025-04-18 16:50:46', '2025-04-18 16:50:46', NULL),
(316, 293, 'https://cadooga-react-native-app.s3.us-east-2.amazonaws.com/1745401422417_2EB2EC4D-E559-4514-BBDE-0DBA36A00F38.jpg', NULL, '2025-04-23 09:43:42', '2025-04-23 09:43:42', NULL),
(317, NULL, 'https://cadooga-react-native-app.s3.us-east-2.amazonaws.com/1745566173224_587AC993-5B2A-4640-B257-C5D8DAC45EA4.jpg', NULL, '2025-04-25 07:29:33', '2025-04-25 07:29:33', NULL),
(328, 293, 'https://cadooga-react-native-app.s3.us-east-2.amazonaws.com/1745848728523_D0ACBB4A-0ED1-4227-8F20-60D12BA90F3C.png', NULL, '2025-04-28 13:58:48', '2025-04-28 13:58:48', NULL),
(330, 290, 'https://cadooga-react-native-app.s3.us-east-2.amazonaws.com/1745877956634_283B650D-1F16-4430-B635-50D26A97D655.jpg', NULL, '2025-04-28 22:05:56', '2025-04-28 22:05:56', NULL),
(331, 290, 'https://cadooga-react-native-app.s3.us-east-2.amazonaws.com/1745878007019_F4A6D619-AEF6-40E3-B256-0672BD84A23C.jpg', NULL, '2025-04-28 22:06:47', '2025-04-28 22:06:47', NULL),
(333, 299, 'https://cadooga-react-native-app.s3.us-east-2.amazonaws.com/1746108613559_98EA78DB-F979-4E06-9D6F-D32B2E264367.jpg', NULL, '2025-05-01 14:10:13', '2025-05-01 14:10:13', NULL),
(334, 299, 'https://cadooga-react-native-app.s3.us-east-2.amazonaws.com/1746108630634_8764A432-A71C-4224-932B-F7073E74B7AE.jpg', NULL, '2025-05-01 14:10:30', '2025-05-01 14:10:30', NULL),
(335, 299, 'https://cadooga-react-native-app.s3.us-east-2.amazonaws.com/1746108642791_0B6266CC-53A7-4E59-8039-44C1BBF82DAD.jpg', NULL, '2025-05-01 14:10:42', '2025-05-01 14:10:42', NULL),
(336, 299, 'https://cadooga-react-native-app.s3.us-east-2.amazonaws.com/1746108648774_3ACAC214-0DDA-4C7C-A700-0839D82E87DF.jpg', NULL, '2025-05-01 14:10:48', '2025-05-01 14:10:48', NULL),
(337, 299, 'https://cadooga-react-native-app.s3.us-east-2.amazonaws.com/1746108658263_A6B8F794-104E-466F-8C74-0994E27A8470.jpg', NULL, '2025-05-01 14:10:58', '2025-05-01 14:10:58', NULL),
(338, 300, 'https://cadooga-react-native-app.s3.us-east-2.amazonaws.com/1746108913762_rn_image_picker_lib_temp_36e07965-4ebf-422a-ba76-dc0ca155b366.jpg', NULL, '2025-05-01 14:15:13', '2025-05-01 14:15:13', NULL),
(339, 300, 'https://cadooga-react-native-app.s3.us-east-2.amazonaws.com/1746108931945_rn_image_picker_lib_temp_4b053d7e-d259-4b00-9e50-1d28b30df82f.jpg', NULL, '2025-05-01 14:15:32', '2025-05-01 14:15:32', NULL),
(340, 300, 'https://cadooga-react-native-app.s3.us-east-2.amazonaws.com/1746108943221_rn_image_picker_lib_temp_09c62d2c-cd6b-4d97-a813-cbddfdb770ef.jpg', NULL, '2025-05-01 14:15:43', '2025-05-01 14:15:43', NULL),
(341, 300, 'https://cadooga-react-native-app.s3.us-east-2.amazonaws.com/1746108951167_rn_image_picker_lib_temp_d5176b64-9bad-4fc8-a596-c0d9da1c50ca.jpg', NULL, '2025-05-01 14:15:51', '2025-05-01 14:15:51', NULL),
(342, 300, 'https://cadooga-react-native-app.s3.us-east-2.amazonaws.com/1746108960882_rn_image_picker_lib_temp_11e7f10c-cc4f-4389-9bf5-741fd4da9e83.jpg', NULL, '2025-05-01 14:16:01', '2025-05-01 14:16:01', NULL),
(345, NULL, 'https://cadooga-react-native-app.s3.us-east-2.amazonaws.com/1746173891272_B6582F23-B9C5-44E4-96E1-AC29AD3426E0.jpg', NULL, '2025-05-02 08:18:11', '2025-05-02 08:18:11', NULL),
(346, 75, 'https://cadooga-react-native-app.s3.us-east-2.amazonaws.com/1746191075528_D705BA1A-A33A-4528-AEA0-07C7745589D4.jpg', NULL, '2025-05-02 13:04:35', '2025-05-02 13:04:35', NULL);

-- --------------------------------------------------------

--
-- Table structure for table `user_profiles`
--

CREATE TABLE `user_profiles` (
  `id` int NOT NULL,
  `user_id` int DEFAULT NULL,
  `otp` int DEFAULT NULL,
  `expire_at` varchar(255) DEFAULT NULL,
  `dob` datetime DEFAULT NULL,
  `address` text,
  `security_code` varchar(255) DEFAULT NULL,
  `email_otp` varchar(255) DEFAULT NULL,
  `phone_code` varchar(255) DEFAULT NULL,
  `is_verified` tinyint(1) DEFAULT '0',
  `phone_no` varchar(255) DEFAULT NULL,
  `profile_photo` text,
  `is_biometric` tinyint(1) NOT NULL DEFAULT '0',
  `is_email_verified` tinyint(1) NOT NULL DEFAULT '0',
  `created_at` datetime NOT NULL DEFAULT CURRENT_TIMESTAMP,
  `updated_at` datetime DEFAULT CURRENT_TIMESTAMP ON UPDATE CURRENT_TIMESTAMP,
  `deleted_at` datetime DEFAULT NULL
) ENGINE=InnoDB DEFAULT CHARSET=utf8mb4 COLLATE=utf8mb4_0900_ai_ci;

-- --------------------------------------------------------

--
-- Table structure for table `user_socials`
--

CREATE TABLE `user_socials` (
  `id` int NOT NULL,
  `user_id` int DEFAULT NULL,
  `facebook` varchar(255) DEFAULT NULL,
  `instagram` text,
  `x_handle` varchar(255) DEFAULT NULL,
  `tiktok` varchar(255) DEFAULT NULL,
  `snapchat` varchar(255) DEFAULT NULL,
  `theliveapp` varchar(255) DEFAULT NULL,
  `linkedin` varchar(255) DEFAULT NULL,
  `spotify` varchar(255) DEFAULT NULL,
  `pitnerest` varchar(255) DEFAULT NULL,
  `created_at` datetime NOT NULL,
  `updated_at` datetime NOT NULL,
  `deleted_at` datetime DEFAULT NULL
) ENGINE=InnoDB DEFAULT CHARSET=utf8mb4 COLLATE=utf8mb4_0900_ai_ci;

--
-- Dumping data for table `user_socials`
--

INSERT INTO `user_socials` (`id`, `user_id`, `facebook`, `instagram`, `x_handle`, `tiktok`, `snapchat`, `theliveapp`, `linkedin`, `spotify`, `pitnerest`, `created_at`, `updated_at`, `deleted_at`) VALUES
(2, 6, 'yes', 'khdfsdjhskdj', 'sdhdjkhjkshkd', 'yup', '', '', '', '', '', '2024-11-08 10:30:06', '2024-12-25 04:51:58', NULL),
(4, 76, NULL, NULL, NULL, NULL, '@Sae', NULL, NULL, NULL, NULL, '2024-11-08 11:00:36', '2024-11-08 11:11:34', NULL),
(5, 213, NULL, NULL, 'Shjsjd', 'Djdjdj', '@Ghjj', 'X ndnd', NULL, 'Shsjjehs', 'Dhhdjdjs', '2024-11-11 06:27:40', '2024-11-11 06:28:23', NULL),
(7, 233, NULL, NULL, NULL, NULL, '@Seth', NULL, NULL, NULL, NULL, '2024-11-22 22:09:07', '2024-11-22 22:10:55', NULL),
(8, 219, '', '', '', 'Testy', '@St8thegreat', '', '', '', '', '2024-11-22 22:09:09', '2025-01-20 22:15:40', NULL),
(9, 224, '', '', 'sdhdjkhjkshkd', 'yup', '', 'yesee', '', '', '', '2024-11-25 07:01:29', '2024-11-25 07:22:16', NULL),
(10, 222, 'yes', 'khdfsdjhskdj', 'sdhdjkhjkshkd', 'yup', '', '', '', '', '', '2024-12-03 06:23:22', '2024-12-25 04:30:25', NULL),
(11, 15, 'yes', 'khdfsdjhskdj', 'sdhdjkhjkshkd', 'yup', '', '', '', '', '', '2024-12-04 12:17:12', '2024-12-16 06:49:42', NULL),
(14, 216, '', '', 'Erywu', 'Sdf', '@Devanshu', 'Wrtyuqe', '', 'Etyr', 'Ryut', '2025-01-07 06:44:59', '2025-01-07 07:10:56', NULL),
(15, 251, '', '', 'Yo', 'Yoyo', '', 'Yoyoyo', '', 'Yo', 'Yoyo', '2025-01-13 19:12:35', '2025-01-13 19:25:06', NULL),
(16, 252, '', '', '', '', '', '', '', '', 'Yoyoyo', '2025-01-13 19:41:31', '2025-01-13 19:41:31', NULL),
(17, 234, '', '', '', 'gina_debellis', '', '', '', '', '', '2025-01-29 18:37:17', '2025-05-06 14:43:46', NULL);

-- --------------------------------------------------------

--
-- Table structure for table `zodiac_signs`
--

CREATE TABLE `zodiac_signs` (
  `id` int NOT NULL,
  `name` varchar(255) DEFAULT NULL,
  `start_date` varchar(255) NOT NULL,
  `end_date` varchar(255) NOT NULL,
  `traits` text,
  `image_url` text,
  `created_at` datetime NOT NULL,
  `updated_at` datetime NOT NULL,
  `deleted_at` datetime DEFAULT NULL
) ENGINE=InnoDB DEFAULT CHARSET=utf8mb4 COLLATE=utf8mb4_0900_ai_ci;

--
-- Dumping data for table `zodiac_signs`
--

INSERT INTO `zodiac_signs` (`id`, `name`, `start_date`, `end_date`, `traits`, `image_url`, `created_at`, `updated_at`, `deleted_at`) VALUES
(1, 'Aries', '03-21', '04-19', 'Bold, energetic, ambitious, impulsive, competitive', '/images/aries.png', '2025-04-24 06:08:22', '2025-04-24 06:08:22', NULL),
(2, 'Taurus', '04-20', '05-20', 'Reliable, patient, practical, determined, stubborn', '/images/taurus.png', '2025-04-24 06:08:22', '2025-04-24 06:08:22', NULL),
(3, 'Gemini', '05-21', '06-20', 'Versatile, curious, witty, expressive, superficial', '/images/gemini.png', '2025-04-24 06:08:22', '2025-04-24 06:08:22', NULL),
(4, 'Cancer', '06-21', '07-22', 'Nurturing, sensitive, intuitive, emotional, cautious', '/images/cancer.png', '2025-04-24 06:08:22', '2025-04-24 06:08:22', NULL),
(5, 'Leo', '07-23', '08-22', 'Confident, generous, charismatic, dramatic, arrogant', '/images/leo.png', '2025-04-24 06:08:22', '2025-04-24 06:08:22', NULL),
(6, 'Virgo', '08-23', '09-22', 'Practical, meticulous, reliable, intelligent, critical', '/images/virgo.png', '2025-04-24 06:08:22', '2025-04-24 06:08:22', NULL),
(7, 'Libra', '09-23', '10-22', 'Diplomatic, charming, cooperative, indecisive, superficial', '/images/libra.png', '2025-04-24 06:08:22', '2025-04-24 06:08:22', NULL),
(8, 'Scorpio', '10-23', '11-21', 'Passionate, determined, secretive, intense, jealous', '/images/scorpio.png', '2025-04-24 06:08:22', '2025-04-24 06:08:22', NULL),
(9, 'Sagittarius', '11-22', '12-21', 'Optimistic, adventurous, philosophical, careless, tactless', '/images/sagittarius.png', '2025-04-24 06:08:22', '2025-04-24 06:08:22', NULL),
(10, 'Capricorn', '12-22', '01-19', 'Ambitious, disciplined, patient, practical, pessimistic', '/images/capricorn.png', '2025-04-24 06:08:22', '2025-04-24 06:08:22', NULL),
(11, 'Aquarius', '01-20', '02-18', 'Independent, progressive, humanitarian, unpredictable, aloof', '/images/aquarius.png', '2025-04-24 06:08:22', '2025-04-24 06:08:22', NULL),
(12, 'Pisces', '02-19', '03-20', 'Compassionate, artistic, intuitive, gentle, escapist', '/images/pisces.png', '2025-04-24 06:08:22', '2025-04-24 06:08:22', NULL);

--
-- Indexes for dumped tables
--

--
-- Indexes for table `2fa_authentications`
--
ALTER TABLE `2fa_authentications`
  ADD PRIMARY KEY (`id`),
  ADD KEY `user_id` (`user_id`);

--
-- Indexes for table `api_tokens`
--
ALTER TABLE `api_tokens`
  ADD PRIMARY KEY (`id`),
  ADD KEY `api_tokens_ibfk_1` (`user_id`);

--
-- Indexes for table `notifications`
--
ALTER TABLE `notifications`
  ADD PRIMARY KEY (`id`),
  ADD KEY `notifications_ibfk_1` (`user_id`);

--
-- Indexes for table `permissions`
--
ALTER TABLE `permissions`
  ADD PRIMARY KEY (`id`),
  ADD KEY `user_id` (`user_id`);

--
-- Indexes for table `posts`
--
ALTER TABLE `posts`
  ADD PRIMARY KEY (`id`),
  ADD KEY `user_id` (`user_id`);

--
-- Indexes for table `profile_links`
--
ALTER TABLE `profile_links`
  ADD PRIMARY KEY (`id`),
  ADD KEY `profile_links_ibfk_1` (`user_id`);

--
-- Indexes for table `request_logs`
--
ALTER TABLE `request_logs`
  ADD PRIMARY KEY (`id`);

--
-- Indexes for table `search_histories`
--
ALTER TABLE `search_histories`
  ADD PRIMARY KEY (`id`);

--
-- Indexes for table `SequelizeMeta`
--
ALTER TABLE `SequelizeMeta`
  ADD PRIMARY KEY (`name`),
  ADD UNIQUE KEY `name` (`name`);

--
-- Indexes for table `settings`
--
ALTER TABLE `settings`
  ADD PRIMARY KEY (`id`);

--
-- Indexes for table `social_status`
--
ALTER TABLE `social_status`
  ADD PRIMARY KEY (`id`),
  ADD KEY `social_status_ibfk_1` (`user_id`);

--
-- Indexes for table `subscriptions`
--
ALTER TABLE `subscriptions`
  ADD PRIMARY KEY (`id`),
  ADD KEY `user_id` (`user_id`);

--
-- Indexes for table `users`
--
ALTER TABLE `users`
  ADD PRIMARY KEY (`id`);

--
-- Indexes for table `user_addresses`
--
ALTER TABLE `user_addresses`
  ADD PRIMARY KEY (`id`),
  ADD KEY `user_addresses_ibfk_1` (`user_id`);

--
-- Indexes for table `user_phones`
--
ALTER TABLE `user_phones`
  ADD PRIMARY KEY (`id`);

--
-- Indexes for table `user_pics`
--
ALTER TABLE `user_pics`
  ADD PRIMARY KEY (`id`),
  ADD KEY `user_pics_ibfk_1` (`user_id`);

--
-- Indexes for table `user_profiles`
--
ALTER TABLE `user_profiles`
  ADD PRIMARY KEY (`id`),
  ADD KEY `user_id` (`user_id`);

--
-- Indexes for table `user_socials`
--
ALTER TABLE `user_socials`
  ADD PRIMARY KEY (`id`),
  ADD KEY `user_socials_ibfk_1` (`user_id`);

--
-- Indexes for table `zodiac_signs`
--
ALTER TABLE `zodiac_signs`
  ADD PRIMARY KEY (`id`);

--
-- AUTO_INCREMENT for dumped tables
--

--
-- AUTO_INCREMENT for table `2fa_authentications`
--
ALTER TABLE `2fa_authentications`
  MODIFY `id` int NOT NULL AUTO_INCREMENT;

--
-- AUTO_INCREMENT for table `api_tokens`
--
ALTER TABLE `api_tokens`
  MODIFY `id` int NOT NULL AUTO_INCREMENT, AUTO_INCREMENT=301;

--
-- AUTO_INCREMENT for table `notifications`
--
ALTER TABLE `notifications`
  MODIFY `id` int NOT NULL AUTO_INCREMENT, AUTO_INCREMENT=595;

--
-- AUTO_INCREMENT for table `permissions`
--
ALTER TABLE `permissions`
  MODIFY `id` int NOT NULL AUTO_INCREMENT;

--
-- AUTO_INCREMENT for table `posts`
--
ALTER TABLE `posts`
  MODIFY `id` int NOT NULL AUTO_INCREMENT;

--
-- AUTO_INCREMENT for table `profile_links`
--
ALTER TABLE `profile_links`
  MODIFY `id` int NOT NULL AUTO_INCREMENT, AUTO_INCREMENT=88;

--
-- AUTO_INCREMENT for table `request_logs`
--
ALTER TABLE `request_logs`
  MODIFY `id` int NOT NULL AUTO_INCREMENT;

--
-- AUTO_INCREMENT for table `search_histories`
--
ALTER TABLE `search_histories`
  MODIFY `id` int NOT NULL AUTO_INCREMENT, AUTO_INCREMENT=677;

--
-- AUTO_INCREMENT for table `settings`
--
ALTER TABLE `settings`
  MODIFY `id` int NOT NULL AUTO_INCREMENT;

--
-- AUTO_INCREMENT for table `social_status`
--
ALTER TABLE `social_status`
  MODIFY `id` int NOT NULL AUTO_INCREMENT, AUTO_INCREMENT=261;

--
-- AUTO_INCREMENT for table `subscriptions`
--
ALTER TABLE `subscriptions`
  MODIFY `id` int NOT NULL AUTO_INCREMENT, AUTO_INCREMENT=41;

--
-- AUTO_INCREMENT for table `users`
--
ALTER TABLE `users`
  MODIFY `id` int NOT NULL AUTO_INCREMENT, AUTO_INCREMENT=304;

--
-- AUTO_INCREMENT for table `user_addresses`
--
ALTER TABLE `user_addresses`
  MODIFY `id` int NOT NULL AUTO_INCREMENT, AUTO_INCREMENT=82;

--
-- AUTO_INCREMENT for table `user_phones`
--
ALTER TABLE `user_phones`
  MODIFY `id` int NOT NULL AUTO_INCREMENT;

--
-- AUTO_INCREMENT for table `user_pics`
--
ALTER TABLE `user_pics`
  MODIFY `id` int NOT NULL AUTO_INCREMENT, AUTO_INCREMENT=347;

--
-- AUTO_INCREMENT for table `user_profiles`
--
ALTER TABLE `user_profiles`
  MODIFY `id` int NOT NULL AUTO_INCREMENT;

--
-- AUTO_INCREMENT for table `user_socials`
--
ALTER TABLE `user_socials`
  MODIFY `id` int NOT NULL AUTO_INCREMENT, AUTO_INCREMENT=19;

--
-- AUTO_INCREMENT for table `zodiac_signs`
--
ALTER TABLE `zodiac_signs`
  MODIFY `id` int NOT NULL AUTO_INCREMENT, AUTO_INCREMENT=13;

--
-- Constraints for dumped tables
--

--
-- Constraints for table `2fa_authentications`
--
ALTER TABLE `2fa_authentications`
  ADD CONSTRAINT `2fa_authentications_ibfk_1` FOREIGN KEY (`user_id`) REFERENCES `users` (`id`) ON DELETE CASCADE;

--
-- Constraints for table `api_tokens`
--
ALTER TABLE `api_tokens`
  ADD CONSTRAINT `api_tokens_ibfk_1` FOREIGN KEY (`user_id`) REFERENCES `users` (`id`) ON DELETE SET NULL ON UPDATE RESTRICT;

--
-- Constraints for table `notifications`
--
ALTER TABLE `notifications`
  ADD CONSTRAINT `notifications_ibfk_1` FOREIGN KEY (`user_id`) REFERENCES `users` (`id`) ON DELETE SET NULL ON UPDATE RESTRICT;

--
-- Constraints for table `permissions`
--
ALTER TABLE `permissions`
  ADD CONSTRAINT `permissions_ibfk_1` FOREIGN KEY (`user_id`) REFERENCES `users` (`id`) ON DELETE CASCADE;

--
-- Constraints for table `posts`
--
ALTER TABLE `posts`
  ADD CONSTRAINT `posts_ibfk_1` FOREIGN KEY (`user_id`) REFERENCES `users` (`id`) ON DELETE CASCADE;

--
-- Constraints for table `profile_links`
--
ALTER TABLE `profile_links`
  ADD CONSTRAINT `profile_links_ibfk_1` FOREIGN KEY (`user_id`) REFERENCES `users` (`id`) ON DELETE SET NULL ON UPDATE RESTRICT;

--
-- Constraints for table `social_status`
--
ALTER TABLE `social_status`
  ADD CONSTRAINT `social_status_ibfk_1` FOREIGN KEY (`user_id`) REFERENCES `users` (`id`) ON DELETE SET NULL ON UPDATE RESTRICT;

--
-- Constraints for table `subscriptions`
--
ALTER TABLE `subscriptions`
  ADD CONSTRAINT `subscriptions_ibfk_1` FOREIGN KEY (`user_id`) REFERENCES `users` (`id`) ON DELETE CASCADE;

--
-- Constraints for table `user_addresses`
--
ALTER TABLE `user_addresses`
  ADD CONSTRAINT `user_addresses_ibfk_1` FOREIGN KEY (`user_id`) REFERENCES `users` (`id`) ON DELETE SET NULL ON UPDATE RESTRICT;

--
-- Constraints for table `user_pics`
--
ALTER TABLE `user_pics`
  ADD CONSTRAINT `user_pics_ibfk_1` FOREIGN KEY (`user_id`) REFERENCES `users` (`id`) ON DELETE SET NULL ON UPDATE RESTRICT;

--
-- Constraints for table `user_profiles`
--
ALTER TABLE `user_profiles`
  ADD CONSTRAINT `user_profiles_ibfk_1` FOREIGN KEY (`user_id`) REFERENCES `users` (`id`) ON DELETE SET NULL;

--
-- Constraints for table `user_socials`
--
ALTER TABLE `user_socials`
  ADD CONSTRAINT `user_socials_ibfk_1` FOREIGN KEY (`user_id`) REFERENCES `users` (`id`) ON DELETE SET NULL ON UPDATE RESTRICT;
COMMIT;

/*!40101 SET CHARACTER_SET_CLIENT=@OLD_CHARACTER_SET_CLIENT */;
/*!40101 SET CHARACTER_SET_RESULTS=@OLD_CHARACTER_SET_RESULTS */;
/*!40101 SET COLLATION_CONNECTION=@OLD_COLLATION_CONNECTION */;
